timestamp,price
2024-11-08 11:10:00+00:00,76181.95376470589
2024-11-08 11:11:00+00:00,76181.28668536175
2024-11-08 11:12:00+00:00,76191.82116490166
2024-11-08 11:13:00+00:00,76146.19068415051
2024-11-08 11:14:00+00:00,76138.04589473685
2024-11-08 11:15:00+00:00,76133.5934076966
2024-11-08 11:16:00+00:00,76118.23804347827
2024-11-08 11:17:00+00:00,76118.27184308841
2024-11-08 11:18:00+00:00,76140.81769113151
2024-11-08 11:19:00+00:00,76173.1121137339
2024-11-08 11:20:00+00:00,76176.80758049678
2024-11-08 11:21:00+00:00,76197.55975700934
2024-11-08 11:22:00+00:00,76165.73908311345
2024-11-08 11:23:00+00:00,76174.11950947603
2024-11-08 11:24:00+00:00,76165.46044642858
2024-11-08 11:25:00+00:00,76160.33887309645
2024-11-08 11:26:00+00:00,76134.02299501868
2024-11-08 11:27:00+00:00,76117.94260557054
2024-11-08 11:28:00+00:00,76116.07397569444
2024-11-08 11:29:00+00:00,76136.94324462641
2024-11-08 11:30:00+00:00,76112.10114649682
2024-11-08 11:31:00+00:00,76091.23024667932
2024-11-08 11:32:00+00:00,76115.833194707
2024-11-08 11:33:00+00:00,76092.17920367533
2024-11-08 11:34:00+00:00,76085.39777777778
2024-11-08 11:35:00+00:00,76071.53538551401
2024-11-08 11:36:00+00:00,76065.61035087719
2024-11-08 11:37:00+00:00,76072.39332228666
2024-11-08 11:38:00+00:00,76069.87227941176
2024-11-08 11:39:00+00:00,76075.78896725441
2024-11-08 11:40:00+00:00,76093.15962845851
2024-11-08 11:41:00+00:00,76130.68495890411
2024-11-08 11:42:00+00:00,76154.53524239009
2024-11-08 11:43:00+00:00,76139.34733590734
2024-11-08 11:44:00+00:00,76115.38159165751
2024-11-08 11:45:00+00:00,76117.4037704918
2024-11-08 11:46:00+00:00,76112.97782881002
2024-11-08 11:47:00+00:00,76093.72806049822
2024-11-08 11:48:00+00:00,76089.5960591133
2024-11-08 11:49:00+00:00,76095.37018556701
2024-11-08 11:50:00+00:00,76118.5224212272
2024-11-08 11:51:00+00:00,76104.20576779026
2024-11-08 11:52:00+00:00,76086.84118733509
2024-11-08 11:53:00+00:00,76075.82739957716
2024-11-08 11:54:00+00:00,76066.78016601563
2024-11-08 11:55:00+00:00,76058.37906197655
2024-11-08 11:56:00+00:00,76043.083247652
2024-11-08 11:57:00+00:00,76021.61270209581
2024-11-08 11:58:00+00:00,76001.31737009544
2024-11-08 11:59:00+00:00,75949.32265882353
2024-11-08 12:00:00+00:00,75941.30017760237
2024-11-08 12:01:00+00:00,75946.99236588721
2024-11-08 12:02:00+00:00,75986.38938379612
2024-11-08 12:03:00+00:00,76003.04279069767
2024-11-08 12:04:00+00:00,76004.59739054291
2024-11-08 12:05:00+00:00,75972.76258695652
2024-11-08 12:06:00+00:00,76008.96233466934
2024-11-08 12:07:00+00:00,76035.09678571428
2024-11-08 12:08:00+00:00,76006.90237062592
2024-11-08 12:09:00+00:00,76006.30934226552
2024-11-08 12:10:00+00:00,75986.87996855345
2024-11-08 12:11:00+00:00,75969.51113785557
2024-11-08 12:12:00+00:00,75953.27032
2024-11-08 12:13:00+00:00,75952.04610894942
2024-11-08 12:14:00+00:00,75958.65158059468
2024-11-08 12:15:00+00:00,75994.0985243328
2024-11-08 12:16:00+00:00,76000.9527861771
2024-11-08 12:17:00+00:00,76031.594973822
2024-11-08 12:18:00+00:00,76008.02360759494
2024-11-08 12:19:00+00:00,76003.73470588235
2024-11-08 12:20:00+00:00,76014.19209395973
2024-11-08 12:21:00+00:00,76012.02079220778
2024-11-08 12:22:00+00:00,76001.71243458476
2024-11-08 12:23:00+00:00,76001.21696113075
2024-11-08 12:24:00+00:00,76003.48966604823
2024-11-08 12:25:00+00:00,76013.67517578125
2024-11-08 12:26:00+00:00,75995.32655252918
2024-11-08 12:27:00+00:00,75961.30229323308
2024-11-08 12:28:00+00:00,75946.70571776156
2024-11-08 12:29:00+00:00,75961.95031700288
2024-11-08 12:30:00+00:00,76011.22348608838
2024-11-08 12:31:00+00:00,76047.73976152623
2024-11-08 12:32:00+00:00,76068.73116953763
2024-11-08 12:33:00+00:00,76110.26356775299
2024-11-08 12:34:00+00:00,76119.81755064457
2024-11-08 12:35:00+00:00,76128.54110383065
2024-11-08 12:36:00+00:00,76145.95921238938
2024-11-08 12:37:00+00:00,76119.75258465012
2024-11-08 12:38:00+00:00,76111.04262076053
2024-11-08 12:39:00+00:00,76068.53684065935
2024-11-08 12:40:00+00:00,76000.49063687152
2024-11-08 12:41:00+00:00,75965.05293085656
2024-11-08 12:42:00+00:00,76023.64760404949
2024-11-08 12:43:00+00:00,76054.18444315992
2024-11-08 12:44:00+00:00,76074.60277286136
2024-11-08 12:45:00+00:00,76103.77757383967
2024-11-08 12:46:00+00:00,76157.0522324159
2024-11-08 12:47:00+00:00,76106.33013078471
2024-11-08 12:48:00+00:00,76082.40393624394
2024-11-08 12:49:00+00:00,76085.89627143923
2024-11-08 12:50:00+00:00,76028.81775124378
2024-11-08 12:51:00+00:00,76063.61493300853
2024-11-08 12:52:00+00:00,76075.31722516166
2024-11-08 12:53:00+00:00,76041.96258575197
2024-11-08 12:54:00+00:00,76036.93890510949
2024-11-08 12:55:00+00:00,76022.53276984126
2024-11-08 12:56:00+00:00,76039.83771398748
2024-11-08 12:57:00+00:00,76057.13568746214
2024-11-08 12:58:00+00:00,76080.4630583501
2024-11-08 12:59:00+00:00,76081.28289672543
2024-11-08 13:00:00+00:00,76041.29074600355
2024-11-08 13:01:00+00:00,75997.46567656766
2024-11-08 13:02:00+00:00,75992.14963047569
2024-11-08 13:03:00+00:00,76015.37233293791
2024-11-08 13:04:00+00:00,76045.18305524239
2024-11-08 13:05:00+00:00,76041.38377887789
2024-11-08 13:06:00+00:00,76064.61874125875
2024-11-08 13:07:00+00:00,76043.98259823008
2024-11-08 13:08:00+00:00,76013.71522670025
2024-11-08 13:09:00+00:00,75987.8195515695
2024-11-08 13:10:00+00:00,75935.68107909258
2024-11-08 13:11:00+00:00,75921.1521535326
2024-11-08 13:12:00+00:00,75886.13994652407
2024-11-08 13:13:00+00:00,75874.58443740095
2024-11-08 13:14:00+00:00,75905.94695461201
2024-11-08 13:15:00+00:00,75890.79516618498
2024-11-08 13:16:00+00:00,75923.73394645513
2024-11-08 13:17:00+00:00,75963.43588623666
2024-11-08 13:18:00+00:00,75982.60957350272
2024-11-08 13:19:00+00:00,75987.72174320524
2024-11-08 13:20:00+00:00,75952.36761609907
2024-11-08 13:21:00+00:00,75936.09867524116
2024-11-08 13:22:00+00:00,75933.1668463395
2024-11-08 13:23:00+00:00,75948.33544169611
2024-11-08 13:24:00+00:00,75938.96496868476
2024-11-08 13:25:00+00:00,75911.49191238417
2024-11-08 13:26:00+00:00,75873.40889079966
2024-11-08 13:27:00+00:00,75880.5504264871
2024-11-08 13:28:00+00:00,75904.43582018928
2024-11-08 13:29:00+00:00,75925.04958230958
2024-11-08 13:30:00+00:00,75903.93338968724
2024-11-08 13:31:00+00:00,75902.5611111111
2024-11-08 13:32:00+00:00,75898.35377697842
2024-11-08 13:33:00+00:00,75866.60201086957
2024-11-08 13:34:00+00:00,75861.59714689266
2024-11-08 13:35:00+00:00,75870.17270270271
2024-11-08 13:36:00+00:00,75931.51424875623
2024-11-08 13:37:00+00:00,75977.6321663778
2024-11-08 13:38:00+00:00,75947.31209651899
2024-11-08 13:39:00+00:00,75902.21329289429
2024-11-08 13:40:00+00:00,75900.7096749226
2024-11-08 13:41:00+00:00,75932.44646586345
2024-11-08 13:42:00+00:00,75941.80576923076
2024-11-08 13:43:00+00:00,75922.89505527639
2024-11-08 13:44:00+00:00,75944.22629943503
2024-11-08 13:45:00+00:00,76027.27492801048
2024-11-08 13:46:00+00:00,76101.29186119874
2024-11-08 13:47:00+00:00,76124.32307460437
2024-11-08 13:48:00+00:00,76105.90485397785
2024-11-08 13:49:00+00:00,76095.76898039217
2024-11-08 13:50:00+00:00,76106.63567320262
2024-11-08 13:51:00+00:00,76139.6769942748
2024-11-08 13:52:00+00:00,76140.67986807389
2024-11-08 13:53:00+00:00,76155.72113085623
2024-11-08 13:54:00+00:00,76178.79358299596
2024-11-08 13:55:00+00:00,76184.0587017411
2024-11-08 13:56:00+00:00,76205.3594883721
2024-11-08 13:57:00+00:00,76180.26069918698
2024-11-08 13:58:00+00:00,76238.12429599177
2024-11-08 13:59:00+00:00,76269.66493383743
2024-11-08 14:00:00+00:00,76269.36970650787
2024-11-08 14:01:00+00:00,76273.13701171137
2024-11-08 14:02:00+00:00,76240.2189909487
2024-11-08 14:03:00+00:00,76258.25298072805
2024-11-08 14:04:00+00:00,76210.9287496033
2024-11-08 14:05:00+00:00,76189.70482827278
2024-11-08 14:06:00+00:00,76217.71586937334
2024-11-08 14:07:00+00:00,76193.77256842105
2024-11-08 14:08:00+00:00,76236.07133084578
2024-11-08 14:09:00+00:00,76208.64496791933
2024-11-08 14:10:00+00:00,76172.18661971831
2024-11-08 14:11:00+00:00,76115.92307436919
2024-11-08 14:12:00+00:00,76102.75689234186
2024-11-08 14:13:00+00:00,76097.12234817813
2024-11-08 14:14:00+00:00,76056.17690941386
2024-11-08 14:15:00+00:00,76041.30791414418
2024-11-08 14:16:00+00:00,76050.12353224253
2024-11-08 14:17:00+00:00,76049.36736503856
2024-11-08 14:18:00+00:00,76031.22195238095
2024-11-08 14:19:00+00:00,76021.00526542324
2024-11-08 14:20:00+00:00,75999.16876954453
2024-11-08 14:21:00+00:00,76023.407065809
2024-11-08 14:22:00+00:00,76066.09989240507
2024-11-08 14:23:00+00:00,76040.69749213837
2024-11-08 14:24:00+00:00,76058.94338483145
2024-11-08 14:25:00+00:00,76082.65968737633
2024-11-08 14:26:00+00:00,76088.829609375
2024-11-08 14:27:00+00:00,76068.79859068627
2024-11-08 14:28:00+00:00,76077.6232947233
2024-11-08 14:29:00+00:00,76111.18716734694
2024-11-08 14:30:00+00:00,76144.6550259481
2024-11-08 14:31:00+00:00,76059.13043826578
2024-11-08 14:32:00+00:00,75999.60252699784
2024-11-08 14:33:00+00:00,76028.8414021164
2024-11-08 14:34:00+00:00,76074.4839437109
2024-11-08 14:35:00+00:00,76123.19062281723
2024-11-08 14:36:00+00:00,76183.05444561035
2024-11-08 14:37:00+00:00,76113.89816633923
2024-11-08 14:38:00+00:00,76000.61362547473
2024-11-08 14:39:00+00:00,75976.7386376953
2024-11-08 14:40:00+00:00,75988.8901474604
2024-11-08 14:41:00+00:00,75961.27333800841
2024-11-08 14:42:00+00:00,75923.54539839878
2024-11-08 14:43:00+00:00,75900.16541512916
2024-11-08 14:44:00+00:00,75758.02024158127
2024-11-08 14:45:00+00:00,75766.42650298607
2024-11-08 14:46:00+00:00,75766.62795848823
2024-11-08 14:47:00+00:00,75770.81851186659
2024-11-08 14:48:00+00:00,75673.076738584
2024-11-08 14:49:00+00:00,75697.19772364672
2024-11-08 14:50:00+00:00,75704.04885777655
2024-11-08 14:51:00+00:00,75766.84836401894
2024-11-08 14:52:00+00:00,75745.85987964988
2024-11-08 14:53:00+00:00,75737.59404793028
2024-11-08 14:54:00+00:00,75818.13812884694
2024-11-08 14:55:00+00:00,75800.75644327817
2024-11-08 14:56:00+00:00,75767.01221413277
2024-11-08 14:57:00+00:00,75711.73732889383
2024-11-08 14:58:00+00:00,75742.14714547677
2024-11-08 14:59:00+00:00,75753.91412539185
2024-11-08 15:00:00+00:00,75835.50293008413
2024-11-08 15:01:00+00:00,75866.64078618967
2024-11-08 15:02:00+00:00,75925.19315178215
2024-11-08 15:03:00+00:00,75940.68964359861
2024-11-08 15:04:00+00:00,75756.64031391987
2024-11-08 15:05:00+00:00,75681.73332107843
2024-11-08 15:06:00+00:00,75667.8314563438
2024-11-08 15:07:00+00:00,75662.67289326887
2024-11-08 15:08:00+00:00,75692.07718221363
2024-11-08 15:09:00+00:00,75785.74753417456
2024-11-08 15:10:00+00:00,75821.76836464088
2024-11-08 15:11:00+00:00,75780.74681344538
2024-11-08 15:12:00+00:00,75796.73674023768
2024-11-08 15:13:00+00:00,75812.93892913386
2024-11-08 15:14:00+00:00,75874.9063016529
2024-11-08 15:15:00+00:00,75850.0182462517
2024-11-08 15:16:00+00:00,75887.99744294908
2024-11-08 15:17:00+00:00,75925.77499553571
2024-11-08 15:18:00+00:00,75937.02302879292
2024-11-08 15:19:00+00:00,76066.52770509676
2024-11-08 15:20:00+00:00,76156.87901290323
2024-11-08 15:21:00+00:00,76194.96041284403
2024-11-08 15:22:00+00:00,76223.85060085836
2024-11-08 15:23:00+00:00,76278.93542742816
2024-11-08 15:24:00+00:00,76379.62329803046
2024-11-08 15:25:00+00:00,76385.30628283364
2024-11-08 15:26:00+00:00,76413.94111184646
2024-11-08 15:27:00+00:00,76455.81596459096
2024-11-08 15:28:00+00:00,76475.0422685737
2024-11-08 15:29:00+00:00,76412.52573268361
2024-11-08 15:30:00+00:00,76430.18951293248
2024-11-08 15:31:00+00:00,76521.20057457424
2024-11-08 15:32:00+00:00,76535.08933744722
2024-11-08 15:33:00+00:00,76513.1715731615
2024-11-08 15:34:00+00:00,76483.55377724931
2024-11-08 15:35:00+00:00,76457.9771614883
2024-11-08 15:36:00+00:00,76414.80553432413
2024-11-08 15:37:00+00:00,76403.62405376912
2024-11-08 15:38:00+00:00,76336.15052002225
2024-11-08 15:39:00+00:00,76357.11600232648
2024-11-08 15:40:00+00:00,76329.88042801556
2024-11-08 15:41:00+00:00,76413.85465187923
2024-11-08 15:42:00+00:00,76424.3751960425
2024-11-08 15:43:00+00:00,76376.70782693243
2024-11-08 15:44:00+00:00,76326.10822812846
2024-11-08 15:45:00+00:00,76214.0236455945
2024-11-08 15:46:00+00:00,76148.71086273617
2024-11-08 15:47:00+00:00,75988.52795369987
2024-11-08 15:48:00+00:00,76037.25295170551
2024-11-08 15:49:00+00:00,76082.25678158207
2024-11-08 15:50:00+00:00,76113.96318076029
2024-11-08 15:51:00+00:00,76161.52703177823
2024-11-08 15:52:00+00:00,76246.97580100574
2024-11-08 15:53:00+00:00,76278.5964420655
2024-11-08 15:54:00+00:00,76311.22050867743
2024-11-08 15:55:00+00:00,76270.90188421053
2024-11-08 15:56:00+00:00,76305.41672613307
2024-11-08 15:57:00+00:00,76349.11781477627
2024-11-08 15:58:00+00:00,76341.02609839817
2024-11-08 15:59:00+00:00,76396.98769191919
2024-11-08 16:00:00+00:00,76390.05382498624
2024-11-08 16:01:00+00:00,76353.08658733936
2024-11-08 16:02:00+00:00,76370.15066901408
2024-11-08 16:03:00+00:00,76348.05572513287
2024-11-08 16:04:00+00:00,76409.41869304133
2024-11-08 16:05:00+00:00,76492.64032731377
2024-11-08 16:06:00+00:00,76488.14747461928
2024-11-08 16:07:00+00:00,76433.40508910891
2024-11-08 16:08:00+00:00,76370.57448014019
2024-11-08 16:09:00+00:00,76294.61400491401
2024-11-08 16:10:00+00:00,76305.38403686088
2024-11-08 16:11:00+00:00,76253.98491976158
2024-11-08 16:12:00+00:00,76276.84571357533
2024-11-08 16:13:00+00:00,76316.31369140625
2024-11-08 16:14:00+00:00,76369.96185477506
2024-11-08 16:15:00+00:00,76277.6340899711
2024-11-08 16:16:00+00:00,76280.13151346332
2024-11-08 16:17:00+00:00,76316.47507479861
2024-11-08 16:18:00+00:00,76337.60527543424
2024-11-08 16:19:00+00:00,76364.44727833895
2024-11-08 16:20:00+00:00,76305.942548614
2024-11-08 16:21:00+00:00,76285.65435532996
2024-11-08 16:22:00+00:00,76280.00608747752
2024-11-08 16:23:00+00:00,76269.05154353562
2024-11-08 16:24:00+00:00,76223.08809912854
2024-11-08 16:25:00+00:00,76256.83132027795
2024-11-08 16:26:00+00:00,76265.45403626595
2024-11-08 16:27:00+00:00,76255.88527472527
2024-11-08 16:28:00+00:00,76207.7092783505
2024-11-08 16:29:00+00:00,76195.60715932914
2024-11-08 16:30:00+00:00,76170.27663405088
2024-11-08 16:31:00+00:00,76109.29765710799
2024-11-08 16:32:00+00:00,76020.06013911619
2024-11-08 16:33:00+00:00,75868.89073701843
2024-11-08 16:34:00+00:00,75899.3648541384
2024-11-08 16:35:00+00:00,75900.6840952381
2024-11-08 16:36:00+00:00,75884.86087941976
2024-11-08 16:37:00+00:00,75937.19930827068
2024-11-08 16:38:00+00:00,75971.51118037813
2024-11-08 16:39:00+00:00,75945.1308445146
2024-11-08 16:40:00+00:00,75990.26019230769
2024-11-08 16:41:00+00:00,75948.2487315378
2024-11-08 16:42:00+00:00,75928.51099871134
2024-11-08 16:43:00+00:00,75885.25309130913
2024-11-08 16:44:00+00:00,75872.28026553671
2024-11-08 16:45:00+00:00,75876.86225321889
2024-11-08 16:46:00+00:00,75883.03506805444
2024-11-08 16:47:00+00:00,75887.07499045802
2024-11-08 16:48:00+00:00,75890.43220946916
2024-11-08 16:49:00+00:00,75897.70021164021
2024-11-08 16:50:00+00:00,75976.60475497945
2024-11-08 16:51:00+00:00,76029.77205047318
2024-11-08 16:52:00+00:00,76088.37361240969
2024-11-08 16:53:00+00:00,76064.3037254902
2024-11-08 16:54:00+00:00,76055.00451401868
2024-11-08 16:55:00+00:00,76018.88583244964
2024-11-08 16:56:00+00:00,76029.77117893477
2024-11-08 16:57:00+00:00,76046.03843570057
2024-11-08 16:58:00+00:00,75945.63560209425
2024-11-08 16:59:00+00:00,75920.23088447654
2024-11-08 17:00:00+00:00,75928.72867710583
2024-11-08 17:01:00+00:00,75990.55095367848
2024-11-08 17:02:00+00:00,76006.11939944135
2024-11-08 17:03:00+00:00,76055.12682170542
2024-11-08 17:04:00+00:00,76065.98688000001
2024-11-08 17:05:00+00:00,75999.77898916967
2024-11-08 17:06:00+00:00,75943.22448400414
2024-11-08 17:07:00+00:00,75888.87119531732
2024-11-08 17:08:00+00:00,75866.68056654195
2024-11-08 17:09:00+00:00,75846.76746942617
2024-11-08 17:10:00+00:00,75867.91634002939
2024-11-08 17:11:00+00:00,75963.27827272727
2024-11-08 17:12:00+00:00,75917.22677280087
2024-11-08 17:13:00+00:00,75905.28175331296
2024-11-08 17:14:00+00:00,75898.88695954488
2024-11-08 17:15:00+00:00,75899.64241422075
2024-11-08 17:16:00+00:00,75846.54668693009
2024-11-08 17:17:00+00:00,75881.45859419466
2024-11-08 17:18:00+00:00,75951.1534894459
2024-11-08 17:19:00+00:00,76004.6094719897
2024-11-08 17:20:00+00:00,75989.329486427
2024-11-08 17:21:00+00:00,75956.08792817678
2024-11-08 17:22:00+00:00,75954.30863950808
2024-11-08 17:23:00+00:00,75885.59842847548
2024-11-08 17:24:00+00:00,75880.37308009909
2024-11-08 17:25:00+00:00,75921.03326037737
2024-11-08 17:26:00+00:00,75955.53007952287
2024-11-08 17:27:00+00:00,75949.2254386921
2024-11-08 17:28:00+00:00,75890.833175022
2024-11-08 17:29:00+00:00,75935.54921925133
2024-11-08 17:30:00+00:00,75918.28403397028
2024-11-08 17:31:00+00:00,75965.57649054143
2024-11-08 17:32:00+00:00,76019.5681309298
2024-11-08 17:33:00+00:00,76029.75422126081
2024-11-08 17:34:00+00:00,76197.75784894837
2024-11-08 17:35:00+00:00,76223.74614801865
2024-11-08 17:36:00+00:00,76224.04890289102
2024-11-08 17:37:00+00:00,76186.73400311526
2024-11-08 17:38:00+00:00,76221.82044766293
2024-11-08 17:39:00+00:00,76209.48017578125
2024-11-08 17:40:00+00:00,76217.70087872559
2024-11-08 17:41:00+00:00,76229.3825960265
2024-11-08 17:42:00+00:00,76200.69505582137
2024-11-08 17:43:00+00:00,76209.78853971962
2024-11-08 17:44:00+00:00,76245.47397765364
2024-11-08 17:45:00+00:00,76262.27816318486
2024-11-08 17:46:00+00:00,76307.3969106289
2024-11-08 17:47:00+00:00,76250.81474672738
2024-11-08 17:48:00+00:00,76252.39837516512
2024-11-08 17:49:00+00:00,76282.36308677099
2024-11-08 17:50:00+00:00,76293.05707155743
2024-11-08 17:51:00+00:00,76388.04599754451
2024-11-08 17:52:00+00:00,76466.45457674943
2024-11-08 17:53:00+00:00,76489.93665920955
2024-11-08 17:54:00+00:00,76490.34972052845
2024-11-08 17:55:00+00:00,76485.62707999999
2024-11-08 17:56:00+00:00,76510.34019675927
2024-11-08 17:57:00+00:00,76465.5687431024
2024-11-08 17:58:00+00:00,76445.34560994561
2024-11-08 17:59:00+00:00,76401.42402533427
2024-11-08 18:00:00+00:00,76389.05058008214
2024-11-08 18:01:00+00:00,76415.94827272727
2024-11-08 18:02:00+00:00,76466.90966666666
2024-11-08 18:03:00+00:00,76448.7566098081
2024-11-08 18:04:00+00:00,76427.95752238807
2024-11-08 18:05:00+00:00,76431.17767556875
2024-11-08 18:06:00+00:00,76435.10274127309
2024-11-08 18:07:00+00:00,76423.20371300449
2024-11-08 18:08:00+00:00,76396.10490084987
2024-11-08 18:09:00+00:00,76371.41444892473
2024-11-08 18:10:00+00:00,76371.11630000001
2024-11-08 18:11:00+00:00,76388.38640957446
2024-11-08 18:12:00+00:00,76398.19852216748
2024-11-08 18:13:00+00:00,76383.04023423423
2024-11-08 18:14:00+00:00,76397.83267379679
2024-11-08 18:15:00+00:00,76421.76904803494
2024-11-08 18:16:00+00:00,76462.40327334084
2024-11-08 18:17:00+00:00,76483.28193783069
2024-11-08 18:18:00+00:00,76462.94814754098
2024-11-08 18:19:00+00:00,76494.66846547315
2024-11-08 18:20:00+00:00,76507.08188477952
2024-11-08 18:21:00+00:00,76548.40720133668
2024-11-08 18:22:00+00:00,76572.05390207715
2024-11-08 18:23:00+00:00,76517.69503140266
2024-11-08 18:24:00+00:00,76435.920651357
2024-11-08 18:25:00+00:00,76408.97201707098
2024-11-08 18:26:00+00:00,76462.17217221134
2024-11-08 18:27:00+00:00,76527.31144853875
2024-11-08 18:28:00+00:00,76539.36321305842
2024-11-08 18:29:00+00:00,76565.18088480801
2024-11-08 18:30:00+00:00,76580.13056916997
2024-11-08 18:31:00+00:00,76575.54984231274
2024-11-08 18:32:00+00:00,76553.64097639485
2024-11-08 18:33:00+00:00,76627.65550714024
2024-11-08 18:34:00+00:00,76666.8983533569
2024-11-08 18:35:00+00:00,76732.37540343347
2024-11-08 18:36:00+00:00,76757.73597336715
2024-11-08 18:37:00+00:00,76798.77235795454
2024-11-08 18:38:00+00:00,76881.17553724247
2024-11-08 18:39:00+00:00,76961.04855904283
2024-11-08 18:40:00+00:00,76880.60589239332
2024-11-08 18:41:00+00:00,76778.49856631893
2024-11-08 18:42:00+00:00,76713.26999292453
2024-11-08 18:43:00+00:00,76681.10554455445
2024-11-08 18:44:00+00:00,76804.31233091113
2024-11-08 18:45:00+00:00,76804.22478436658
2024-11-08 18:46:00+00:00,76798.8961161786
2024-11-08 18:47:00+00:00,76829.19036867862
2024-11-08 18:48:00+00:00,76850.22761290323
2024-11-08 18:49:00+00:00,76820.52552401746
2024-11-08 18:50:00+00:00,76894.69525
2024-11-08 18:51:00+00:00,76884.24054136874
2024-11-08 18:52:00+00:00,76734.54602878916
2024-11-08 18:53:00+00:00,76724.47784352078
2024-11-08 18:54:00+00:00,76756.1522752809
2024-11-08 18:55:00+00:00,76753.03650874636
2024-11-08 18:56:00+00:00,76724.2850540258
2024-11-08 18:57:00+00:00,76777.20696170213
2024-11-08 18:58:00+00:00,76806.55969602146
2024-11-08 18:59:00+00:00,76822.84591708543
2024-11-08 19:00:00+00:00,76824.5158840304
2024-11-08 19:01:00+00:00,76841.83648736228
2024-11-08 19:02:00+00:00,76877.151218107
2024-11-08 19:03:00+00:00,76868.38104454686
2024-11-08 19:04:00+00:00,76899.40160633484
2024-11-08 19:05:00+00:00,76835.51342964824
2024-11-08 19:06:00+00:00,76826.59884274639
2024-11-08 19:07:00+00:00,76830.42994652406
2024-11-08 19:08:00+00:00,76814.7274630542
2024-11-08 19:09:00+00:00,76874.95048053528
2024-11-08 19:10:00+00:00,76882.72721568627
2024-11-08 19:11:00+00:00,76873.38693782383
2024-11-08 19:12:00+00:00,76923.37716923076
2024-11-08 19:13:00+00:00,76970.36389114954
2024-11-08 19:14:00+00:00,76966.74524475525
2024-11-08 19:15:00+00:00,76986.31897806813
2024-11-08 19:16:00+00:00,76958.09634014656
2024-11-08 19:17:00+00:00,76949.18583921016
2024-11-08 19:18:00+00:00,76934.78624625909
2024-11-08 19:19:00+00:00,76866.14668636868
2024-11-08 19:20:00+00:00,76861.95338683788
2024-11-08 19:21:00+00:00,76870.56483822424
2024-11-08 19:22:00+00:00,76882.28354748603
2024-11-08 19:23:00+00:00,76873.57336674529
2024-11-08 19:24:00+00:00,76911.77879310344
2024-11-08 19:25:00+00:00,76838.59138848573
2024-11-08 19:26:00+00:00,76860.05566870629
2024-11-08 19:27:00+00:00,76941.63797683398
2024-11-08 19:28:00+00:00,76963.30089552239
2024-11-08 19:29:00+00:00,76987.9937550471
2024-11-08 19:30:00+00:00,76993.57133266865
2024-11-08 19:31:00+00:00,76968.37125650558
2024-11-08 19:32:00+00:00,76963.58194261524
2024-11-08 19:33:00+00:00,76849.45758704061
2024-11-08 19:34:00+00:00,76767.87598399418
2024-11-08 19:35:00+00:00,76882.51287254902
2024-11-08 19:36:00+00:00,76893.16779166667
2024-11-08 19:37:00+00:00,76929.4138594755
2024-11-08 19:38:00+00:00,76951.10041908447
2024-11-08 19:39:00+00:00,76958.5865060241
2024-11-08 19:40:00+00:00,76966.6590461997
2024-11-08 19:41:00+00:00,77012.52662901308
2024-11-08 19:42:00+00:00,77116.61291990153
2024-11-08 19:43:00+00:00,77013.44925765766
2024-11-08 19:44:00+00:00,77049.67320165539
2024-11-08 19:45:00+00:00,77077.5546659815
2024-11-08 19:46:00+00:00,77121.73595950704
2024-11-08 19:47:00+00:00,77145.32374550213
2024-11-08 19:48:00+00:00,77145.05329192546
2024-11-08 19:49:00+00:00,77143.72317164179
2024-11-08 19:50:00+00:00,77099.46559583144
2024-11-08 19:51:00+00:00,77097.00076392572
2024-11-08 19:52:00+00:00,77054.16076194984
2024-11-08 19:53:00+00:00,77054.99898113208
2024-11-08 19:54:00+00:00,77052.81432510051
2024-11-08 19:55:00+00:00,77045.4683177109
2024-11-08 19:56:00+00:00,77091.42009085747
2024-11-08 19:57:00+00:00,77100.55492699011
2024-11-08 19:58:00+00:00,76992.8533275713
2024-11-08 19:59:00+00:00,76962.49382928276
2024-11-08 20:00:00+00:00,76917.3886018412
2024-11-08 20:01:00+00:00,76958.78285983954
2024-11-08 20:02:00+00:00,76915.08342338866
2024-11-08 20:03:00+00:00,76952.86608626199
2024-11-08 20:04:00+00:00,77012.51607113985
2024-11-08 20:05:00+00:00,76985.06501359926
2024-11-08 20:06:00+00:00,76995.95592198582
2024-11-08 20:07:00+00:00,77034.83686512758
2024-11-08 20:08:00+00:00,77023.14379078694
2024-11-08 20:09:00+00:00,77000.7933185448
2024-11-08 20:10:00+00:00,77031.53960750853
2024-11-08 20:11:00+00:00,77025.46702847708
2024-11-08 20:12:00+00:00,76900.24271036727
2024-11-08 20:13:00+00:00,76793.45465076661
2024-11-08 20:14:00+00:00,76764.34646297627
2024-11-08 20:15:00+00:00,76737.59140194175
2024-11-08 20:16:00+00:00,76659.31123650637
2024-11-08 20:17:00+00:00,76627.66876396649
2024-11-08 20:18:00+00:00,76702.36330067045
2024-11-08 20:19:00+00:00,76625.78297991071
2024-11-08 20:20:00+00:00,76611.79233965673
2024-11-08 20:21:00+00:00,76597.38977863864
2024-11-08 20:22:00+00:00,76545.38312531203
2024-11-08 20:23:00+00:00,76518.38331189711
2024-11-08 20:24:00+00:00,76510.73992231638
2024-11-08 20:25:00+00:00,76456.74581926515
2024-11-08 20:26:00+00:00,76481.99251525423
2024-11-08 20:27:00+00:00,76474.2981342547
2024-11-08 20:28:00+00:00,76500.93424064171
2024-11-08 20:29:00+00:00,76505.98810249307
2024-11-08 20:30:00+00:00,76441.57907473309
2024-11-08 20:31:00+00:00,76468.34358866737
2024-11-08 20:32:00+00:00,76488.41908235294
2024-11-08 20:33:00+00:00,76538.61212446351
2024-11-08 20:34:00+00:00,76562.9075609756
2024-11-08 20:35:00+00:00,76508.89455830389
2024-11-08 20:36:00+00:00,76504.65617363344
2024-11-08 20:37:00+00:00,76535.87573182248
2024-11-08 20:38:00+00:00,76611.43416274378
2024-11-08 20:39:00+00:00,76557.71441100602
2024-11-08 20:40:00+00:00,76514.62807313642
2024-11-08 20:41:00+00:00,76554.78275834657
2024-11-08 20:42:00+00:00,76606.77297256098
2024-11-08 20:43:00+00:00,76628.17093396226
2024-11-08 20:44:00+00:00,76619.32838461538
2024-11-08 20:45:00+00:00,76600.66326304106
2024-11-08 20:46:00+00:00,76546.7451858736
2024-11-08 20:47:00+00:00,76534.86344594594
2024-11-08 20:48:00+00:00,76539.33462290504
2024-11-08 20:49:00+00:00,76556.2937735849
2024-11-08 20:50:00+00:00,76546.9458125
2024-11-08 20:51:00+00:00,76535.0091221374
2024-11-08 20:52:00+00:00,76586.90462982273
2024-11-08 20:53:00+00:00,76552.11037760416
2024-11-08 20:54:00+00:00,76550.3777254509
2024-11-08 20:55:00+00:00,76537.66763125763
2024-11-08 20:56:00+00:00,76557.01013140604
2024-11-08 20:57:00+00:00,76564.82436809815
2024-11-08 20:58:00+00:00,76616.27605820107
2024-11-08 20:59:00+00:00,76672.07145409075
2024-11-08 21:00:00+00:00,76594.61127365357
2024-11-08 21:01:00+00:00,76637.8530882353
2024-11-08 21:02:00+00:00,76676.50684701493
2024-11-08 21:03:00+00:00,76634.72835221421
2024-11-08 21:04:00+00:00,76588.93752201258
2024-11-08 21:05:00+00:00,76632.94879137799
2024-11-08 21:06:00+00:00,76645.29948780488
2024-11-08 21:07:00+00:00,76668.97073883162
2024-11-08 21:08:00+00:00,76631.23572374645
2024-11-08 21:09:00+00:00,76660.61411300121
2024-11-08 21:10:00+00:00,76675.99961871751
2024-11-08 21:11:00+00:00,76652.47685303514
2024-11-08 21:12:00+00:00,76616.65286284953
2024-11-08 21:13:00+00:00,76587.37918719211
2024-11-08 21:14:00+00:00,76576.61407894736
2024-11-08 21:15:00+00:00,76512.09934697856
2024-11-08 21:16:00+00:00,76484.69363636363
2024-11-08 21:17:00+00:00,76489.99293762576
2024-11-08 21:18:00+00:00,76424.78310941829
2024-11-08 21:19:00+00:00,76439.21682795699
2024-11-08 21:20:00+00:00,76439.08395419848
2024-11-08 21:21:00+00:00,76433.2715417559
2024-11-08 21:22:00+00:00,76409.90028148147
2024-11-08 21:23:00+00:00,76423.68763610315
2024-11-08 21:24:00+00:00,76471.30243436754
2024-11-08 21:25:00+00:00,76457.90395985401
2024-11-08 21:26:00+00:00,76452.68385809314
2024-11-08 21:27:00+00:00,76433.59088042051
2024-11-08 21:28:00+00:00,76470.91417218544
2024-11-08 21:29:00+00:00,76438.4738150289
2024-11-08 21:30:00+00:00,76436.0980979827
2024-11-08 21:31:00+00:00,76430.80718905473
2024-11-08 21:32:00+00:00,76471.3475689223
2024-11-08 21:33:00+00:00,76483.19437665783
2024-11-08 21:34:00+00:00,76497.50705479452
2024-11-08 21:35:00+00:00,76593.24015748031
2024-11-08 21:36:00+00:00,76565.33457184325
2024-11-08 21:37:00+00:00,76549.38469458988
2024-11-08 21:38:00+00:00,76538.17164794006
2024-11-08 21:39:00+00:00,76505.25335106383
2024-11-08 21:40:00+00:00,76520.53615053763
2024-11-08 21:41:00+00:00,76547.48839108911
2024-11-08 21:42:00+00:00,76547.96552727273
2024-11-08 21:43:00+00:00,76508.31838966203
2024-11-08 21:44:00+00:00,76488.21409774436
2024-11-08 21:45:00+00:00,76509.74048780487
2024-11-08 21:46:00+00:00,76481.68182033097
2024-11-08 21:47:00+00:00,76491.49898839138
2024-11-08 21:48:00+00:00,76503.86273972603
2024-11-08 21:49:00+00:00,76468.50508317929
2024-11-08 21:50:00+00:00,76453.65792056074
2024-11-08 21:51:00+00:00,76460.7280173913
2024-11-08 21:52:00+00:00,76435.18536931818
2024-11-08 21:53:00+00:00,76428.38745762712
2024-11-08 21:54:00+00:00,76408.92311258278
2024-11-08 21:55:00+00:00,76452.83662109375
2024-11-08 21:56:00+00:00,76475.72570621468
2024-11-08 21:57:00+00:00,76476.41819727891
2024-11-08 21:58:00+00:00,76486.07273838631
2024-11-08 21:59:00+00:00,76497.5085078534
2024-11-08 22:00:00+00:00,76474.1164074074
2024-11-08 22:01:00+00:00,76456.75976320583
2024-11-08 22:02:00+00:00,76488.92238653002
2024-11-08 22:03:00+00:00,76523.3746460177
2024-11-08 22:04:00+00:00,76578.6436802974
2024-11-08 22:05:00+00:00,76595.65184027777
2024-11-08 22:06:00+00:00,76582.46149606298
2024-11-08 22:07:00+00:00,76569.09307101728
2024-11-08 22:08:00+00:00,76557.32872239748
2024-11-08 22:09:00+00:00,76551.53791907514
2024-11-08 22:10:00+00:00,76548.90847184986
2024-11-08 22:11:00+00:00,76578.50731182795
2024-11-08 22:12:00+00:00,76555.33737068965
2024-11-08 22:13:00+00:00,76536.19683284458
2024-11-08 22:14:00+00:00,76520.31529761905
2024-11-08 22:15:00+00:00,76484.90154264972
2024-11-08 22:16:00+00:00,76460.5392689295
2024-11-08 22:17:00+00:00,76440.55475703324
2024-11-08 22:18:00+00:00,76475.82178498986
2024-11-08 22:19:00+00:00,76499.25332460733
2024-11-08 22:20:00+00:00,76461.5686770428
2024-11-08 22:21:00+00:00,76444.46730263159
2024-11-08 22:22:00+00:00,76481.61962483829
2024-11-08 22:23:00+00:00,76567.48402920962
2024-11-08 22:24:00+00:00,76528.78675062972
2024-11-08 22:25:00+00:00,76580.46704952582
2024-11-08 22:26:00+00:00,76577.05227593152
2024-11-08 22:27:00+00:00,76546.85167235494
2024-11-08 22:28:00+00:00,76594.66650359712
2024-11-08 22:29:00+00:00,76617.16939473685
2024-11-08 22:30:00+00:00,76592.27217979316
2024-11-08 22:31:00+00:00,76616.07984210526
2024-11-08 22:32:00+00:00,76571.09809176225
2024-11-08 22:33:00+00:00,76521.71953020134
2024-11-08 22:34:00+00:00,76520.25323529412
2024-11-08 22:35:00+00:00,76500.80878612716
2024-11-08 22:36:00+00:00,76495.13546099291
2024-11-08 22:37:00+00:00,76511.1943368421
2024-11-08 22:38:00+00:00,76500.75521327014
2024-11-08 22:39:00+00:00,76502.91780788176
2024-11-08 22:40:00+00:00,76476.27657807308
2024-11-08 22:41:00+00:00,76481.41900000001
2024-11-08 22:42:00+00:00,76461.53758957655
2024-11-08 22:43:00+00:00,76446.26244498778
2024-11-08 22:44:00+00:00,76496.77636065574
2024-11-08 22:45:00+00:00,76464.50892473118
2024-11-08 22:46:00+00:00,76423.93931693988
2024-11-08 22:47:00+00:00,76415.90977941177
2024-11-08 22:48:00+00:00,76406.52369565217
2024-11-08 22:49:00+00:00,76427.41859195403
2024-11-08 22:50:00+00:00,76440.60483221477
2024-11-08 22:51:00+00:00,76414.49223796034
2024-11-08 22:52:00+00:00,76409.6835915493
2024-11-08 22:53:00+00:00,76358.35588706279
2024-11-08 22:54:00+00:00,76357.95217705511
2024-11-08 22:55:00+00:00,76369.70240585774
2024-11-08 22:56:00+00:00,76363.81999999999
2024-11-08 22:57:00+00:00,76354.09542857143
2024-11-08 22:58:00+00:00,76336.54696759259
2024-11-08 22:59:00+00:00,76330.6223831071
2024-11-08 23:00:00+00:00,76393.76964850615
2024-11-08 23:01:00+00:00,76399.99628985507
2024-11-08 23:02:00+00:00,76359.72729792148
2024-11-08 23:03:00+00:00,76329.4825531915
2024-11-08 23:04:00+00:00,76359.94892551893
2024-11-08 23:05:00+00:00,76387.30257911392
2024-11-08 23:06:00+00:00,76421.88140401147
2024-11-08 23:07:00+00:00,76427.39727118645
2024-11-08 23:08:00+00:00,76431.33378313253
2024-11-08 23:09:00+00:00,76431.31595289079
2024-11-08 23:10:00+00:00,76404.85984285714
2024-11-08 23:11:00+00:00,76423.13627145086
2024-11-08 23:12:00+00:00,76413.85800623054
2024-11-08 23:13:00+00:00,76408.52147757256
2024-11-08 23:14:00+00:00,76440.96665841584
2024-11-08 23:15:00+00:00,76422.00918622848
2024-11-08 23:16:00+00:00,76403.63187891441
2024-11-08 23:17:00+00:00,76426.30960848287
2024-11-08 23:18:00+00:00,76434.17367549668
2024-11-08 23:19:00+00:00,76444.1867400881
2024-11-08 23:20:00+00:00,76446.41111716621
2024-11-08 23:21:00+00:00,76441.99900596422
2024-11-08 23:22:00+00:00,76479.254
2024-11-08 23:23:00+00:00,76466.47976133651
2024-11-08 23:24:00+00:00,76434.1648081264
2024-11-08 23:25:00+00:00,76424.72410958905
2024-11-08 23:26:00+00:00,76419.71307692307
2024-11-08 23:27:00+00:00,76413.63108597284
2024-11-08 23:28:00+00:00,76396.81287735849
2024-11-08 23:29:00+00:00,76398.69359375
2024-11-08 23:30:00+00:00,76415.28629518072
2024-11-08 23:31:00+00:00,76421.77428571429
2024-11-08 23:32:00+00:00,76413.53782608696
2024-11-08 23:33:00+00:00,76389.3356060606
2024-11-08 23:34:00+00:00,76370.02079295153
2024-11-08 23:35:00+00:00,76369.66789719625
2024-11-08 23:36:00+00:00,76358.18872509961
2024-11-08 23:37:00+00:00,76354.5401863354
2024-11-08 23:38:00+00:00,76351.88155963302
2024-11-08 23:39:00+00:00,76375.5075462963
2024-11-08 23:40:00+00:00,76409.74381278538
2024-11-08 23:41:00+00:00,76449.58794354838
2024-11-08 23:42:00+00:00,76466.70535031847
2024-11-08 23:43:00+00:00,76463.93502857143
2024-11-08 23:44:00+00:00,76440.40022421525
2024-11-08 23:45:00+00:00,76457.2102762431
2024-11-08 23:46:00+00:00,76468.40517482517
2024-11-08 23:47:00+00:00,76469.9952027027
2024-11-08 23:48:00+00:00,76476.2732038835
2024-11-08 23:49:00+00:00,76492.25780780781
2024-11-08 23:50:00+00:00,76520.60864022664
2024-11-08 23:51:00+00:00,76505.9696969697
2024-11-08 23:52:00+00:00,76495.47961722488
2024-11-08 23:53:00+00:00,76498.31174358974
2024-11-08 23:54:00+00:00,76496.06896969698
2024-11-08 23:55:00+00:00,76499.19266129033
2024-11-08 23:56:00+00:00,76499.9935978836
2024-11-08 23:57:00+00:00,76511.13768115942
2024-11-08 23:58:00+00:00,76521.55899441341
2024-11-08 23:59:00+00:00,76511.83453987731
2024-11-09 00:00:00+00:00,76501.09459605027
2024-11-09 00:01:00+00:00,76475.29559550561
2024-11-09 00:02:00+00:00,76453.58551428572
2024-11-09 00:03:00+00:00,76461.20273322421
2024-11-09 00:04:00+00:00,76436.56649063033
2024-11-09 00:05:00+00:00,76432.24705093834
2024-11-09 00:06:00+00:00,76463.54171894604
2024-11-09 00:07:00+00:00,76491.52345047923
2024-11-09 00:08:00+00:00,76506.21121359224
2024-11-09 00:09:00+00:00,76535.01610169491
2024-11-09 00:10:00+00:00,76565.04771019678
2024-11-09 00:11:00+00:00,76565.37594017094
2024-11-09 00:12:00+00:00,76585.11229903538
2024-11-09 00:13:00+00:00,76593.95207207208
2024-11-09 00:14:00+00:00,76600.32640625
2024-11-09 00:15:00+00:00,76577.60086345382
2024-11-09 00:16:00+00:00,76554.69229110512
2024-11-09 00:17:00+00:00,76568.61388372093
2024-11-09 00:18:00+00:00,76559.87074695122
2024-11-09 00:19:00+00:00,76555.14623376624
2024-11-09 00:20:00+00:00,76555.60625336927
2024-11-09 00:21:00+00:00,76560.75616384916
2024-11-09 00:22:00+00:00,76561.30895043732
2024-11-09 00:23:00+00:00,76589.19929936306
2024-11-09 00:24:00+00:00,76607.05269503545
2024-11-09 00:25:00+00:00,76610.19068557919
2024-11-09 00:26:00+00:00,76593.28048076923
2024-11-09 00:27:00+00:00,76606.06983443709
2024-11-09 00:28:00+00:00,76576.44848229343
2024-11-09 00:29:00+00:00,76544.77565934065
2024-11-09 00:30:00+00:00,76534.31607038123
2024-11-09 00:31:00+00:00,76512.5244580777
2024-11-09 00:32:00+00:00,76488.91359605911
2024-11-09 00:33:00+00:00,76476.87825775656
2024-11-09 00:34:00+00:00,76447.19495762711
2024-11-09 00:35:00+00:00,76470.99565587734
2024-11-09 00:36:00+00:00,76487.9131498471
2024-11-09 00:37:00+00:00,76483.89996805112
2024-11-09 00:38:00+00:00,76503.2669117647
2024-11-09 00:39:00+00:00,76547.08669316376
2024-11-09 00:40:00+00:00,76608.30401010101
2024-11-09 00:41:00+00:00,76596.73716032608
2024-11-09 00:42:00+00:00,76577.96043360433
2024-11-09 00:43:00+00:00,76599.43868020305
2024-11-09 00:44:00+00:00,76618.97012658228
2024-11-09 00:45:00+00:00,76590.6650929368
2024-11-09 00:46:00+00:00,76553.95386324787
2024-11-09 00:47:00+00:00,76524.06596964586
2024-11-09 00:48:00+00:00,76488.74905426356
2024-11-09 00:49:00+00:00,76488.04766251729
2024-11-09 00:50:00+00:00,76471.44530443757
2024-11-09 00:51:00+00:00,76430.2260757156
2024-11-09 00:52:00+00:00,76414.28355648536
2024-11-09 00:53:00+00:00,76435.75859908883
2024-11-09 00:54:00+00:00,76443.14726577439
2024-11-09 00:55:00+00:00,76418.42986817325
2024-11-09 00:56:00+00:00,76411.50614379084
2024-11-09 00:57:00+00:00,76390.53959893048
2024-11-09 00:58:00+00:00,76434.84290526317
2024-11-09 00:59:00+00:00,76433.9081304348
2024-11-09 01:00:00+00:00,76419.32217550275
2024-11-09 01:01:00+00:00,76415.07330016584
2024-11-09 01:02:00+00:00,76449.86153271029
2024-11-09 01:03:00+00:00,76426.28770114943
2024-11-09 01:04:00+00:00,76398.96267973856
2024-11-09 01:05:00+00:00,76441.5786059744
2024-11-09 01:06:00+00:00,76465.1588235294
2024-11-09 01:07:00+00:00,76461.65552845529
2024-11-09 01:08:00+00:00,76470.77270114943
2024-11-09 01:09:00+00:00,76489.60760638298
2024-11-09 01:10:00+00:00,76504.04385638298
2024-11-09 01:11:00+00:00,76524.69884078212
2024-11-09 01:12:00+00:00,76526.98393881453
2024-11-09 01:13:00+00:00,76532.30027692308
2024-11-09 01:14:00+00:00,76518.99861271676
2024-11-09 01:15:00+00:00,76465.45758083832
2024-11-09 01:16:00+00:00,76391.55726415095
2024-11-09 01:17:00+00:00,76408.16468387097
2024-11-09 01:18:00+00:00,76404.82492385787
2024-11-09 01:19:00+00:00,76396.75667487684
2024-11-09 01:20:00+00:00,76384.73139269407
2024-11-09 01:21:00+00:00,76380.1537919463
2024-11-09 01:22:00+00:00,76377.43202166066
2024-11-09 01:23:00+00:00,76388.28923076924
2024-11-09 01:24:00+00:00,76384.19303157894
2024-11-09 01:25:00+00:00,76374.26906976744
2024-11-09 01:26:00+00:00,76385.96714285715
2024-11-09 01:27:00+00:00,76373.18277972027
2024-11-09 01:28:00+00:00,76355.01756838906
2024-11-09 01:29:00+00:00,76339.35706018518
2024-11-09 01:30:00+00:00,76292.65971763086
2024-11-09 01:31:00+00:00,76274.37989247312
2024-11-09 01:32:00+00:00,76329.79948051948
2024-11-09 01:33:00+00:00,76344.87824884793
2024-11-09 01:34:00+00:00,76308.59882037534
2024-11-09 01:35:00+00:00,76301.92853317811
2024-11-09 01:36:00+00:00,76347.43335978835
2024-11-09 01:37:00+00:00,76352.71077151336
2024-11-09 01:38:00+00:00,76346.33761565837
2024-11-09 01:39:00+00:00,76372.67699658703
2024-11-09 01:40:00+00:00,76386.92628117914
2024-11-09 01:41:00+00:00,76365.62397887325
2024-11-09 01:42:00+00:00,76383.21895189003
2024-11-09 01:43:00+00:00,76371.82085903083
2024-11-09 01:44:00+00:00,76390.917543036
2024-11-09 01:45:00+00:00,76411.47687763713
2024-11-09 01:46:00+00:00,76377.51390062111
2024-11-09 01:47:00+00:00,76350.81653198652
2024-11-09 01:48:00+00:00,76348.02645051194
2024-11-09 01:49:00+00:00,76340.39271012007
2024-11-09 01:50:00+00:00,76317.00348027842
2024-11-09 01:51:00+00:00,76301.35298440981
2024-11-09 01:52:00+00:00,76294.0413580247
2024-11-09 01:53:00+00:00,76275.114275
2024-11-09 01:54:00+00:00,76298.88644042233
2024-11-09 01:55:00+00:00,76279.985375
2024-11-09 01:56:00+00:00,76279.4594059406
2024-11-09 01:57:00+00:00,76285.24688495576
2024-11-09 01:58:00+00:00,76288.87951276102
2024-11-09 01:59:00+00:00,76309.01015999999
2024-11-09 02:00:00+00:00,76307.69354709418
2024-11-09 02:01:00+00:00,76246.2667162593
2024-11-09 02:02:00+00:00,76255.81945555557
2024-11-09 02:03:00+00:00,76262.661875
2024-11-09 02:04:00+00:00,76278.71431654677
2024-11-09 02:05:00+00:00,76291.7179539642
2024-11-09 02:06:00+00:00,76310.6596097561
2024-11-09 02:07:00+00:00,76306.318
2024-11-09 02:08:00+00:00,76319.72191650854
2024-11-09 02:09:00+00:00,76314.84913793103
2024-11-09 02:10:00+00:00,76314.80803333333
2024-11-09 02:11:00+00:00,76299.57272
2024-11-09 02:12:00+00:00,76275.24720316623
2024-11-09 02:13:00+00:00,76291.42509433962
2024-11-09 02:14:00+00:00,76243.35118684843
2024-11-09 02:15:00+00:00,76228.47007929516
2024-11-09 02:16:00+00:00,76225.92042471042
2024-11-09 02:17:00+00:00,76224.02388278388
2024-11-09 02:18:00+00:00,76228.9474260355
2024-11-09 02:19:00+00:00,76216.2165437788
2024-11-09 02:20:00+00:00,76208.11422657952
2024-11-09 02:21:00+00:00,76180.6381705151
2024-11-09 02:22:00+00:00,76176.66261904762
2024-11-09 02:23:00+00:00,76157.10443804035
2024-11-09 02:24:00+00:00,76151.84112654321
2024-11-09 02:25:00+00:00,76144.7
2024-11-09 02:26:00+00:00,76149.41693675889
2024-11-09 02:27:00+00:00,76210.51006410256
2024-11-09 02:28:00+00:00,76271.86793103447
2024-11-09 02:29:00+00:00,76253.10509734513
2024-11-09 02:30:00+00:00,76246.33518779342
2024-11-09 02:31:00+00:00,76253.5302484472
2024-11-09 02:32:00+00:00,76291.14745260664
2024-11-09 02:33:00+00:00,76297.34692828146
2024-11-09 02:34:00+00:00,76303.15370460048
2024-11-09 02:35:00+00:00,76299.61194931774
2024-11-09 02:36:00+00:00,76283.97170807453
2024-11-09 02:37:00+00:00,76276.29897142858
2024-11-09 02:38:00+00:00,76264.12436144578
2024-11-09 02:39:00+00:00,76244.13522727274
2024-11-09 02:40:00+00:00,76217.82497737557
2024-11-09 02:41:00+00:00,76201.19599458728
2024-11-09 02:42:00+00:00,76229.99503759398
2024-11-09 02:43:00+00:00,76220.48086330935
2024-11-09 02:44:00+00:00,76241.31247718383
2024-11-09 02:45:00+00:00,76260.04381176471
2024-11-09 02:46:00+00:00,76282.94373101952
2024-11-09 02:47:00+00:00,76269.21434514638
2024-11-09 02:48:00+00:00,76289.1860125261
2024-11-09 02:49:00+00:00,76293.80904191616
2024-11-09 02:50:00+00:00,76289.13945205479
2024-11-09 02:51:00+00:00,76311.27082386364
2024-11-09 02:52:00+00:00,76381.4586638831
2024-11-09 02:53:00+00:00,76411.71132450331
2024-11-09 02:54:00+00:00,76414.18569659443
2024-11-09 02:55:00+00:00,76414.61182320442
2024-11-09 02:56:00+00:00,76419.17337391304
2024-11-09 02:57:00+00:00,76414.65106100796
2024-11-09 02:58:00+00:00,76414.49744408946
2024-11-09 02:59:00+00:00,76409.96808238636
2024-11-09 03:00:00+00:00,76422.94897350993
2024-11-09 03:01:00+00:00,76431.27804627249
2024-11-09 03:02:00+00:00,76439.92837455831
2024-11-09 03:03:00+00:00,76422.84851085833
2024-11-09 03:04:00+00:00,76406.11110701106
2024-11-09 03:05:00+00:00,76359.21047683925
2024-11-09 03:06:00+00:00,76286.30635245901
2024-11-09 03:07:00+00:00,76292.33351981352
2024-11-09 03:08:00+00:00,76311.68963265307
2024-11-09 03:09:00+00:00,76343.61509389672
2024-11-09 03:10:00+00:00,76330.2281462141
2024-11-09 03:11:00+00:00,76337.94891203704
2024-11-09 03:12:00+00:00,76327.72879350348
2024-11-09 03:13:00+00:00,76300.55171597634
2024-11-09 03:14:00+00:00,76308.50370292888
2024-11-09 03:15:00+00:00,76343.18647651006
2024-11-09 03:16:00+00:00,76322.98574468085
2024-11-09 03:17:00+00:00,76291.11563318777
2024-11-09 03:18:00+00:00,76307.17257334963
2024-11-09 03:19:00+00:00,76302.1867218543
2024-11-09 03:20:00+00:00,76300.80916666667
2024-11-09 03:21:00+00:00,76295.20432065218
2024-11-09 03:22:00+00:00,76304.3514624506
2024-11-09 03:23:00+00:00,76291.7046492986
2024-11-09 03:24:00+00:00,76281.9865131579
2024-11-09 03:25:00+00:00,76285.52506122449
2024-11-09 03:26:00+00:00,76282.94038539553
2024-11-09 03:27:00+00:00,76281.49804066544
2024-11-09 03:28:00+00:00,76261.49861031519
2024-11-09 03:29:00+00:00,76286.94702185792
2024-11-09 03:30:00+00:00,76291.39928338763
2024-11-09 03:31:00+00:00,76257.06257978723
2024-11-09 03:32:00+00:00,76249.94461538462
2024-11-09 03:33:00+00:00,76256.35986631016
2024-11-09 03:34:00+00:00,76294.27070934256
2024-11-09 03:35:00+00:00,76317.08419148937
2024-11-09 03:36:00+00:00,76302.27256544503
2024-11-09 03:37:00+00:00,76275.60924770642
2024-11-09 03:38:00+00:00,76274.45044863937
2024-11-09 03:39:00+00:00,76261.9564919786
2024-11-09 03:40:00+00:00,76280.92004545455
2024-11-09 03:41:00+00:00,76305.36232727271
2024-11-09 03:42:00+00:00,76304.93011563052
2024-11-09 03:43:00+00:00,76305.39573582943
2024-11-09 03:44:00+00:00,76320.20856649395
2024-11-09 03:45:00+00:00,76321.08723564955
2024-11-09 03:46:00+00:00,76296.51542918454
2024-11-09 03:47:00+00:00,76276.86616182573
2024-11-09 03:48:00+00:00,76274.63487804878
2024-11-09 03:49:00+00:00,76280.70102827763
2024-11-09 03:50:00+00:00,76298.98082152975
2024-11-09 03:51:00+00:00,76297.09066666667
2024-11-09 03:52:00+00:00,76289.28885958108
2024-11-09 03:53:00+00:00,76283.73717267552
2024-11-09 03:54:00+00:00,76293.84669341895
2024-11-09 03:55:00+00:00,76303.7666635514
2024-11-09 03:56:00+00:00,76308.4250900901
2024-11-09 03:57:00+00:00,76336.88066027689
2024-11-09 03:58:00+00:00,76339.97369633507
2024-11-09 03:59:00+00:00,76343.21200734394
2024-11-09 04:00:00+00:00,76354.37692789968
2024-11-09 04:01:00+00:00,76375.12345477387
2024-11-09 04:02:00+00:00,76361.56456632653
2024-11-09 04:03:00+00:00,76364.9555410691
2024-11-09 04:04:00+00:00,76379.66919324578
2024-11-09 04:05:00+00:00,76379.47861304623
2024-11-09 04:06:00+00:00,76379.99493723849
2024-11-09 04:07:00+00:00,76374.29940476191
2024-11-09 04:08:00+00:00,76379.99613475177
2024-11-09 04:09:00+00:00,76371.29897330595
2024-11-09 04:10:00+00:00,76371.9618979933
2024-11-09 04:11:00+00:00,76375.50145631068
2024-11-09 04:12:00+00:00,76351.31590524536
2024-11-09 04:13:00+00:00,76351.0157640232
2024-11-09 04:14:00+00:00,76351.28778993436
2024-11-09 04:15:00+00:00,76356.23945590995
2024-11-09 04:16:00+00:00,76354.86545945946
2024-11-09 04:17:00+00:00,76356.24431034483
2024-11-09 04:18:00+00:00,76364.23034700315
2024-11-09 04:19:00+00:00,76366.98527892563
2024-11-09 04:20:00+00:00,76385.73227522937
2024-11-09 04:21:00+00:00,76377.00281531531
2024-11-09 04:22:00+00:00,76368.08969325153
2024-11-09 04:23:00+00:00,76359.84109060402
2024-11-09 04:24:00+00:00,76370.75132616489
2024-11-09 04:25:00+00:00,76366.49206293706
2024-11-09 04:26:00+00:00,76362.35261682243
2024-11-09 04:27:00+00:00,76362.47438596492
2024-11-09 04:28:00+00:00,76362.6919504644
2024-11-09 04:29:00+00:00,76362.69410852712
2024-11-09 04:30:00+00:00,76375.16643835616
2024-11-09 04:31:00+00:00,76381.24606407323
2024-11-09 04:32:00+00:00,76375.95375862069
2024-11-09 04:33:00+00:00,76373.81513043478
2024-11-09 04:34:00+00:00,76358.30705714285
2024-11-09 04:35:00+00:00,76340.37645328719
2024-11-09 04:36:00+00:00,76342.38583969466
2024-11-09 04:37:00+00:00,76330.99085925925
2024-11-09 04:38:00+00:00,76306.65290697674
2024-11-09 04:39:00+00:00,76316.84410493827
2024-11-09 04:40:00+00:00,76321.96451327433
2024-11-09 04:41:00+00:00,76348.65676814989
2024-11-09 04:42:00+00:00,76378.18723643808
2024-11-09 04:43:00+00:00,76399.99365591398
2024-11-09 04:44:00+00:00,76399.99525547445
2024-11-09 04:45:00+00:00,76400.00918604652
2024-11-09 04:46:00+00:00,76403.7496124031
2024-11-09 04:47:00+00:00,76404.99476190476
2024-11-09 04:48:00+00:00,76404.99425287357
2024-11-09 04:49:00+00:00,76405.69437037037
2024-11-09 04:50:00+00:00,76398.77718446602
2024-11-09 04:51:00+00:00,76377.58252595155
2024-11-09 04:52:00+00:00,76364.84728650138
2024-11-09 04:53:00+00:00,76357.77977961433
2024-11-09 04:54:00+00:00,76357.60851485148
2024-11-09 04:55:00+00:00,76358.14751758795
2024-11-09 04:56:00+00:00,76371.37963827305
2024-11-09 04:57:00+00:00,76365.6080357143
2024-11-09 04:58:00+00:00,76358.32430894309
2024-11-09 04:59:00+00:00,76369.41580246913
2024-11-09 05:00:00+00:00,76384.81023569024
2024-11-09 05:01:00+00:00,76390.51632911392
2024-11-09 05:02:00+00:00,76389.96388286335
2024-11-09 05:03:00+00:00,76378.322124183
2024-11-09 05:04:00+00:00,76362.44502824859
2024-11-09 05:05:00+00:00,76359.37080213903
2024-11-09 05:06:00+00:00,76368.79764044944
2024-11-09 05:07:00+00:00,76398.28508305647
2024-11-09 05:08:00+00:00,76404.46537688443
2024-11-09 05:09:00+00:00,76406.58944444444
2024-11-09 05:10:00+00:00,76413.54940119761
2024-11-09 05:11:00+00:00,76427.6765012407
2024-11-09 05:12:00+00:00,76428.37009803922
2024-11-09 05:13:00+00:00,76412.00413793104
2024-11-09 05:14:00+00:00,76409.34982694684
2024-11-09 05:15:00+00:00,76393.58964220184
2024-11-09 05:16:00+00:00,76380.80241904763
2024-11-09 05:17:00+00:00,76372.13121153845
2024-11-09 05:18:00+00:00,76380.54005434782
2024-11-09 05:19:00+00:00,76399.2265111111
2024-11-09 05:20:00+00:00,76407.4554494382
2024-11-09 05:21:00+00:00,76415.7455142857
2024-11-09 05:22:00+00:00,76390.88602058319
2024-11-09 05:23:00+00:00,76372.1993902439
2024-11-09 05:24:00+00:00,76386.97420233463
2024-11-09 05:25:00+00:00,76373.57339350179
2024-11-09 05:26:00+00:00,76429.51777128005
2024-11-09 05:27:00+00:00,76441.99092702169
2024-11-09 05:28:00+00:00,76425.74259507829
2024-11-09 05:29:00+00:00,76399.10596234309
2024-11-09 05:30:00+00:00,76390.69752173913
2024-11-09 05:31:00+00:00,76389.53360000001
2024-11-09 05:32:00+00:00,76380.60772378517
2024-11-09 05:33:00+00:00,76381.2464066194
2024-11-09 05:34:00+00:00,76409.66251396648
2024-11-09 05:35:00+00:00,76435.67863534676
2024-11-09 05:36:00+00:00,76428.73233488992
2024-11-09 05:37:00+00:00,76425.19940594058
2024-11-09 05:38:00+00:00,76422.73186635945
2024-11-09 05:39:00+00:00,76438.83051224943
2024-11-09 05:40:00+00:00,76519.90248358862
2024-11-09 05:41:00+00:00,76577.45882352942
2024-11-09 05:42:00+00:00,76609.52087652439
2024-11-09 05:43:00+00:00,76612.85111278195
2024-11-09 05:44:00+00:00,76599.51175735294
2024-11-09 05:45:00+00:00,76634.20943068001
2024-11-09 05:46:00+00:00,76578.21892030849
2024-11-09 05:47:00+00:00,76551.709796334
2024-11-09 05:48:00+00:00,76532.43000000001
2024-11-09 05:49:00+00:00,76574.8786404066
2024-11-09 05:50:00+00:00,76570.7030387931
2024-11-09 05:51:00+00:00,76541.4139642567
2024-11-09 05:52:00+00:00,76557.93327125507
2024-11-09 05:53:00+00:00,76568.10372488407
2024-11-09 05:54:00+00:00,76587.20527511962
2024-11-09 05:55:00+00:00,76587.97199070489
2024-11-09 05:56:00+00:00,76549.39958239278
2024-11-09 05:57:00+00:00,76536.87651034482
2024-11-09 05:58:00+00:00,76554.20027144409
2024-11-09 05:59:00+00:00,76565.94564334086
2024-11-09 06:00:00+00:00,76531.86710353867
2024-11-09 06:01:00+00:00,76514.42652920962
2024-11-09 06:02:00+00:00,76527.85025252526
2024-11-09 06:03:00+00:00,76523.35829268293
2024-11-09 06:04:00+00:00,76518.50224007561
2024-11-09 06:05:00+00:00,76529.9
2024-11-09 06:06:00+00:00,76570.93251349268
2024-11-09 06:07:00+00:00,76590.77425307556
2024-11-09 06:08:00+00:00,76615.33045988259
2024-11-09 06:09:00+00:00,76634.66090185677
2024-11-09 06:10:00+00:00,76710.31452855848
2024-11-09 06:11:00+00:00,76777.9254054054
2024-11-09 06:12:00+00:00,76755.98613131313
2024-11-09 06:13:00+00:00,76724.66201101927
2024-11-09 06:14:00+00:00,76715.93909892262
2024-11-09 06:15:00+00:00,76717.82405502391
2024-11-09 06:16:00+00:00,76699.59240609137
2024-11-09 06:17:00+00:00,76670.31967948718
2024-11-09 06:18:00+00:00,76653.5866452534
2024-11-09 06:19:00+00:00,76674.41055662188
2024-11-09 06:20:00+00:00,76643.00665789474
2024-11-09 06:21:00+00:00,76638.29524456522
2024-11-09 06:22:00+00:00,76606.84432821943
2024-11-09 06:23:00+00:00,76621.02520166898
2024-11-09 06:24:00+00:00,76627.19061200923
2024-11-09 06:25:00+00:00,76640.64808240886
2024-11-09 06:26:00+00:00,76643.79042253521
2024-11-09 06:27:00+00:00,76644.52726804125
2024-11-09 06:28:00+00:00,76647.14216894978
2024-11-09 06:29:00+00:00,76639.145602537
2024-11-09 06:30:00+00:00,76616.70405515832
2024-11-09 06:31:00+00:00,76616.19002996254
2024-11-09 06:32:00+00:00,76568.39606656581
2024-11-09 06:33:00+00:00,76530.25890014472
2024-11-09 06:34:00+00:00,76546.9970251938
2024-11-09 06:35:00+00:00,76528.31713625867
2024-11-09 06:36:00+00:00,76477.22685738685
2024-11-09 06:37:00+00:00,76433.4608286674
2024-11-09 06:38:00+00:00,76413.76809677419
2024-11-09 06:39:00+00:00,76456.23330097088
2024-11-09 06:40:00+00:00,76475.99810457516
2024-11-09 06:41:00+00:00,76456.7673015873
2024-11-09 06:42:00+00:00,76464.44319767442
2024-11-09 06:43:00+00:00,76475.24232179226
2024-11-09 06:44:00+00:00,76482.2154909091
2024-11-09 06:45:00+00:00,76469.59773547095
2024-11-09 06:46:00+00:00,76450.98511387165
2024-11-09 06:47:00+00:00,76461.07624775583
2024-11-09 06:48:00+00:00,76476.84835051547
2024-11-09 06:49:00+00:00,76485.48581395349
2024-11-09 06:50:00+00:00,76499.3153699284
2024-11-09 06:51:00+00:00,76514.28362790697
2024-11-09 06:52:00+00:00,76511.12995991984
2024-11-09 06:53:00+00:00,76493.74620347394
2024-11-09 06:54:00+00:00,76477.87471844659
2024-11-09 06:55:00+00:00,76502.37177749361
2024-11-09 06:56:00+00:00,76512.45184981685
2024-11-09 06:57:00+00:00,76532.38144736842
2024-11-09 06:58:00+00:00,76522.58677777777
2024-11-09 06:59:00+00:00,76515.34925690021
2024-11-09 07:00:00+00:00,76497.63369885433
2024-11-09 07:01:00+00:00,76495.543486911
2024-11-09 07:02:00+00:00,76496.16776758409
2024-11-09 07:03:00+00:00,76499.61090673575
2024-11-09 07:04:00+00:00,76508.7252173913
2024-11-09 07:05:00+00:00,76496.72169354839
2024-11-09 07:06:00+00:00,76478.98363636364
2024-11-09 07:07:00+00:00,76461.21881481481
2024-11-09 07:08:00+00:00,76450.72269503547
2024-11-09 07:09:00+00:00,76458.79287435456
2024-11-09 07:10:00+00:00,76465.14654411764
2024-11-09 07:11:00+00:00,76466.00385135136
2024-11-09 07:12:00+00:00,76448.35805626599
2024-11-09 07:13:00+00:00,76453.7551226994
2024-11-09 07:14:00+00:00,76472.62511061947
2024-11-09 07:15:00+00:00,76490.0483535109
2024-11-09 07:16:00+00:00,76499.99613636364
2024-11-09 07:17:00+00:00,76510.02082630692
2024-11-09 07:18:00+00:00,76519.33067669174
2024-11-09 07:19:00+00:00,76501.39402877698
2024-11-09 07:20:00+00:00,76467.19906906907
2024-11-09 07:21:00+00:00,76414.47298387098
2024-11-09 07:22:00+00:00,76395.48582733813
2024-11-09 07:23:00+00:00,76388.54586762075
2024-11-09 07:24:00+00:00,76397.58776805252
2024-11-09 07:25:00+00:00,76387.60021072798
2024-11-09 07:26:00+00:00,76365.4662512364
2024-11-09 07:27:00+00:00,76365.70902912621
2024-11-09 07:28:00+00:00,76383.27994505495
2024-11-09 07:29:00+00:00,76395.36224358974
2024-11-09 07:30:00+00:00,76395.02218611522
2024-11-09 07:31:00+00:00,76379.91238636363
2024-11-09 07:32:00+00:00,76403.80901734105
2024-11-09 07:33:00+00:00,76429.02836228287
2024-11-09 07:34:00+00:00,76434.31245145631
2024-11-09 07:35:00+00:00,76409.25135283364
2024-11-09 07:36:00+00:00,76427.38347583642
2024-11-09 07:37:00+00:00,76436.1691089109
2024-11-09 07:38:00+00:00,76444.35059936909
2024-11-09 07:39:00+00:00,76447.80344709898
2024-11-09 07:40:00+00:00,76434.38090707966
2024-11-09 07:41:00+00:00,76408.06147826088
2024-11-09 07:42:00+00:00,76404.91892255892
2024-11-09 07:43:00+00:00,76396.42081730769
2024-11-09 07:44:00+00:00,76394.93823831243
2024-11-09 07:45:00+00:00,76408.60014333895
2024-11-09 07:46:00+00:00,76400.43236641222
2024-11-09 07:47:00+00:00,76413.91830268741
2024-11-09 07:48:00+00:00,76402.82396457765
2024-11-09 07:49:00+00:00,76420.7443131868
2024-11-09 07:50:00+00:00,76403.6186908078
2024-11-09 07:51:00+00:00,76410.60120481928
2024-11-09 07:52:00+00:00,76422.27158808932
2024-11-09 07:53:00+00:00,76439.93342857143
2024-11-09 07:54:00+00:00,76468.6020277078
2024-11-09 07:55:00+00:00,76469.71067114094
2024-11-09 07:56:00+00:00,76479.84144254279
2024-11-09 07:57:00+00:00,76489.51238747554
2024-11-09 07:58:00+00:00,76517.8617555938
2024-11-09 07:59:00+00:00,76529.0751724138
2024-11-09 08:00:00+00:00,76534.36640933574
2024-11-09 08:01:00+00:00,76536.24518421054
2024-11-09 08:02:00+00:00,76528.1987593985
2024-11-09 08:03:00+00:00,76501.50667917449
2024-11-09 08:04:00+00:00,76498.97918454935
2024-11-09 08:05:00+00:00,76477.83564516129
2024-11-09 08:06:00+00:00,76462.19156862746
2024-11-09 08:07:00+00:00,76454.33117333334
2024-11-09 08:08:00+00:00,76452.75816091955
2024-11-09 08:09:00+00:00,76451.95608267716
2024-11-09 08:10:00+00:00,76446.05055023923
2024-11-09 08:11:00+00:00,76466.9040409956
2024-11-09 08:12:00+00:00,76470.65903614459
2024-11-09 08:13:00+00:00,76469.2207920792
2024-11-09 08:14:00+00:00,76497.01238223418
2024-11-09 08:15:00+00:00,76533.73638954869
2024-11-09 08:16:00+00:00,76543.97195121952
2024-11-09 08:17:00+00:00,76558.98903485255
2024-11-09 08:18:00+00:00,76555.87900813007
2024-11-09 08:19:00+00:00,76559.88
2024-11-09 08:20:00+00:00,76562.70551210428
2024-11-09 08:21:00+00:00,76570.89629955948
2024-11-09 08:22:00+00:00,76575.42613180516
2024-11-09 08:23:00+00:00,76578.0748644338
2024-11-09 08:24:00+00:00,76584.09670932358
2024-11-09 08:25:00+00:00,76590.99440613027
2024-11-09 08:26:00+00:00,76603.6114213198
2024-11-09 08:27:00+00:00,76576.7651521511
2024-11-09 08:28:00+00:00,76576.19783641161
2024-11-09 08:29:00+00:00,76588.18578098471
2024-11-09 08:30:00+00:00,76580.661003937
2024-11-09 08:31:00+00:00,76570.002384
2024-11-09 08:32:00+00:00,76570.00404682275
2024-11-09 08:33:00+00:00,76562.102
2024-11-09 08:34:00+00:00,76559.02389423078
2024-11-09 08:35:00+00:00,76561.99616580311
2024-11-09 08:36:00+00:00,76563.0126059322
2024-11-09 08:37:00+00:00,76567.41859259258
2024-11-09 08:38:00+00:00,76562.09683183183
2024-11-09 08:39:00+00:00,76564.47474137931
2024-11-09 08:40:00+00:00,76575.19203781511
2024-11-09 08:41:00+00:00,76581.5687927107
2024-11-09 08:42:00+00:00,76603.17655216285
2024-11-09 08:43:00+00:00,76635.71861154446
2024-11-09 08:44:00+00:00,76624.50232896653
2024-11-09 08:45:00+00:00,76643.40122222222
2024-11-09 08:46:00+00:00,76679.39886328725
2024-11-09 08:47:00+00:00,76711.86678992919
2024-11-09 08:48:00+00:00,76669.8913323124
2024-11-09 08:49:00+00:00,76649.65581890813
2024-11-09 08:50:00+00:00,76591.36824561402
2024-11-09 08:51:00+00:00,76562.49374125875
2024-11-09 08:52:00+00:00,76558.51776081425
2024-11-09 08:53:00+00:00,76558.66740845071
2024-11-09 08:54:00+00:00,76552.45873517786
2024-11-09 08:55:00+00:00,76548.80335078534
2024-11-09 08:56:00+00:00,76546.16443708609
2024-11-09 08:57:00+00:00,76535.36069767442
2024-11-09 08:58:00+00:00,76537.37785326087
2024-11-09 08:59:00+00:00,76539.99624113475
2024-11-09 09:00:00+00:00,76578.47719090909
2024-11-09 09:01:00+00:00,76631.02920684293
2024-11-09 09:02:00+00:00,76617.12360123647
2024-11-09 09:03:00+00:00,76600.56336486487
2024-11-09 09:04:00+00:00,76596.08885321101
2024-11-09 09:05:00+00:00,76586.87503184714
2024-11-09 09:06:00+00:00,76592.10185117967
2024-11-09 09:07:00+00:00,76599.9683248731
2024-11-09 09:08:00+00:00,76599.77514851485
2024-11-09 09:09:00+00:00,76601.39053797469
2024-11-09 09:10:00+00:00,76591.16604166667
2024-11-09 09:11:00+00:00,76580.07523364486
2024-11-09 09:12:00+00:00,76601.899870317
2024-11-09 09:13:00+00:00,76608.12784023669
2024-11-09 09:14:00+00:00,76600.87937238494
2024-11-09 09:15:00+00:00,76611.9681928934
2024-11-09 09:16:00+00:00,76602.06701075268
2024-11-09 09:17:00+00:00,76582.60814671814
2024-11-09 09:18:00+00:00,76556.52777056277
2024-11-09 09:19:00+00:00,76540.82979827089
2024-11-09 09:20:00+00:00,76566.42869565217
2024-11-09 09:21:00+00:00,76576.89843828716
2024-11-09 09:22:00+00:00,76570.91138931298
2024-11-09 09:23:00+00:00,76519.81248351648
2024-11-09 09:24:00+00:00,76530.26221140473
2024-11-09 09:25:00+00:00,76542.40091954023
2024-11-09 09:26:00+00:00,76543.3597254902
2024-11-09 09:27:00+00:00,76540.00413934425
2024-11-09 09:28:00+00:00,76539.99665454547
2024-11-09 09:29:00+00:00,76541.27259124088
2024-11-09 09:30:00+00:00,76558.95076923078
2024-11-09 09:31:00+00:00,76569.9630620155
2024-11-09 09:32:00+00:00,76561.5792146597
2024-11-09 09:33:00+00:00,76565.49538888888
2024-11-09 09:34:00+00:00,76565.49349775785
2024-11-09 09:35:00+00:00,76565.49385964913
2024-11-09 09:36:00+00:00,76565.49596153846
2024-11-09 09:37:00+00:00,76565.4945106383
2024-11-09 09:38:00+00:00,76542.14398406375
2024-11-09 09:39:00+00:00,76520.26038043479
2024-11-09 09:40:00+00:00,76570.91886910994
2024-11-09 09:41:00+00:00,76592.8247750865
2024-11-09 09:42:00+00:00,76557.45008532424
2024-11-09 09:43:00+00:00,76549.49255725191
2024-11-09 09:44:00+00:00,76543.38122448979
2024-11-09 09:45:00+00:00,76539.73325443787
2024-11-09 09:46:00+00:00,76534.00521551725
2024-11-09 09:47:00+00:00,76534.00447368421
2024-11-09 09:48:00+00:00,76547.71971119133
2024-11-09 09:49:00+00:00,76576.07948948948
2024-11-09 09:50:00+00:00,76577.31463576159
2024-11-09 09:51:00+00:00,76584.21465346534
2024-11-09 09:52:00+00:00,76582.00492822967
2024-11-09 09:53:00+00:00,76582.00520737327
2024-11-09 09:54:00+00:00,76582.005125
2024-11-09 09:55:00+00:00,76582.0049382716
2024-11-09 09:56:00+00:00,76580.57904761905
2024-11-09 09:57:00+00:00,76576.58939739414
2024-11-09 09:58:00+00:00,76563.37903225806
2024-11-09 09:59:00+00:00,76555.57154929578
2024-11-09 10:00:00+00:00,76550.75268924303
2024-11-09 10:01:00+00:00,76546.31375478927
2024-11-09 10:02:00+00:00,76557.45964157705
2024-11-09 10:03:00+00:00,76570.29569832401
2024-11-09 10:04:00+00:00,76573.077
2024-11-09 10:05:00+00:00,76569.81923255813
2024-11-09 10:06:00+00:00,76569.93967302452
2024-11-09 10:07:00+00:00,76574.0702020202
2024-11-09 10:08:00+00:00,76567.6662244898
2024-11-09 10:09:00+00:00,76579.77044386424
2024-11-09 10:10:00+00:00,76588.89263392857
2024-11-09 10:11:00+00:00,76591.9929209622
2024-11-09 10:12:00+00:00,76587.89620553359
2024-11-09 10:13:00+00:00,76583.02550632913
2024-11-09 10:14:00+00:00,76582.50025974025
2024-11-09 10:15:00+00:00,76589.16782420748
2024-11-09 10:16:00+00:00,76567.89085
2024-11-09 10:17:00+00:00,76559.09542682927
2024-11-09 10:18:00+00:00,76571.59649149922
2024-11-09 10:19:00+00:00,76557.3616080402
2024-11-09 10:20:00+00:00,76554.19683366733
2024-11-09 10:21:00+00:00,76587.29932038835
2024-11-09 10:22:00+00:00,76614.3275443038
2024-11-09 10:23:00+00:00,76603.9682554517
2024-11-09 10:24:00+00:00,76582.98119565217
2024-11-09 10:25:00+00:00,76581.77031141869
2024-11-09 10:26:00+00:00,76571.60708196722
2024-11-09 10:27:00+00:00,76548.34012195122
2024-11-09 10:28:00+00:00,76543.93386308069
2024-11-09 10:29:00+00:00,76534.2115034965
2024-11-09 10:30:00+00:00,76509.07138728324
2024-11-09 10:31:00+00:00,76467.57265243902
2024-11-09 10:32:00+00:00,76452.33035447761
2024-11-09 10:33:00+00:00,76454.11830065359
2024-11-09 10:34:00+00:00,76461.1628238342
2024-11-09 10:35:00+00:00,76457.27138513513
2024-11-09 10:36:00+00:00,76433.78684692181
2024-11-09 10:37:00+00:00,76457.22757062147
2024-11-09 10:38:00+00:00,76470.93160944206
2024-11-09 10:39:00+00:00,76465.57402414487
2024-11-09 10:40:00+00:00,76475.8178440367
2024-11-09 10:41:00+00:00,76467.83647058823
2024-11-09 10:42:00+00:00,76466.13265027321
2024-11-09 10:43:00+00:00,76466.27256637168
2024-11-09 10:44:00+00:00,76457.43391120508
2024-11-09 10:45:00+00:00,76448.43057494867
2024-11-09 10:46:00+00:00,76450.4009108911
2024-11-09 10:47:00+00:00,76444.25975543479
2024-11-09 10:48:00+00:00,76442.72365695793
2024-11-09 10:49:00+00:00,76447.79241758242
2024-11-09 10:50:00+00:00,76452.98010238909
2024-11-09 10:51:00+00:00,76448.34903500472
2024-11-09 10:52:00+00:00,76472.5427590848
2024-11-09 10:53:00+00:00,76487.91416024654
2024-11-09 10:54:00+00:00,76474.32617021276
2024-11-09 10:55:00+00:00,76463.94739130435
2024-11-09 10:56:00+00:00,76468.6029
2024-11-09 10:57:00+00:00,76467.80871870398
2024-11-09 10:58:00+00:00,76474.78412587412
2024-11-09 10:59:00+00:00,76469.70441571872
2024-11-09 11:00:00+00:00,76466.29338192419
2024-11-09 11:01:00+00:00,76447.34464968153
2024-11-09 11:02:00+00:00,76440.61475274725
2024-11-09 11:03:00+00:00,76465.07106651376
2024-11-09 11:04:00+00:00,76488.28980792317
2024-11-09 11:05:00+00:00,76491.92197007482
2024-11-09 11:06:00+00:00,76463.11061124694
2024-11-09 11:07:00+00:00,76474.54359999999
2024-11-09 11:08:00+00:00,76472.79883636364
2024-11-09 11:09:00+00:00,76464.11397820163
2024-11-09 11:10:00+00:00,76443.32577570093
2024-11-09 11:11:00+00:00,76430.6368852459
2024-11-09 11:12:00+00:00,76429.88424276169
2024-11-09 11:13:00+00:00,76429.9961734694
2024-11-09 11:14:00+00:00,76435.90626740947
2024-11-09 11:15:00+00:00,76436.28520689656
2024-11-09 11:16:00+00:00,76438.8380749354
2024-11-09 11:17:00+00:00,76447.8763888889
2024-11-09 11:18:00+00:00,76444.6627444795
2024-11-09 11:19:00+00:00,76449.9925974026
2024-11-09 11:20:00+00:00,76448.90788819875
2024-11-09 11:21:00+00:00,76441.76552447553
2024-11-09 11:22:00+00:00,76430.00545454545
2024-11-09 11:23:00+00:00,76439.23102310231
2024-11-09 11:24:00+00:00,76437.95936170213
2024-11-09 11:25:00+00:00,76440.93609375
2024-11-09 11:26:00+00:00,76439.480825
2024-11-09 11:27:00+00:00,76429.54454918033
2024-11-09 11:28:00+00:00,76421.65556190477
2024-11-09 11:29:00+00:00,76379.48868721462
2024-11-09 11:30:00+00:00,76382.18912579957
2024-11-09 11:31:00+00:00,76408.41051413883
2024-11-09 11:32:00+00:00,76416.29695266273
2024-11-09 11:33:00+00:00,76416.36553846154
2024-11-09 11:34:00+00:00,76428.23661122662
2024-11-09 11:35:00+00:00,76411.59864000001
2024-11-09 11:36:00+00:00,76395.3486259542
2024-11-09 11:37:00+00:00,76388.00543147208
2024-11-09 11:38:00+00:00,76388.00646067415
2024-11-09 11:39:00+00:00,76388.00629629628
2024-11-09 11:40:00+00:00,76395.08179059181
2024-11-09 11:41:00+00:00,76393.0608766437
2024-11-09 11:42:00+00:00,76393.06474093265
2024-11-09 11:43:00+00:00,76395.11960486323
2024-11-09 11:44:00+00:00,76405.09203821656
2024-11-09 11:45:00+00:00,76431.56064039409
2024-11-09 11:46:00+00:00,76446.0909010989
2024-11-09 11:47:00+00:00,76448.77206235012
2024-11-09 11:48:00+00:00,76447.01341772152
2024-11-09 11:49:00+00:00,76442.58210982659
2024-11-09 11:50:00+00:00,76449.88325
2024-11-09 11:51:00+00:00,76448.0676609442
2024-11-09 11:52:00+00:00,76480.3574566474
2024-11-09 11:53:00+00:00,76489.19226860254
2024-11-09 11:54:00+00:00,76498.2311111111
2024-11-09 11:55:00+00:00,76492.06728349371
2024-11-09 11:56:00+00:00,76486.13314285714
2024-11-09 11:57:00+00:00,76481.32653465348
2024-11-09 11:58:00+00:00,76481.10358490566
2024-11-09 11:59:00+00:00,76482.73262798635
2024-11-09 12:00:00+00:00,76493.33150153219
2024-11-09 12:01:00+00:00,76526.03338108883
2024-11-09 12:02:00+00:00,76519.10326023393
2024-11-09 12:03:00+00:00,76499.49314199395
2024-11-09 12:04:00+00:00,76485.95744500846
2024-11-09 12:05:00+00:00,76471.34632183908
2024-11-09 12:06:00+00:00,76459.59036363637
2024-11-09 12:07:00+00:00,76441.98073809524
2024-11-09 12:08:00+00:00,76427.9076923077
2024-11-09 12:09:00+00:00,76428.00817335243
2024-11-09 12:10:00+00:00,76435.7175890411
2024-11-09 12:11:00+00:00,76428.00133592737
2024-11-09 12:12:00+00:00,76430.54689054727
2024-11-09 12:13:00+00:00,76412.7609469697
2024-11-09 12:14:00+00:00,76397.17360911271
2024-11-09 12:15:00+00:00,76387.29334862386
2024-11-09 12:16:00+00:00,76379.993875969
2024-11-09 12:17:00+00:00,76376.67717125382
2024-11-09 12:18:00+00:00,76369.15092783504
2024-11-09 12:19:00+00:00,76358.04686015831
2024-11-09 12:20:00+00:00,76388.5006152242
2024-11-09 12:21:00+00:00,76424.35229426433
2024-11-09 12:22:00+00:00,76410.76175388967
2024-11-09 12:23:00+00:00,76408.20880184331
2024-11-09 12:24:00+00:00,76425.35798679867
2024-11-09 12:25:00+00:00,76434.79420634921
2024-11-09 12:26:00+00:00,76428.38405208333
2024-11-09 12:27:00+00:00,76402.61052631578
2024-11-09 12:28:00+00:00,76419.25818648416
2024-11-09 12:29:00+00:00,76406.00904255318
2024-11-09 12:30:00+00:00,76385.43756225426
2024-11-09 12:31:00+00:00,76359.9912826087
2024-11-09 12:32:00+00:00,76350.00095744681
2024-11-09 12:33:00+00:00,76349.37478386167
2024-11-09 12:34:00+00:00,76346.54424657534
2024-11-09 12:35:00+00:00,76339.73302325582
2024-11-09 12:36:00+00:00,76347.68462809917
2024-11-09 12:37:00+00:00,76350.60246105918
2024-11-09 12:38:00+00:00,76351.59341107872
2024-11-09 12:39:00+00:00,76347.45481981982
2024-11-09 12:40:00+00:00,76346.22150877192
2024-11-09 12:41:00+00:00,76333.75079012346
2024-11-09 12:42:00+00:00,76325.10991780822
2024-11-09 12:43:00+00:00,76325.10592964824
2024-11-09 12:44:00+00:00,76336.41716117217
2024-11-09 12:45:00+00:00,76338.42978647686
2024-11-09 12:46:00+00:00,76341.02357142857
2024-11-09 12:47:00+00:00,76334.455
2024-11-09 12:48:00+00:00,76320.79527687296
2024-11-09 12:49:00+00:00,76316.7231707317
2024-11-09 12:50:00+00:00,76315.97440273038
2024-11-09 12:51:00+00:00,76318.59390438248
2024-11-09 12:52:00+00:00,76324.54838235294
2024-11-09 12:53:00+00:00,76322.69249283668
2024-11-09 12:54:00+00:00,76319.08514450867
2024-11-09 12:55:00+00:00,76319.08253205128
2024-11-09 12:56:00+00:00,76315.16501466275
2024-11-09 12:57:00+00:00,76309.78731343284
2024-11-09 12:58:00+00:00,76295.47174237287
2024-11-09 12:59:00+00:00,76311.97366150442
2024-11-09 13:00:00+00:00,76290.05233031674
2024-11-09 13:01:00+00:00,76293.04366559484
2024-11-09 13:02:00+00:00,76300.20221925134
2024-11-09 13:03:00+00:00,76305.15512195122
2024-11-09 13:04:00+00:00,76318.37966329967
2024-11-09 13:05:00+00:00,76326.05638554216
2024-11-09 13:06:00+00:00,76333.5599270073
2024-11-09 13:07:00+00:00,76333.56423423425
2024-11-09 13:08:00+00:00,76339.3768
2024-11-09 13:09:00+00:00,76342.21835937501
2024-11-09 13:10:00+00:00,76334.01305927342
2024-11-09 13:11:00+00:00,76327.47512702079
2024-11-09 13:12:00+00:00,76346.36315602837
2024-11-09 13:13:00+00:00,76341.53936915888
2024-11-09 13:14:00+00:00,76345.82093525179
2024-11-09 13:15:00+00:00,76347.99557788945
2024-11-09 13:16:00+00:00,76349.54446875
2024-11-09 13:17:00+00:00,76351.9942290749
2024-11-09 13:18:00+00:00,76351.99371681416
2024-11-09 13:19:00+00:00,76344.38206008583
2024-11-09 13:20:00+00:00,76309.0825168919
2024-11-09 13:21:00+00:00,76304.92307405102
2024-11-09 13:22:00+00:00,76302.35495918368
2024-11-09 13:23:00+00:00,76309.31859030836
2024-11-09 13:24:00+00:00,76315.38951338199
2024-11-09 13:25:00+00:00,76313.17893333334
2024-11-09 13:26:00+00:00,76325.76892339544
2024-11-09 13:27:00+00:00,76317.99261016949
2024-11-09 13:28:00+00:00,76317.60034090909
2024-11-09 13:29:00+00:00,76330.98473972603
2024-11-09 13:30:00+00:00,76330.7052853598
2024-11-09 13:31:00+00:00,76314.27193641619
2024-11-09 13:32:00+00:00,76310.41413580246
2024-11-09 13:33:00+00:00,76312.31456692914
2024-11-09 13:34:00+00:00,76317.07479262674
2024-11-09 13:35:00+00:00,76307.48138947367
2024-11-09 13:36:00+00:00,76306.7283159269
2024-11-09 13:37:00+00:00,76334.78288135593
2024-11-09 13:38:00+00:00,76347.89710526317
2024-11-09 13:39:00+00:00,76356.73052147239
2024-11-09 13:40:00+00:00,76419.54941282746
2024-11-09 13:41:00+00:00,76443.57008484848
2024-11-09 13:42:00+00:00,76429.5104186489
2024-11-09 13:43:00+00:00,76430.01877717391
2024-11-09 13:44:00+00:00,76397.09884561892
2024-11-09 13:45:00+00:00,76365.57976616231
2024-11-09 13:46:00+00:00,76343.40390243902
2024-11-09 13:47:00+00:00,76339.20549277267
2024-11-09 13:48:00+00:00,76342.17741590214
2024-11-09 13:49:00+00:00,76376.74952777778
2024-11-09 13:50:00+00:00,76406.23788702929
2024-11-09 13:51:00+00:00,76434.69737024221
2024-11-09 13:52:00+00:00,76438.73585616439
2024-11-09 13:53:00+00:00,76455.16041666667
2024-11-09 13:54:00+00:00,76460.24056672762
2024-11-09 13:55:00+00:00,76480.73780472636
2024-11-09 13:56:00+00:00,76486.62114028507
2024-11-09 13:57:00+00:00,76463.05111942532
2024-11-09 13:58:00+00:00,76441.28674676525
2024-11-09 13:59:00+00:00,76426.39217573222
2024-11-09 14:00:00+00:00,76426.12636206896
2024-11-09 14:01:00+00:00,76419.38050228311
2024-11-09 14:02:00+00:00,76422.00832543445
2024-11-09 14:03:00+00:00,76429.603772242
2024-11-09 14:04:00+00:00,76425.58251543209
2024-11-09 14:05:00+00:00,76396.9796173913
2024-11-09 14:06:00+00:00,76383.48606767794
2024-11-09 14:07:00+00:00,76354.24263294422
2024-11-09 14:08:00+00:00,76334.23941412981
2024-11-09 14:09:00+00:00,76316.98719242902
2024-11-09 14:10:00+00:00,76305.53417607224
2024-11-09 14:11:00+00:00,76293.97975609756
2024-11-09 14:12:00+00:00,76310.68140077821
2024-11-09 14:13:00+00:00,76321.34034714446
2024-11-09 14:14:00+00:00,76347.54179389312
2024-11-09 14:15:00+00:00,76314.30463268365
2024-11-09 14:16:00+00:00,76319.90822894168
2024-11-09 14:17:00+00:00,76311.371
2024-11-09 14:18:00+00:00,76312.8876936937
2024-11-09 14:19:00+00:00,76296.6737037037
2024-11-09 14:20:00+00:00,76297.39627992634
2024-11-09 14:21:00+00:00,76298.03254385965
2024-11-09 14:22:00+00:00,76286.03768571428
2024-11-09 14:23:00+00:00,76289.51014893618
2024-11-09 14:24:00+00:00,76290.66044354839
2024-11-09 14:25:00+00:00,76281.88833560709
2024-11-09 14:26:00+00:00,76284.11102040816
2024-11-09 14:27:00+00:00,76310.47232007576
2024-11-09 14:28:00+00:00,76335.04538011696
2024-11-09 14:29:00+00:00,76343.84873188406
2024-11-09 14:30:00+00:00,76327.80557954546
2024-11-09 14:31:00+00:00,76315.62765446224
2024-11-09 14:32:00+00:00,76311.83066974596
2024-11-09 14:33:00+00:00,76303.54536723164
2024-11-09 14:34:00+00:00,76311.5755204461
2024-11-09 14:35:00+00:00,76316.13857664233
2024-11-09 14:36:00+00:00,76315.43998696218
2024-11-09 14:37:00+00:00,76305.49416449087
2024-11-09 14:38:00+00:00,76300.00238461538
2024-11-09 14:39:00+00:00,76300.0008227848
2024-11-09 14:40:00+00:00,76303.99413043477
2024-11-09 14:41:00+00:00,76320.910991453
2024-11-09 14:42:00+00:00,76303.10626303128
2024-11-09 14:43:00+00:00,76299.61770704774
2024-11-09 14:44:00+00:00,76289.17578038674
2024-11-09 14:45:00+00:00,76298.21195876288
2024-11-09 14:46:00+00:00,76338.15556470588
2024-11-09 14:47:00+00:00,76329.48218871595
2024-11-09 14:48:00+00:00,76315.07337719298
2024-11-09 14:49:00+00:00,76306.63994208495
2024-11-09 14:50:00+00:00,76310.76204515272
2024-11-09 14:51:00+00:00,76301.73341059602
2024-11-09 14:52:00+00:00,76303.99820734342
2024-11-09 14:53:00+00:00,76322.60123287671
2024-11-09 14:54:00+00:00,76350.84783567135
2024-11-09 14:55:00+00:00,76345.32981572482
2024-11-09 14:56:00+00:00,76367.98606557377
2024-11-09 14:57:00+00:00,76388.5314354067
2024-11-09 14:58:00+00:00,76380.41610599078
2024-11-09 14:59:00+00:00,76368.68316888045
2024-11-09 15:00:00+00:00,76338.19405355494
2024-11-09 15:01:00+00:00,76305.74216383307
2024-11-09 15:02:00+00:00,76300.93422204848
2024-11-09 15:03:00+00:00,76301.214765625
2024-11-09 15:04:00+00:00,76308.2121025641
2024-11-09 15:05:00+00:00,76300.1537012987
2024-11-09 15:06:00+00:00,76300.00070609002
2024-11-09 15:07:00+00:00,76300.65932673267
2024-11-09 15:08:00+00:00,76302.26039116719
2024-11-09 15:09:00+00:00,76338.41553709857
2024-11-09 15:10:00+00:00,76321.6125
2024-11-09 15:11:00+00:00,76316.18450980392
2024-11-09 15:12:00+00:00,76323.94592896175
2024-11-09 15:13:00+00:00,76314.13336713996
2024-11-09 15:14:00+00:00,76317.18993883792
2024-11-09 15:15:00+00:00,76328.72435211268
2024-11-09 15:16:00+00:00,76341.7307518797
2024-11-09 15:17:00+00:00,76362.68004319654
2024-11-09 15:18:00+00:00,76370.15630289532
2024-11-09 15:19:00+00:00,76355.3516036036
2024-11-09 15:20:00+00:00,76350.7152560647
2024-11-09 15:21:00+00:00,76353.38426573428
2024-11-09 15:22:00+00:00,76358.57068728523
2024-11-09 15:23:00+00:00,76357.64046757165
2024-11-09 15:24:00+00:00,76354.32435096154
2024-11-09 15:25:00+00:00,76349.76028186275
2024-11-09 15:26:00+00:00,76340.46453658536
2024-11-09 15:27:00+00:00,76339.73469202899
2024-11-09 15:28:00+00:00,76339.7346511628
2024-11-09 15:29:00+00:00,76339.73486068111
2024-11-09 15:30:00+00:00,76354.6784244898
2024-11-09 15:31:00+00:00,76369.99369380316
2024-11-09 15:32:00+00:00,76390.66811775201
2024-11-09 15:33:00+00:00,76405.17466202784
2024-11-09 15:34:00+00:00,76374.22037533512
2024-11-09 15:35:00+00:00,76364.62777537796
2024-11-09 15:36:00+00:00,76368.68852864583
2024-11-09 15:37:00+00:00,76367.79525443788
2024-11-09 15:38:00+00:00,76360.2962672811
2024-11-09 15:39:00+00:00,76351.9979775281
2024-11-09 15:40:00+00:00,76362.685989418
2024-11-09 15:41:00+00:00,76379.24796101949
2024-11-09 15:42:00+00:00,76379.99484662576
2024-11-09 15:43:00+00:00,76395.11509559436
2024-11-09 15:44:00+00:00,76384.49035035034
2024-11-09 15:45:00+00:00,76348.17899148657
2024-11-09 15:46:00+00:00,76309.64827186511
2024-11-09 15:47:00+00:00,76313.87344936709
2024-11-09 15:48:00+00:00,76319.44331606218
2024-11-09 15:49:00+00:00,76318.00471246005
2024-11-09 15:50:00+00:00,76324.54598470363
2024-11-09 15:51:00+00:00,76335.4930964467
2024-11-09 15:52:00+00:00,76324.62910941476
2024-11-09 15:53:00+00:00,76340.3734
2024-11-09 15:54:00+00:00,76330.97734848484
2024-11-09 15:55:00+00:00,76324.63901333333
2024-11-09 15:56:00+00:00,76319.90553648068
2024-11-09 15:57:00+00:00,76319.90330396476
2024-11-09 15:58:00+00:00,76319.90420731707
2024-11-09 15:59:00+00:00,76319.90369565217
2024-11-09 16:00:00+00:00,76319.90342857143
2024-11-09 16:01:00+00:00,76319.90651851853
2024-11-09 16:02:00+00:00,76319.90451612903
2024-11-09 16:03:00+00:00,76322.04595092025
2024-11-09 16:04:00+00:00,76316.91279069768
2024-11-09 16:05:00+00:00,76309.21394034538
2024-11-09 16:06:00+00:00,76303.0366855524
2024-11-09 16:07:00+00:00,76297.77793571902
2024-11-09 16:08:00+00:00,76280.00546786921
2024-11-09 16:09:00+00:00,76278.04558054265
2024-11-09 16:10:00+00:00,76272.73436440677
2024-11-09 16:11:00+00:00,76272.73468750001
2024-11-09 16:12:00+00:00,76272.73407035175
2024-11-09 16:13:00+00:00,76272.73439393939
2024-11-09 16:14:00+00:00,76265.74789007092
2024-11-09 16:15:00+00:00,76235.79312913907
2024-11-09 16:16:00+00:00,76198.94718518518
2024-11-09 16:17:00+00:00,76166.49000334783
2024-11-09 16:18:00+00:00,76126.30494665373
2024-11-09 16:19:00+00:00,76181.40411797132
2024-11-09 16:20:00+00:00,76225.61036945814
2024-11-09 16:21:00+00:00,76232.49030378177
2024-11-09 16:22:00+00:00,76150.20306317044
2024-11-09 16:23:00+00:00,76098.70025037556
2024-11-09 16:24:00+00:00,76130.00556309363
2024-11-09 16:25:00+00:00,76131.70832127352
2024-11-09 16:26:00+00:00,76142.39494331066
2024-11-09 16:27:00+00:00,76100.89169281586
2024-11-09 16:28:00+00:00,76079.512402746
2024-11-09 16:29:00+00:00,76099.78502347418
2024-11-09 16:30:00+00:00,76073.37651541595
2024-11-09 16:31:00+00:00,76066.10822335025
2024-11-09 16:32:00+00:00,76081.86351794873
2024-11-09 16:33:00+00:00,76115.90096551724
2024-11-09 16:34:00+00:00,76144.38006116208
2024-11-09 16:35:00+00:00,76135.56014832162
2024-11-09 16:36:00+00:00,76166.64855932203
2024-11-09 16:37:00+00:00,76179.85595121952
2024-11-09 16:38:00+00:00,76165.29426597583
2024-11-09 16:39:00+00:00,76132.03627499999
2024-11-09 16:40:00+00:00,76097.51511494254
2024-11-09 16:41:00+00:00,76085.56928763441
2024-11-09 16:42:00+00:00,76083.43725913622
2024-11-09 16:43:00+00:00,76087.06531736527
2024-11-09 16:44:00+00:00,76080.55296202532
2024-11-09 16:45:00+00:00,76070.26029055691
2024-11-09 16:46:00+00:00,76072.24528158295
2024-11-09 16:47:00+00:00,76080.29786754967
2024-11-09 16:48:00+00:00,76088.85540214478
2024-11-09 16:49:00+00:00,76080.83443939393
2024-11-09 16:50:00+00:00,76094.48724876442
2024-11-09 16:51:00+00:00,76113.34883963494
2024-11-09 16:52:00+00:00,76141.31718055555
2024-11-09 16:53:00+00:00,76138.24215657312
2024-11-09 16:54:00+00:00,76127.45004524887
2024-11-09 16:55:00+00:00,76107.05343612334
2024-11-09 16:56:00+00:00,76098.16271604938
2024-11-09 16:57:00+00:00,76092.35383783784
2024-11-09 16:58:00+00:00,76091.59030172414
2024-11-09 16:59:00+00:00,76087.78745614034
2024-11-09 17:00:00+00:00,76068.46995140913
2024-11-09 17:01:00+00:00,76044.29614783227
2024-11-09 17:02:00+00:00,76059.47253424658
2024-11-09 17:03:00+00:00,76032.83232848233
2024-11-09 17:04:00+00:00,76024.55339541548
2024-11-09 17:05:00+00:00,76042.71257062147
2024-11-09 17:06:00+00:00,76018.16854951186
2024-11-09 17:07:00+00:00,75997.4210040037
2024-11-09 17:08:00+00:00,75964.83554372624
2024-11-09 17:09:00+00:00,75957.77874405327
2024-11-09 17:10:00+00:00,75954.53547996271
2024-11-09 17:11:00+00:00,75920.44783192442
2024-11-09 17:12:00+00:00,75902.8169525802
2024-11-09 17:13:00+00:00,75889.54893791687
2024-11-09 17:14:00+00:00,75878.24183842569
2024-11-09 17:15:00+00:00,75841.440995671
2024-11-09 17:16:00+00:00,75791.52295706884
2024-11-09 17:17:00+00:00,75755.2094705036
2024-11-09 17:18:00+00:00,75828.83192172897
2024-11-09 17:19:00+00:00,75858.28862044818
2024-11-09 17:20:00+00:00,75878.01220657276
2024-11-09 17:21:00+00:00,75899.42964902507
2024-11-09 17:22:00+00:00,75920.69695245518
2024-11-09 17:23:00+00:00,75925.1270902527
2024-11-09 17:24:00+00:00,75944.66318324607
2024-11-09 17:25:00+00:00,75944.23476865672
2024-11-09 17:26:00+00:00,75923.85589635854
2024-11-09 17:27:00+00:00,75936.87534234996
2024-11-09 17:28:00+00:00,75929.31401815182
2024-11-09 17:29:00+00:00,75973.4929463171
2024-11-09 17:30:00+00:00,75964.43043633125
2024-11-09 17:31:00+00:00,75985.36968609867
2024-11-09 17:32:00+00:00,75972.05605236656
2024-11-09 17:33:00+00:00,75962.70748261474
2024-11-09 17:34:00+00:00,75982.7121812596
2024-11-09 17:35:00+00:00,75964.84252964426
2024-11-09 17:36:00+00:00,75964.61799168975
2024-11-09 17:37:00+00:00,75970.5639243028
2024-11-09 17:38:00+00:00,75979.2139041096
2024-11-09 17:39:00+00:00,76018.08063716814
2024-11-09 17:40:00+00:00,76072.71727771679
2024-11-09 17:41:00+00:00,76078.65599634369
2024-11-09 17:42:00+00:00,76072.6341860465
2024-11-09 17:43:00+00:00,76043.27958051421
2024-11-09 17:44:00+00:00,76044.7601994302
2024-11-09 17:45:00+00:00,76017.33224309392
2024-11-09 17:46:00+00:00,76005.03796363637
2024-11-09 17:47:00+00:00,76039.88195473251
2024-11-09 17:48:00+00:00,76060.29979073245
2024-11-09 17:49:00+00:00,76067.74833795014
2024-11-09 17:50:00+00:00,76110.40967658474
2024-11-09 17:51:00+00:00,76128.69003759399
2024-11-09 17:52:00+00:00,76119.48543756145
2024-11-09 17:53:00+00:00,76160.27066498317
2024-11-09 17:54:00+00:00,76173.93487621097
2024-11-09 17:55:00+00:00,76175.88978441128
2024-11-09 17:56:00+00:00,76195.44894805194
2024-11-09 17:57:00+00:00,76228.36552599758
2024-11-09 17:58:00+00:00,76220.23821167884
2024-11-09 17:59:00+00:00,76228.480912
2024-11-09 18:00:00+00:00,76226.66368421054
2024-11-09 18:01:00+00:00,76206.72256513027
2024-11-09 18:02:00+00:00,76230.075275
2024-11-09 18:03:00+00:00,76229.17762685403
2024-11-09 18:04:00+00:00,76245.28765029636
2024-11-09 18:05:00+00:00,76253.20333333332
2024-11-09 18:06:00+00:00,76223.8899099723
2024-11-09 18:07:00+00:00,76241.48323728814
2024-11-09 18:08:00+00:00,76222.5341130092
2024-11-09 18:09:00+00:00,76230.49264119602
2024-11-09 18:10:00+00:00,76236.3597302505
2024-11-09 18:11:00+00:00,76220.53355987056
2024-11-09 18:12:00+00:00,76212.26736625514
2024-11-09 18:13:00+00:00,76203.30482993198
2024-11-09 18:14:00+00:00,76199.1965034965
2024-11-09 18:15:00+00:00,76205.5418801653
2024-11-09 18:16:00+00:00,76231.63029315961
2024-11-09 18:17:00+00:00,76312.43797737556
2024-11-09 18:18:00+00:00,76326.79783730158
2024-11-09 18:19:00+00:00,76298.98489539749
2024-11-09 18:20:00+00:00,76286.96578389831
2024-11-09 18:21:00+00:00,76289.42035595106
2024-11-09 18:22:00+00:00,76311.71765578634
2024-11-09 18:23:00+00:00,76311.77004032258
2024-11-09 18:24:00+00:00,76321.56570588234
2024-11-09 18:25:00+00:00,76334.79108988764
2024-11-09 18:26:00+00:00,76318.92464944649
2024-11-09 18:27:00+00:00,76311.61516129032
2024-11-09 18:28:00+00:00,76307.28205882352
2024-11-09 18:29:00+00:00,76309.85849557522
2024-11-09 18:30:00+00:00,76311.16901176471
2024-11-09 18:31:00+00:00,76302.29742805754
2024-11-09 18:32:00+00:00,76301.06099322799
2024-11-09 18:33:00+00:00,76319.44991044776
2024-11-09 18:34:00+00:00,76338.2917948718
2024-11-09 18:35:00+00:00,76340.93243589744
2024-11-09 18:36:00+00:00,76341.56364729459
2024-11-09 18:37:00+00:00,76342.65566951568
2024-11-09 18:38:00+00:00,76328.59252918289
2024-11-09 18:39:00+00:00,76323.7893181818
2024-11-09 18:40:00+00:00,76321.68365482234
2024-11-09 18:41:00+00:00,76349.90127249357
2024-11-09 18:42:00+00:00,76359.87846905537
2024-11-09 18:43:00+00:00,76352.43146766169
2024-11-09 18:44:00+00:00,76341.617539823
2024-11-09 18:45:00+00:00,76347.36944715447
2024-11-09 18:46:00+00:00,76353.213046875
2024-11-09 18:47:00+00:00,76372.8768969697
2024-11-09 18:48:00+00:00,76367.79634429401
2024-11-09 18:49:00+00:00,76365.66576994435
2024-11-09 18:50:00+00:00,76349.62458272328
2024-11-09 18:51:00+00:00,76332.99171662125
2024-11-09 18:52:00+00:00,76343.76413978495
2024-11-09 18:53:00+00:00,76358.00739219713
2024-11-09 18:54:00+00:00,76379.89166666666
2024-11-09 18:55:00+00:00,76371.98043250327
2024-11-09 18:56:00+00:00,76365.59598802395
2024-11-09 18:57:00+00:00,76356.79394202899
2024-11-09 18:58:00+00:00,76356.43509803922
2024-11-09 18:59:00+00:00,76364.65888888888
2024-11-09 19:00:00+00:00,76348.2875502008
2024-11-09 19:01:00+00:00,76537.5254189785
2024-11-09 19:02:00+00:00,76608.28088423895
2024-11-09 19:03:00+00:00,76632.78506351447
2024-11-09 19:04:00+00:00,76599.04261640798
2024-11-09 19:05:00+00:00,76497.6392740403
2024-11-09 19:06:00+00:00,76543.55791052918
2024-11-09 19:07:00+00:00,76549.68313534567
2024-11-09 19:08:00+00:00,76533.71699376947
2024-11-09 19:09:00+00:00,76480.37310880829
2024-11-09 19:10:00+00:00,76473.90658666666
2024-11-09 19:11:00+00:00,76488.19203574205
2024-11-09 19:12:00+00:00,76510.79101761253
2024-11-09 19:13:00+00:00,76500.51100247525
2024-11-09 19:14:00+00:00,76504.79269779507
2024-11-09 19:15:00+00:00,76488.2561898305
2024-11-09 19:16:00+00:00,76427.5472325899
2024-11-09 19:17:00+00:00,76480.19969221836
2024-11-09 19:18:00+00:00,76507.42543806646
2024-11-09 19:19:00+00:00,76519.9094282511
2024-11-09 19:20:00+00:00,76524.20535135135
2024-11-09 19:21:00+00:00,76492.00171171171
2024-11-09 19:22:00+00:00,76433.46120451693
2024-11-09 19:23:00+00:00,76409.71682085787
2024-11-09 19:24:00+00:00,76396.02436383929
2024-11-09 19:25:00+00:00,76367.52402859546
2024-11-09 19:26:00+00:00,76382.69208920188
2024-11-09 19:27:00+00:00,76387.71762773722
2024-11-09 19:28:00+00:00,76372.13002369668
2024-11-09 19:29:00+00:00,76364.07864583333
2024-11-09 19:30:00+00:00,76341.99072943171
2024-11-09 19:31:00+00:00,76336.1678030303
2024-11-09 19:32:00+00:00,76231.61568476977
2024-11-09 19:33:00+00:00,76211.89745467731
2024-11-09 19:34:00+00:00,76218.79075688073
2024-11-09 19:35:00+00:00,76220.53068846815
2024-11-09 19:36:00+00:00,76189.85949823944
2024-11-09 19:37:00+00:00,76157.18456678701
2024-11-09 19:38:00+00:00,76134.49743330266
2024-11-09 19:39:00+00:00,76171.13354051053
2024-11-09 19:40:00+00:00,76169.78571997724
2024-11-09 19:41:00+00:00,76166.55329532498
2024-11-09 19:42:00+00:00,76150.73822222222
2024-11-09 19:43:00+00:00,76129.08647244093
2024-11-09 19:44:00+00:00,76127.07197640117
2024-11-09 19:45:00+00:00,76133.57633898305
2024-11-09 19:46:00+00:00,76152.28031847134
2024-11-09 19:47:00+00:00,76158.72546242776
2024-11-09 19:48:00+00:00,76165.42389162561
2024-11-09 19:49:00+00:00,76170.44807142857
2024-11-09 19:50:00+00:00,76184.74237288136
2024-11-09 19:51:00+00:00,76183.8231081081
2024-11-09 19:52:00+00:00,76186.17589572193
2024-11-09 19:53:00+00:00,76167.34092
2024-11-09 19:54:00+00:00,76171.59619771864
2024-11-09 19:55:00+00:00,76169.80617647059
2024-11-09 19:56:00+00:00,76158.9817628205
2024-11-09 19:57:00+00:00,76179.1181088083
2024-11-09 19:58:00+00:00,76196.5566091954
2024-11-09 19:59:00+00:00,76204.91508474576
2024-11-09 20:00:00+00:00,76193.4320242915
2024-11-09 20:01:00+00:00,76199.5630672269
2024-11-09 20:02:00+00:00,76199.5638405797
2024-11-09 20:03:00+00:00,76189.89039130435
2024-11-09 20:04:00+00:00,76203.9078164557
2024-11-09 20:05:00+00:00,76226.34805882353
2024-11-09 20:06:00+00:00,76232.9279123414
2024-11-09 20:07:00+00:00,76247.43628125
2024-11-09 20:08:00+00:00,76245.30594254938
2024-11-09 20:09:00+00:00,76261.630243309
2024-11-09 20:10:00+00:00,76276.33683636363
2024-11-09 20:11:00+00:00,76284.33177018634
2024-11-09 20:12:00+00:00,76296.43133333333
2024-11-09 20:13:00+00:00,76329.12272814602
2024-11-09 20:14:00+00:00,76307.99119311194
2024-11-09 20:15:00+00:00,76309.55994011977
2024-11-09 20:16:00+00:00,76322.07835411472
2024-11-09 20:17:00+00:00,76284.8983502825
2024-11-09 20:18:00+00:00,76269.100906801
2024-11-09 20:19:00+00:00,76262.38901746726
2024-11-09 20:20:00+00:00,76260.53757575758
2024-11-09 20:21:00+00:00,76248.32748076924
2024-11-09 20:22:00+00:00,76300.96065585331
2024-11-09 20:23:00+00:00,76342.18410389611
2024-11-09 20:24:00+00:00,76352.2664846154
2024-11-09 20:25:00+00:00,76345.37433262712
2024-11-09 20:26:00+00:00,76357.36671755726
2024-11-09 20:27:00+00:00,76337.78462577963
2024-11-09 20:28:00+00:00,76324.17964367816
2024-11-09 20:29:00+00:00,76328.47236245955
2024-11-09 20:30:00+00:00,76299.69295377679
2024-11-09 20:31:00+00:00,76289.66464171122
2024-11-09 20:32:00+00:00,76331.07506535947
2024-11-09 20:33:00+00:00,76322.5707311828
2024-11-09 20:34:00+00:00,76323.01798960139
2024-11-09 20:35:00+00:00,76321.03408421052
2024-11-09 20:36:00+00:00,76329.28698591549
2024-11-09 20:37:00+00:00,76334.87858565737
2024-11-09 20:38:00+00:00,76324.62526645769
2024-11-09 20:39:00+00:00,76308.12918469218
2024-11-09 20:40:00+00:00,76322.88328719723
2024-11-09 20:41:00+00:00,76326.04687732342
2024-11-09 20:42:00+00:00,76321.9776899696
2024-11-09 20:43:00+00:00,76321.7152247191
2024-11-09 20:44:00+00:00,76330.3455890411
2024-11-09 20:45:00+00:00,76317.86948377581
2024-11-09 20:46:00+00:00,76297.31578282829
2024-11-09 20:47:00+00:00,76298.50358078603
2024-11-09 20:48:00+00:00,76284.82292067308
2024-11-09 20:49:00+00:00,76246.96047559449
2024-11-09 20:50:00+00:00,76238.79815899582
2024-11-09 20:51:00+00:00,76245.46145
2024-11-09 20:52:00+00:00,76273.13760076775
2024-11-09 20:53:00+00:00,76270.35725806451
2024-11-09 20:54:00+00:00,76270.45980769231
2024-11-09 20:55:00+00:00,76263.00310679612
2024-11-09 20:56:00+00:00,76283.45227969349
2024-11-09 20:57:00+00:00,76298.5056521739
2024-11-09 20:58:00+00:00,76286.75283702214
2024-11-09 20:59:00+00:00,76292.58227027027
2024-11-09 21:00:00+00:00,76288.13530797101
2024-11-09 21:01:00+00:00,76290.3623098202
2024-11-09 21:02:00+00:00,76269.50585714285
2024-11-09 21:03:00+00:00,76263.93039358601
2024-11-09 21:04:00+00:00,76248.524180602
2024-11-09 21:05:00+00:00,76267.12598923284
2024-11-09 21:06:00+00:00,76262.19053763441
2024-11-09 21:07:00+00:00,76234.63942424243
2024-11-09 21:08:00+00:00,76240.83318906606
2024-11-09 21:09:00+00:00,76241.45477678571
2024-11-09 21:10:00+00:00,76261.7739010989
2024-11-09 21:11:00+00:00,76265.31891428572
2024-11-09 21:12:00+00:00,76259.26922829582
2024-11-09 21:13:00+00:00,76252.06912442396
2024-11-09 21:14:00+00:00,76241.30930635838
2024-11-09 21:15:00+00:00,76244.63291079813
2024-11-09 21:16:00+00:00,76245.75148717948
2024-11-09 21:17:00+00:00,76252.43459343794
2024-11-09 21:18:00+00:00,76268.95846938776
2024-11-09 21:19:00+00:00,76262.64923963134
2024-11-09 21:20:00+00:00,76284.31443868739
2024-11-09 21:21:00+00:00,76329.21127906977
2024-11-09 21:22:00+00:00,76347.9230496454
2024-11-09 21:23:00+00:00,76352.48021598272
2024-11-09 21:24:00+00:00,76379.4229347826
2024-11-09 21:25:00+00:00,76373.8212952381
2024-11-09 21:26:00+00:00,76364.62879464286
2024-11-09 21:27:00+00:00,76434.27007228916
2024-11-09 21:28:00+00:00,76465.50529411765
2024-11-09 21:29:00+00:00,76448.33807106598
2024-11-09 21:30:00+00:00,76417.70646137788
2024-11-09 21:31:00+00:00,76401.93083941606
2024-11-09 21:32:00+00:00,76404.97861742425
2024-11-09 21:33:00+00:00,76399.32189274448
2024-11-09 21:34:00+00:00,76378.2087732342
2024-11-09 21:35:00+00:00,76392.9146583851
2024-11-09 21:36:00+00:00,76377.7520661157
2024-11-09 21:37:00+00:00,76368.15613772455
2024-11-09 21:38:00+00:00,76355.22685258965
2024-11-09 21:39:00+00:00,76344.14350340137
2024-11-09 21:40:00+00:00,76351.06806878308
2024-11-09 21:41:00+00:00,76359.81898550724
2024-11-09 21:42:00+00:00,76360.68754189945
2024-11-09 21:43:00+00:00,76364.92894736842
2024-11-09 21:44:00+00:00,76394.32449901769
2024-11-09 21:45:00+00:00,76413.66445295405
2024-11-09 21:46:00+00:00,76404.0161690141
2024-11-09 21:47:00+00:00,76416.08331578948
2024-11-09 21:48:00+00:00,76414.6103440367
2024-11-09 21:49:00+00:00,76400.55941281139
2024-11-09 21:50:00+00:00,76388.84310344828
2024-11-09 21:51:00+00:00,76378.33292951541
2024-11-09 21:52:00+00:00,76366.54817460317
2024-11-09 21:53:00+00:00,76381.23824615385
2024-11-09 21:54:00+00:00,76385.54341880341
2024-11-09 21:55:00+00:00,76397.82832727273
2024-11-09 21:56:00+00:00,76423.73359447005
2024-11-09 21:57:00+00:00,76444.28942857143
2024-11-09 21:58:00+00:00,76455.3403409091
2024-11-09 21:59:00+00:00,76456.2175409836
2024-11-09 22:00:00+00:00,76442.26768089054
2024-11-09 22:01:00+00:00,76431.36846330274
2024-11-09 22:02:00+00:00,76453.29035587188
2024-11-09 22:03:00+00:00,76445.57782511211
2024-11-09 22:04:00+00:00,76447.32577235773
2024-11-09 22:05:00+00:00,76423.30828375286
2024-11-09 22:06:00+00:00,76400.59401345291
2024-11-09 22:07:00+00:00,76377.23590090091
2024-11-09 22:08:00+00:00,76379.81681818182
2024-11-09 22:09:00+00:00,76384.53213709677
2024-11-09 22:10:00+00:00,76393.8567896679
2024-11-09 22:11:00+00:00,76392.58294294294
2024-11-09 22:12:00+00:00,76388.945942029
2024-11-09 22:13:00+00:00,76386.0579
2024-11-09 22:14:00+00:00,76382.39110000001
2024-11-09 22:15:00+00:00,76379.08396624473
2024-11-09 22:16:00+00:00,76378.14197986577
2024-11-09 22:17:00+00:00,76410.75277472528
2024-11-09 22:18:00+00:00,76423.94615615616
2024-11-09 22:19:00+00:00,76415.90883544303
2024-11-09 22:20:00+00:00,76404.01974576271
2024-11-09 22:21:00+00:00,76400.85358490566
2024-11-09 22:22:00+00:00,76400.8545882353
2024-11-09 22:23:00+00:00,76400.85553333334
2024-11-09 22:24:00+00:00,76404.81060897435
2024-11-09 22:25:00+00:00,76409.7539261745
2024-11-09 22:26:00+00:00,76419.07962962963
2024-11-09 22:27:00+00:00,76427.9937593985
2024-11-09 22:28:00+00:00,76432.47531353135
2024-11-09 22:29:00+00:00,76455.111125
2024-11-09 22:30:00+00:00,76484.02796341463
2024-11-09 22:31:00+00:00,76476.57514367816
2024-11-09 22:32:00+00:00,76449.87712053572
2024-11-09 22:33:00+00:00,76454.52420042644
2024-11-09 22:34:00+00:00,76477.33438596492
2024-11-09 22:35:00+00:00,76475.09261728395
2024-11-09 22:36:00+00:00,76481.79647233202
2024-11-09 22:37:00+00:00,76482.23117521367
2024-11-09 22:38:00+00:00,76484.422654321
2024-11-09 22:39:00+00:00,76498.44809338522
2024-11-09 22:40:00+00:00,76506.3803773585
2024-11-09 22:41:00+00:00,76485.74956521738
2024-11-09 22:42:00+00:00,76479.44478991596
2024-11-09 22:43:00+00:00,76487.94894308943
2024-11-09 22:44:00+00:00,76517.38790229885
2024-11-09 22:45:00+00:00,76494.12349378882
2024-11-09 22:46:00+00:00,76556.37302235929
2024-11-09 22:47:00+00:00,76579.66361363637
2024-11-09 22:48:00+00:00,76564.47958093674
2024-11-09 22:49:00+00:00,76504.3661878882
2024-11-09 22:50:00+00:00,76449.9554422915
2024-11-09 22:51:00+00:00,76421.18135057471
2024-11-09 22:52:00+00:00,76463.11558484349
2024-11-09 22:53:00+00:00,76498.31194887118
2024-11-09 22:54:00+00:00,76466.80232673268
2024-11-09 22:55:00+00:00,76528.53390526825
2024-11-09 22:56:00+00:00,76555.65890180878
2024-11-09 22:57:00+00:00,76535.85098422713
2024-11-09 22:58:00+00:00,76559.75295760082
2024-11-09 22:59:00+00:00,76557.0552259332
2024-11-09 23:00:00+00:00,76514.8607138745
2024-11-09 23:01:00+00:00,76508.81512901527
2024-11-09 23:02:00+00:00,76579.07668161434
2024-11-09 23:03:00+00:00,76570.2441020236
2024-11-09 23:04:00+00:00,76598.6925589707
2024-11-09 23:05:00+00:00,76624.32858923884
2024-11-09 23:06:00+00:00,76603.20999999999
2024-11-09 23:07:00+00:00,76608.37737564322
2024-11-09 23:08:00+00:00,76662.71942799461
2024-11-09 23:09:00+00:00,76719.42724442737
2024-11-09 23:10:00+00:00,76687.4389657684
2024-11-09 23:11:00+00:00,76633.94669623059
2024-11-09 23:12:00+00:00,76630.49192331101
2024-11-09 23:13:00+00:00,76633.28957848837
2024-11-09 23:14:00+00:00,76619.53172839507
2024-11-09 23:15:00+00:00,76611.31767164178
2024-11-09 23:16:00+00:00,76607.28695611577
2024-11-09 23:17:00+00:00,76589.06129527991
2024-11-09 23:18:00+00:00,76611.42262872629
2024-11-09 23:19:00+00:00,76654.41618439717
2024-11-09 23:20:00+00:00,76720.22990572879
2024-11-09 23:21:00+00:00,76745.16882205513
2024-11-09 23:22:00+00:00,76748.27886363635
2024-11-09 23:23:00+00:00,76761.64959079283
2024-11-09 23:24:00+00:00,76763.00895781638
2024-11-09 23:25:00+00:00,76798.31929790536
2024-11-09 23:26:00+00:00,76847.12245943639
2024-11-09 23:27:00+00:00,76850.78005253941
2024-11-09 23:28:00+00:00,76815.92401031592
2024-11-09 23:29:00+00:00,76807.78064102563
2024-11-09 23:30:00+00:00,76837.70481246027
2024-11-09 23:31:00+00:00,76851.15221200981
2024-11-09 23:32:00+00:00,76845.67599386034
2024-11-09 23:33:00+00:00,76769.09060918946
2024-11-09 23:34:00+00:00,76779.49347046413
2024-11-09 23:35:00+00:00,76798.79617219917
2024-11-09 23:36:00+00:00,76817.21094327598
2024-11-09 23:37:00+00:00,76827.93050895381
2024-11-09 23:38:00+00:00,76869.8969667319
2024-11-09 23:39:00+00:00,76887.18724425886
2024-11-09 23:40:00+00:00,76882.34803225807
2024-11-09 23:41:00+00:00,76863.50364498644
2024-11-09 23:42:00+00:00,76870.47029032258
2024-11-09 23:43:00+00:00,76894.268157277
2024-11-09 23:44:00+00:00,76897.16462765957
2024-11-09 23:45:00+00:00,76892.6076726058
2024-11-09 23:46:00+00:00,76861.84134354744
2024-11-09 23:47:00+00:00,76821.78789418544
2024-11-09 23:48:00+00:00,76772.62530812324
2024-11-09 23:49:00+00:00,76800.0993608653
2024-11-09 23:50:00+00:00,76831.15950191571
2024-11-09 23:51:00+00:00,76806.32624538064
2024-11-09 23:52:00+00:00,76646.86999658587
2024-11-09 23:53:00+00:00,76647.99882022472
2024-11-09 23:54:00+00:00,76638.749696
2024-11-09 23:55:00+00:00,76626.25777777778
2024-11-09 23:56:00+00:00,76688.0049602122
2024-11-09 23:57:00+00:00,76749.88823246879
2024-11-09 23:58:00+00:00,76754.02247776366
2024-11-09 23:59:00+00:00,76691.84573684211
2024-11-10 00:00:00+00:00,76700.12223892406
2024-11-10 00:01:00+00:00,76652.05086206897
2024-11-10 00:02:00+00:00,76586.28740131579
2024-11-10 00:03:00+00:00,76554.75031601124
2024-11-10 00:04:00+00:00,76525.99531067445
2024-11-10 00:05:00+00:00,76574.6996178344
2024-11-10 00:06:00+00:00,76607.9129380054
2024-11-10 00:07:00+00:00,76566.18428037383
2024-11-10 00:08:00+00:00,76557.88798449612
2024-11-10 00:09:00+00:00,76587.74677319587
2024-11-10 00:10:00+00:00,76601.04880645161
2024-11-10 00:11:00+00:00,76627.1069710145
2024-11-10 00:12:00+00:00,76638.11399253731
2024-11-10 00:13:00+00:00,76657.84012987014
2024-11-10 00:14:00+00:00,76676.51793168881
2024-11-10 00:15:00+00:00,76706.17974358975
2024-11-10 00:16:00+00:00,76722.6377258567
2024-11-10 00:17:00+00:00,76732.61191489361
2024-11-10 00:18:00+00:00,76715.32418882979
2024-11-10 00:19:00+00:00,76730.9689321608
2024-11-10 00:20:00+00:00,76674.3575771605
2024-11-10 00:21:00+00:00,76625.24808262712
2024-11-10 00:22:00+00:00,76657.24546822743
2024-11-10 00:23:00+00:00,76719.66399768251
2024-11-10 00:24:00+00:00,76750.03014347202
2024-11-10 00:25:00+00:00,76741.71968031969
2024-11-10 00:26:00+00:00,76794.05328706626
2024-11-10 00:27:00+00:00,76859.81571044134
2024-11-10 00:28:00+00:00,76855.08516956161
2024-11-10 00:29:00+00:00,76799.08789761092
2024-11-10 00:30:00+00:00,76787.38410484669
2024-11-10 00:31:00+00:00,76774.50282442747
2024-11-10 00:32:00+00:00,76769.95527347781
2024-11-10 00:33:00+00:00,76735.12647849463
2024-11-10 00:34:00+00:00,76723.37202312138
2024-11-10 00:35:00+00:00,76706.96595776772
2024-11-10 00:36:00+00:00,76689.09813302217
2024-11-10 00:37:00+00:00,76687.72361477572
2024-11-10 00:38:00+00:00,76750.97505509642
2024-11-10 00:39:00+00:00,76786.17141768293
2024-11-10 00:40:00+00:00,76768.46591346154
2024-11-10 00:41:00+00:00,76771.00801292407
2024-11-10 00:42:00+00:00,76824.14497297298
2024-11-10 00:43:00+00:00,76852.51013677812
2024-11-10 00:44:00+00:00,76887.98757225434
2024-11-10 00:45:00+00:00,76909.17386193098
2024-11-10 00:46:00+00:00,76952.41749449339
2024-11-10 00:47:00+00:00,76934.29988980717
2024-11-10 00:48:00+00:00,76944.7599373494
2024-11-10 00:49:00+00:00,76891.92395820528
2024-11-10 00:50:00+00:00,76907.49786231884
2024-11-10 00:51:00+00:00,76939.53141921398
2024-11-10 00:52:00+00:00,76913.5784372858
2024-11-10 00:53:00+00:00,76923.07412830189
2024-11-10 00:54:00+00:00,76904.19421631531
2024-11-10 00:55:00+00:00,76937.29516516517
2024-11-10 00:56:00+00:00,76969.36165249089
2024-11-10 00:57:00+00:00,77037.18278887923
2024-11-10 00:58:00+00:00,76999.1095054945
2024-11-10 00:59:00+00:00,76917.92934939759
2024-11-10 01:00:00+00:00,76823.45019061584
2024-11-10 01:01:00+00:00,76798.8246384872
2024-11-10 01:02:00+00:00,76847.85879506642
2024-11-10 01:03:00+00:00,76909.72368770765
2024-11-10 01:04:00+00:00,76925.49976206213
2024-11-10 01:05:00+00:00,76889.94957418495
2024-11-10 01:06:00+00:00,76894.72195760599
2024-11-10 01:07:00+00:00,76842.08061420346
2024-11-10 01:08:00+00:00,76805.64704103672
2024-11-10 01:09:00+00:00,76747.7201856764
2024-11-10 01:10:00+00:00,76716.32027734976
2024-11-10 01:11:00+00:00,76758.68772623138
2024-11-10 01:12:00+00:00,76745.92713870734
2024-11-10 01:13:00+00:00,76742.4109260121
2024-11-10 01:14:00+00:00,76726.09343777198
2024-11-10 01:15:00+00:00,76763.83029661016
2024-11-10 01:16:00+00:00,76766.58814144737
2024-11-10 01:17:00+00:00,76716.33991364422
2024-11-10 01:18:00+00:00,76729.83762062129
2024-11-10 01:19:00+00:00,76715.03993745113
2024-11-10 01:20:00+00:00,76718.46838638859
2024-11-10 01:21:00+00:00,76701.93207317073
2024-11-10 01:22:00+00:00,76706.81223274696
2024-11-10 01:23:00+00:00,76699.51749780509
2024-11-10 01:24:00+00:00,76734.93471299094
2024-11-10 01:25:00+00:00,76767.06293085655
2024-11-10 01:26:00+00:00,76772.8149816581
2024-11-10 01:27:00+00:00,76741.38642642643
2024-11-10 01:28:00+00:00,76759.09137745974
2024-11-10 01:29:00+00:00,76781.20704488778
2024-11-10 01:30:00+00:00,76797.7428886311
2024-11-10 01:31:00+00:00,76836.66360476664
2024-11-10 01:32:00+00:00,76780.43961769524
2024-11-10 01:33:00+00:00,76702.46540308748
2024-11-10 01:34:00+00:00,76707.94399022801
2024-11-10 01:35:00+00:00,76725.19723180795
2024-11-10 01:36:00+00:00,76759.39243537415
2024-11-10 01:37:00+00:00,76744.82731671554
2024-11-10 01:38:00+00:00,76721.7480044593
2024-11-10 01:39:00+00:00,76702.03512922465
2024-11-10 01:40:00+00:00,76698.4785109489
2024-11-10 01:41:00+00:00,76708.06157938487
2024-11-10 01:42:00+00:00,76706.65952380952
2024-11-10 01:43:00+00:00,76707.53811833171
2024-11-10 01:44:00+00:00,76719.66203931204
2024-11-10 01:45:00+00:00,76717.29371359224
2024-11-10 01:46:00+00:00,76728.5562362972
2024-11-10 01:47:00+00:00,76731.616704947
2024-11-10 01:48:00+00:00,76752.44507082153
2024-11-10 01:49:00+00:00,76768.44260869565
2024-11-10 01:50:00+00:00,76782.6999726527
2024-11-10 01:51:00+00:00,76758.25434782609
2024-11-10 01:52:00+00:00,76718.38172445256
2024-11-10 01:53:00+00:00,76701.42667539266
2024-11-10 01:54:00+00:00,76702.49580385852
2024-11-10 01:55:00+00:00,76701.36679054055
2024-11-10 01:56:00+00:00,76703.6806849315
2024-11-10 01:57:00+00:00,76697.9524044586
2024-11-10 01:58:00+00:00,76686.22835095137
2024-11-10 01:59:00+00:00,76697.40650897226
2024-11-10 02:00:00+00:00,76726.70236453202
2024-11-10 02:01:00+00:00,76717.83671156006
2024-11-10 02:02:00+00:00,76709.93251824817
2024-11-10 02:03:00+00:00,76705.4386688852
2024-11-10 02:04:00+00:00,76675.00703896105
2024-11-10 02:05:00+00:00,76666.17144817073
2024-11-10 02:06:00+00:00,76673.01246462265
2024-11-10 02:07:00+00:00,76670.06051975052
2024-11-10 02:08:00+00:00,76831.78499626866
2024-11-10 02:09:00+00:00,76864.33511168385
2024-11-10 02:10:00+00:00,76874.48625506072
2024-11-10 02:11:00+00:00,76891.47526450512
2024-11-10 02:12:00+00:00,76858.94635061391
2024-11-10 02:13:00+00:00,76857.28388758782
2024-11-10 02:14:00+00:00,76871.42964941569
2024-11-10 02:15:00+00:00,76883.7237009804
2024-11-10 02:16:00+00:00,76901.91280864198
2024-11-10 02:17:00+00:00,76920.17025362319
2024-11-10 02:18:00+00:00,76955.01047619048
2024-11-10 02:19:00+00:00,77196.80167880638
2024-11-10 02:20:00+00:00,77155.30634533898
2024-11-10 02:21:00+00:00,77100.5511569149
2024-11-10 02:22:00+00:00,77087.58007928642
2024-11-10 02:23:00+00:00,77159.93751950719
2024-11-10 02:24:00+00:00,77185.85077840909
2024-11-10 02:25:00+00:00,77236.32355687048
2024-11-10 02:26:00+00:00,77344.10420557551
2024-11-10 02:27:00+00:00,77424.99655507336
2024-11-10 02:28:00+00:00,77437.17052453988
2024-11-10 02:29:00+00:00,77366.61576997298
2024-11-10 02:30:00+00:00,77248.32101140684
2024-11-10 02:31:00+00:00,77181.06217351598
2024-11-10 02:32:00+00:00,77228.20602299953
2024-11-10 02:33:00+00:00,77239.21683640737
2024-11-10 02:34:00+00:00,77241.93245989305
2024-11-10 02:35:00+00:00,77247.82120967741
2024-11-10 02:36:00+00:00,77211.03778425656
2024-11-10 02:37:00+00:00,77196.450704388
2024-11-10 02:38:00+00:00,77191.06881959911
2024-11-10 02:39:00+00:00,77222.49952054795
2024-11-10 02:40:00+00:00,77268.23439097745
2024-11-10 02:41:00+00:00,77318.34291639236
2024-11-10 02:42:00+00:00,77354.3963670412
2024-11-10 02:43:00+00:00,77371.53616952788
2024-11-10 02:44:00+00:00,77383.78770042193
2024-11-10 02:45:00+00:00,77419.94035025382
2024-11-10 02:46:00+00:00,77458.00316943521
2024-11-10 02:47:00+00:00,77415.42889962201
2024-11-10 02:48:00+00:00,77325.82129433728
2024-11-10 02:49:00+00:00,77347.95064917127
2024-11-10 02:50:00+00:00,77347.0476974231
2024-11-10 02:51:00+00:00,77335.59682197496
2024-11-10 02:52:00+00:00,77373.45456627342
2024-11-10 02:53:00+00:00,77363.24644583707
2024-11-10 02:54:00+00:00,77366.99755066079
2024-11-10 02:55:00+00:00,77352.60228937729
2024-11-10 02:56:00+00:00,77329.72319090909
2024-11-10 02:57:00+00:00,77139.94003219964
2024-11-10 02:58:00+00:00,77064.18286754003
2024-11-10 02:59:00+00:00,77055.96901960784
2024-11-10 03:00:00+00:00,77054.6262138954
2024-11-10 03:01:00+00:00,77018.23395500725
2024-11-10 03:02:00+00:00,76999.55622552858
2024-11-10 03:03:00+00:00,77040.22814696486
2024-11-10 03:04:00+00:00,77042.4999245064
2024-11-10 03:05:00+00:00,77068.21722173532
2024-11-10 03:06:00+00:00,77126.830799458
2024-11-10 03:07:00+00:00,77170.6381120944
2024-11-10 03:08:00+00:00,77152.12141964285
2024-11-10 03:09:00+00:00,77165.37471030043
2024-11-10 03:10:00+00:00,77132.79995054401
2024-11-10 03:11:00+00:00,77107.01048206277
2024-11-10 03:12:00+00:00,77170.42280196628
2024-11-10 03:13:00+00:00,77225.87863287251
2024-11-10 03:14:00+00:00,77213.36510392609
2024-11-10 03:15:00+00:00,77236.70015568862
2024-11-10 03:16:00+00:00,77260.3438737864
2024-11-10 03:17:00+00:00,77299.19162723601
2024-11-10 03:18:00+00:00,77303.0659148265
2024-11-10 03:19:00+00:00,77372.2281652174
2024-11-10 03:20:00+00:00,77384.55653005464
2024-11-10 03:21:00+00:00,77397.76091543832
2024-11-10 03:22:00+00:00,77403.24067484663
2024-11-10 03:23:00+00:00,77378.99419354838
2024-11-10 03:24:00+00:00,77349.2591931217
2024-11-10 03:25:00+00:00,77316.8813064133
2024-11-10 03:26:00+00:00,77324.5587867647
2024-11-10 03:27:00+00:00,77327.80032818533
2024-11-10 03:28:00+00:00,77351.49438356164
2024-11-10 03:29:00+00:00,77377.57738359201
2024-11-10 03:30:00+00:00,77359.38263705104
2024-11-10 03:31:00+00:00,77338.04721577726
2024-11-10 03:32:00+00:00,77321.39675994108
2024-11-10 03:33:00+00:00,77306.65740294511
2024-11-10 03:34:00+00:00,77295.74969444444
2024-11-10 03:35:00+00:00,77277.52042435424
2024-11-10 03:36:00+00:00,77299.6621413502
2024-11-10 03:37:00+00:00,77300.19904173107
2024-11-10 03:38:00+00:00,77308.87916334662
2024-11-10 03:39:00+00:00,77321.99740131578
2024-11-10 03:40:00+00:00,77305.61717425432
2024-11-10 03:41:00+00:00,77286.76545667447
2024-11-10 03:42:00+00:00,77304.04203155819
2024-11-10 03:43:00+00:00,77277.77640953717
2024-11-10 03:44:00+00:00,77323.35069239502
2024-11-10 03:45:00+00:00,77312.1585483871
2024-11-10 03:46:00+00:00,77268.5708031496
2024-11-10 03:47:00+00:00,77282.04666666666
2024-11-10 03:48:00+00:00,77269.32477777777
2024-11-10 03:49:00+00:00,77271.22415360501
2024-11-10 03:50:00+00:00,77243.50863636364
2024-11-10 03:51:00+00:00,77242.69132492114
2024-11-10 03:52:00+00:00,77251.08257425742
2024-11-10 03:53:00+00:00,77233.05132049519
2024-11-10 03:54:00+00:00,77221.44915730337
2024-11-10 03:55:00+00:00,77216.60681008903
2024-11-10 03:56:00+00:00,77212.96878520041
2024-11-10 03:57:00+00:00,77219.60702241196
2024-11-10 03:58:00+00:00,77225.41461229947
2024-11-10 03:59:00+00:00,77211.5805544933
2024-11-10 04:00:00+00:00,77220.89467811158
2024-11-10 04:01:00+00:00,77188.35691071428
2024-11-10 04:02:00+00:00,77179.83917076167
2024-11-10 04:03:00+00:00,77189.08195652174
2024-11-10 04:04:00+00:00,77164.84777192982
2024-11-10 04:05:00+00:00,77154.98620545074
2024-11-10 04:06:00+00:00,77207.46857727738
2024-11-10 04:07:00+00:00,77259.10182692308
2024-11-10 04:08:00+00:00,77286.6733559322
2024-11-10 04:09:00+00:00,77292.24336956523
2024-11-10 04:10:00+00:00,77282.74692695214
2024-11-10 04:11:00+00:00,77295.22830870279
2024-11-10 04:12:00+00:00,77320.29111336033
2024-11-10 04:13:00+00:00,77312.58403636364
2024-11-10 04:14:00+00:00,77300.80601063829
2024-11-10 04:15:00+00:00,77296.56858310627
2024-11-10 04:16:00+00:00,77304.3556954612
2024-11-10 04:17:00+00:00,77304.60134020618
2024-11-10 04:18:00+00:00,77318.70380813953
2024-11-10 04:19:00+00:00,77313.56913306452
2024-11-10 04:20:00+00:00,77318.70597315437
2024-11-10 04:21:00+00:00,77317.16137291281
2024-11-10 04:22:00+00:00,77320.83368484849
2024-11-10 04:23:00+00:00,77286.1210709838
2024-11-10 04:24:00+00:00,77287.87188153311
2024-11-10 04:25:00+00:00,77277.6243018868
2024-11-10 04:26:00+00:00,77279.85793959007
2024-11-10 04:27:00+00:00,77299.03547799696
2024-11-10 04:28:00+00:00,77290.46335365853
2024-11-10 04:29:00+00:00,77290.21511627907
2024-11-10 04:30:00+00:00,77297.76467557251
2024-11-10 04:31:00+00:00,77322.91461318052
2024-11-10 04:32:00+00:00,77365.48038557214
2024-11-10 04:33:00+00:00,77658.031552066
2024-11-10 04:34:00+00:00,77871.18852673171
2024-11-10 04:35:00+00:00,77922.93513034853
2024-11-10 04:36:00+00:00,77743.40163979161
2024-11-10 04:37:00+00:00,77741.23510337324
2024-11-10 04:38:00+00:00,77810.40393590105
2024-11-10 04:39:00+00:00,77831.96480599308
2024-11-10 04:40:00+00:00,77820.83753981559
2024-11-10 04:41:00+00:00,77738.64773456489
2024-11-10 04:42:00+00:00,77804.8491027067
2024-11-10 04:43:00+00:00,77806.89053185888
2024-11-10 04:44:00+00:00,77853.3438069705
2024-11-10 04:45:00+00:00,78009.41446476102
2024-11-10 04:46:00+00:00,77974.26619047619
2024-11-10 04:47:00+00:00,77955.11891717881
2024-11-10 04:48:00+00:00,77961.5565116279
2024-11-10 04:49:00+00:00,78079.64897614013
2024-11-10 04:50:00+00:00,78092.0007385855
2024-11-10 04:51:00+00:00,78165.79560211208
2024-11-10 04:52:00+00:00,78219.35850187266
2024-11-10 04:53:00+00:00,78566.31294426853
2024-11-10 04:54:00+00:00,78895.19018895976
2024-11-10 04:55:00+00:00,78805.28458488987
2024-11-10 04:56:00+00:00,78703.9007753051
2024-11-10 04:57:00+00:00,78843.91119980492
2024-11-10 04:58:00+00:00,79184.32680117802
2024-11-10 04:59:00+00:00,79052.89292328042
2024-11-10 05:00:00+00:00,78992.25074410837
2024-11-10 05:01:00+00:00,78869.43722641018
2024-11-10 05:02:00+00:00,78943.92834195482
2024-11-10 05:03:00+00:00,79110.67173640916
2024-11-10 05:04:00+00:00,78976.95642728316
2024-11-10 05:05:00+00:00,79038.67396401028
2024-11-10 05:06:00+00:00,79056.57570537801
2024-11-10 05:07:00+00:00,79108.40680626489
2024-11-10 05:08:00+00:00,79195.554028158
2024-11-10 05:09:00+00:00,79257.96684063633
2024-11-10 05:10:00+00:00,79162.00366297663
2024-11-10 05:11:00+00:00,79094.24009289782
2024-11-10 05:12:00+00:00,79187.59844040575
2024-11-10 05:13:00+00:00,79169.5112206235
2024-11-10 05:14:00+00:00,79099.2430073025
2024-11-10 05:15:00+00:00,79080.60450552209
2024-11-10 05:16:00+00:00,79106.07884210526
2024-11-10 05:17:00+00:00,79182.08282861896
2024-11-10 05:18:00+00:00,79247.80094939648
2024-11-10 05:19:00+00:00,79265.60539841914
2024-11-10 05:20:00+00:00,79235.6461304475
2024-11-10 05:21:00+00:00,79209.787908472
2024-11-10 05:22:00+00:00,79258.225874716
2024-11-10 05:23:00+00:00,79288.15411620295
2024-11-10 05:24:00+00:00,79312.12012225705
2024-11-10 05:25:00+00:00,79384.40385070839
2024-11-10 05:26:00+00:00,79428.76658765836
2024-11-10 05:27:00+00:00,79534.03731135622
2024-11-10 05:28:00+00:00,79522.29325406504
2024-11-10 05:29:00+00:00,79678.30018316445
2024-11-10 05:30:00+00:00,79587.0525699264
2024-11-10 05:31:00+00:00,79554.86766006098
2024-11-10 05:32:00+00:00,79471.50404281597
2024-11-10 05:33:00+00:00,79444.14774349933
2024-11-10 05:34:00+00:00,79446.91341523342
2024-11-10 05:35:00+00:00,79422.69456098719
2024-11-10 05:36:00+00:00,79509.74769683386
2024-11-10 05:37:00+00:00,79548.4700969932
2024-11-10 05:38:00+00:00,79553.89254503195
2024-11-10 05:39:00+00:00,79585.08381956912
2024-11-10 05:40:00+00:00,79554.1560778659
2024-11-10 05:41:00+00:00,79525.78907507508
2024-11-10 05:42:00+00:00,79634.38871780028
2024-11-10 05:43:00+00:00,79668.46738791422
2024-11-10 05:44:00+00:00,79572.96185830429
2024-11-10 05:45:00+00:00,79557.02998607242
2024-11-10 05:46:00+00:00,79565.72342337662
2024-11-10 05:47:00+00:00,79600.50805271651
2024-11-10 05:48:00+00:00,79598.96038782816
2024-11-10 05:49:00+00:00,79564.42732620321
2024-11-10 05:50:00+00:00,79567.73400428265
2024-11-10 05:51:00+00:00,79583.24948849106
2024-11-10 05:52:00+00:00,79560.89407159905
2024-11-10 05:53:00+00:00,79334.12998640073
2024-11-10 05:54:00+00:00,79207.07659506761
2024-11-10 05:55:00+00:00,79180.7850753012
2024-11-10 05:56:00+00:00,79069.24490319061
2024-11-10 05:57:00+00:00,79064.46778359512
2024-11-10 05:58:00+00:00,79165.3666841353
2024-11-10 05:59:00+00:00,79083.49431449632
2024-11-10 06:00:00+00:00,79022.0047416332
2024-11-10 06:01:00+00:00,78949.57642461198
2024-11-10 06:02:00+00:00,79097.07214249621
2024-11-10 06:03:00+00:00,78985.47477848102
2024-11-10 06:04:00+00:00,78924.77567253975
2024-11-10 06:05:00+00:00,78962.93756678997
2024-11-10 06:06:00+00:00,78993.22060156931
2024-11-10 06:07:00+00:00,79035.46975034673
2024-11-10 06:08:00+00:00,79095.50160363087
2024-11-10 06:09:00+00:00,79087.35631468896
2024-11-10 06:10:00+00:00,79166.62897386253
2024-11-10 06:11:00+00:00,79193.12795404815
2024-11-10 06:12:00+00:00,79212.46254170756
2024-11-10 06:13:00+00:00,79172.98207138678
2024-11-10 06:14:00+00:00,79143.26458368378
2024-11-10 06:15:00+00:00,79136.71464560863
2024-11-10 06:16:00+00:00,79084.77647608575
2024-11-10 06:17:00+00:00,79032.66252586208
2024-11-10 06:18:00+00:00,78989.45638624339
2024-11-10 06:19:00+00:00,79030.06838789888
2024-11-10 06:20:00+00:00,79062.69923658353
2024-11-10 06:21:00+00:00,79002.86725246241
2024-11-10 06:22:00+00:00,78982.46800201817
2024-11-10 06:23:00+00:00,79025.02355968549
2024-11-10 06:24:00+00:00,79026.95304568528
2024-11-10 06:25:00+00:00,79031.83505449591
2024-11-10 06:26:00+00:00,79025.5681372549
2024-11-10 06:27:00+00:00,79017.1090563565
2024-11-10 06:28:00+00:00,78989.86391093902
2024-11-10 06:29:00+00:00,78943.48183950617
2024-11-10 06:30:00+00:00,78902.25237698713
2024-11-10 06:31:00+00:00,78874.36864592864
2024-11-10 06:32:00+00:00,78828.82760319574
2024-11-10 06:33:00+00:00,78857.46082448155
2024-11-10 06:34:00+00:00,78816.39563380281
2024-11-10 06:35:00+00:00,78801.50242182302
2024-11-10 06:36:00+00:00,78812.622067274
2024-11-10 06:37:00+00:00,78810.75034562212
2024-11-10 06:38:00+00:00,78858.74440652064
2024-11-10 06:39:00+00:00,78886.30065813528
2024-11-10 06:40:00+00:00,78879.16833832336
2024-11-10 06:41:00+00:00,78827.36998411438
2024-11-10 06:42:00+00:00,78795.86891732285
2024-11-10 06:43:00+00:00,78746.93727514637
2024-11-10 06:44:00+00:00,78709.05264784946
2024-11-10 06:45:00+00:00,78738.44210628018
2024-11-10 06:46:00+00:00,78663.91407634928
2024-11-10 06:47:00+00:00,78636.41170658683
2024-11-10 06:48:00+00:00,78640.42157821229
2024-11-10 06:49:00+00:00,78638.60445554445
2024-11-10 06:50:00+00:00,78693.36199645075
2024-11-10 06:51:00+00:00,78784.52371428572
2024-11-10 06:52:00+00:00,78853.07822322001
2024-11-10 06:53:00+00:00,78798.89755693583
2024-11-10 06:54:00+00:00,78803.28847165161
2024-11-10 06:55:00+00:00,78855.69410418312
2024-11-10 06:56:00+00:00,78867.26598406375
2024-11-10 06:57:00+00:00,78868.72186758893
2024-11-10 06:58:00+00:00,78868.81325224071
2024-11-10 06:59:00+00:00,78888.6166302865
2024-11-10 07:00:00+00:00,78956.37581554227
2024-11-10 07:01:00+00:00,78997.63493355481
2024-11-10 07:02:00+00:00,78988.06147672552
2024-11-10 07:03:00+00:00,78944.4711172161
2024-11-10 07:04:00+00:00,78967.4465269461
2024-11-10 07:05:00+00:00,78992.16870766836
2024-11-10 07:06:00+00:00,78983.69732909379
2024-11-10 07:07:00+00:00,78979.08491869918
2024-11-10 07:08:00+00:00,78983.51248913718
2024-11-10 07:09:00+00:00,78983.41430292599
2024-11-10 07:10:00+00:00,78984.10760655737
2024-11-10 07:11:00+00:00,79031.1612682603
2024-11-10 07:12:00+00:00,79087.48000853606
2024-11-10 07:13:00+00:00,79046.14337713535
2024-11-10 07:14:00+00:00,79026.89881555154
2024-11-10 07:15:00+00:00,79012.72771333886
2024-11-10 07:16:00+00:00,79027.29916155418
2024-11-10 07:17:00+00:00,79084.73366176471
2024-11-10 07:18:00+00:00,79106.86308501314
2024-11-10 07:19:00+00:00,79122.6711786038
2024-11-10 07:20:00+00:00,79124.50369441276
2024-11-10 07:21:00+00:00,79093.40155660377
2024-11-10 07:22:00+00:00,79017.35191044776
2024-11-10 07:23:00+00:00,78989.06115158637
2024-11-10 07:24:00+00:00,78980.80924641149
2024-11-10 07:25:00+00:00,78985.72527918783
2024-11-10 07:26:00+00:00,78965.66543568466
2024-11-10 07:27:00+00:00,78953.01445714287
2024-11-10 07:28:00+00:00,78981.6337320917
2024-11-10 07:29:00+00:00,78968.24831884059
2024-11-10 07:30:00+00:00,78958.0352248062
2024-11-10 07:31:00+00:00,78942.30210332104
2024-11-10 07:32:00+00:00,78924.5439625
2024-11-10 07:33:00+00:00,78921.10752830189
2024-11-10 07:34:00+00:00,78919.15350495049
2024-11-10 07:35:00+00:00,78917.82323788546
2024-11-10 07:36:00+00:00,78968.67517127072
2024-11-10 07:37:00+00:00,78991.26302919709
2024-11-10 07:38:00+00:00,78999.9563329821
2024-11-10 07:39:00+00:00,78919.24826895565
2024-11-10 07:40:00+00:00,78844.0306772633
2024-11-10 07:41:00+00:00,78851.76104733133
2024-11-10 07:42:00+00:00,78864.5939268868
2024-11-10 07:43:00+00:00,78876.2451635514
2024-11-10 07:44:00+00:00,78871.14189156627
2024-11-10 07:45:00+00:00,78845.51671840355
2024-11-10 07:46:00+00:00,78829.06723076923
2024-11-10 07:47:00+00:00,78828.62104508196
2024-11-10 07:48:00+00:00,78796.88448164146
2024-11-10 07:49:00+00:00,78757.80522350993
2024-11-10 07:50:00+00:00,78768.78841872232
2024-11-10 07:51:00+00:00,78777.5332292788
2024-11-10 07:52:00+00:00,78827.3593568282
2024-11-10 07:53:00+00:00,78836.7909375
2024-11-10 07:54:00+00:00,78845.98442538593
2024-11-10 07:55:00+00:00,78878.41801011805
2024-11-10 07:56:00+00:00,78862.90574338085
2024-11-10 07:57:00+00:00,78847.58197132617
2024-11-10 07:58:00+00:00,78858.03894923259
2024-11-10 07:59:00+00:00,78831.83457098284
2024-11-10 08:00:00+00:00,78900.63059659091
2024-11-10 08:01:00+00:00,78946.10705344586
2024-11-10 08:02:00+00:00,78960.43931888544
2024-11-10 08:03:00+00:00,78936.5891077441
2024-11-10 08:04:00+00:00,78918.51238117002
2024-11-10 08:05:00+00:00,78949.29888268157
2024-11-10 08:06:00+00:00,78974.7240371846
2024-11-10 08:07:00+00:00,78989.83739789965
2024-11-10 08:08:00+00:00,78973.1575462963
2024-11-10 08:09:00+00:00,78990.05867394696
2024-11-10 08:10:00+00:00,78995.58267631102
2024-11-10 08:11:00+00:00,79024.58273539519
2024-11-10 08:12:00+00:00,78993.32327001357
2024-11-10 08:13:00+00:00,78976.4384698276
2024-11-10 08:14:00+00:00,78971.23624203823
2024-11-10 08:15:00+00:00,78956.77334319527
2024-11-10 08:16:00+00:00,78939.99601273885
2024-11-10 08:17:00+00:00,78934.48758716875
2024-11-10 08:18:00+00:00,78951.03074433657
2024-11-10 08:19:00+00:00,78950.06544695071
2024-11-10 08:20:00+00:00,78965.9694191344
2024-11-10 08:21:00+00:00,79030.90841922408
2024-11-10 08:22:00+00:00,79018.46556835638
2024-11-10 08:23:00+00:00,78997.07673423423
2024-11-10 08:24:00+00:00,79014.23910756972
2024-11-10 08:25:00+00:00,79013.54899686521
2024-11-10 08:26:00+00:00,79024.32666666666
2024-11-10 08:27:00+00:00,79073.99201484624
2024-11-10 08:28:00+00:00,79085.34718215613
2024-11-10 08:29:00+00:00,79069.72141078838
2024-11-10 08:30:00+00:00,79068.26766844919
2024-11-10 08:31:00+00:00,79009.54964285715
2024-11-10 08:32:00+00:00,79012.4306388889
2024-11-10 08:33:00+00:00,78993.81829558998
2024-11-10 08:34:00+00:00,79034.57455202313
2024-11-10 08:35:00+00:00,79045.46285549134
2024-11-10 08:36:00+00:00,79020.9087052811
2024-11-10 08:37:00+00:00,79016.80499265785
2024-11-10 08:38:00+00:00,79011.65619395205
2024-11-10 08:39:00+00:00,78999.5706298003
2024-11-10 08:40:00+00:00,78979.29924657535
2024-11-10 08:41:00+00:00,78985.39965811966
2024-11-10 08:42:00+00:00,78998.9361330327
2024-11-10 08:43:00+00:00,78990.94989266548
2024-11-10 08:44:00+00:00,78948.55219808861
2024-11-10 08:45:00+00:00,78951.95924567473
2024-11-10 08:46:00+00:00,78994.50057383967
2024-11-10 08:47:00+00:00,79027.21169585253
2024-11-10 08:48:00+00:00,79044.3458004386
2024-11-10 08:49:00+00:00,79038.59686112321
2024-11-10 08:50:00+00:00,79044.8171023303
2024-11-10 08:51:00+00:00,79065.13345941686
2024-11-10 08:52:00+00:00,79083.60531937172
2024-11-10 08:53:00+00:00,79094.099359375
2024-11-10 08:54:00+00:00,79089.64864931846
2024-11-10 08:55:00+00:00,79082.17165206508
2024-11-10 08:56:00+00:00,79088.49257560485
2024-11-10 08:57:00+00:00,79110.1242586452
2024-11-10 08:58:00+00:00,79127.24211663067
2024-11-10 08:59:00+00:00,79133.98785294118
2024-11-10 09:00:00+00:00,79146.8451388889
2024-11-10 09:01:00+00:00,79161.93035552194
2024-11-10 09:02:00+00:00,79148.86284701114
2024-11-10 09:03:00+00:00,79189.25255919855
2024-11-10 09:04:00+00:00,79197.76064390244
2024-11-10 09:05:00+00:00,79175.99635957066
2024-11-10 09:06:00+00:00,79147.68266426642
2024-11-10 09:07:00+00:00,79167.0962962963
2024-11-10 09:08:00+00:00,79167.3706155633
2024-11-10 09:09:00+00:00,79221.847206041
2024-11-10 09:10:00+00:00,79258.17974196277
2024-11-10 09:11:00+00:00,79280.91757293606
2024-11-10 09:12:00+00:00,79243.88393442622
2024-11-10 09:13:00+00:00,79230.49877427185
2024-11-10 09:14:00+00:00,79235.64075609756
2024-11-10 09:15:00+00:00,79245.0707523511
2024-11-10 09:16:00+00:00,79250.39324736226
2024-11-10 09:17:00+00:00,79258.15972805933
2024-11-10 09:18:00+00:00,79266.792397351
2024-11-10 09:19:00+00:00,79292.6058034682
2024-11-10 09:20:00+00:00,79294.29232142857
2024-11-10 09:21:00+00:00,79321.89201660735
2024-11-10 09:22:00+00:00,79362.17826923078
2024-11-10 09:23:00+00:00,79318.93338940285
2024-11-10 09:24:00+00:00,79275.89901050788
2024-11-10 09:25:00+00:00,79235.80198275861
2024-11-10 09:26:00+00:00,79309.51675995695
2024-11-10 09:27:00+00:00,79316.4154437401
2024-11-10 09:28:00+00:00,79309.89977001326
2024-11-10 09:29:00+00:00,79323.73808720113
2024-11-10 09:30:00+00:00,79336.45725936463
2024-11-10 09:31:00+00:00,79346.10259842519
2024-11-10 09:32:00+00:00,79364.76855263158
2024-11-10 09:33:00+00:00,79367.77594689028
2024-11-10 09:34:00+00:00,79413.1741231408
2024-11-10 09:35:00+00:00,79419.76878561867
2024-11-10 09:36:00+00:00,79364.15213601533
2024-11-10 09:37:00+00:00,79361.78509779951
2024-11-10 09:38:00+00:00,79391.68721212122
2024-11-10 09:39:00+00:00,79404.66470852017
2024-11-10 09:40:00+00:00,79418.80286846275
2024-11-10 09:41:00+00:00,79446.28591677504
2024-11-10 09:42:00+00:00,79471.68788793104
2024-11-10 09:43:00+00:00,79479.23345549738
2024-11-10 09:44:00+00:00,79459.72487951808
2024-11-10 09:45:00+00:00,79451.34417637272
2024-11-10 09:46:00+00:00,79405.08310025706
2024-11-10 09:47:00+00:00,79470.48339743589
2024-11-10 09:48:00+00:00,79485.31231578947
2024-11-10 09:49:00+00:00,79473.92024461839
2024-11-10 09:50:00+00:00,79424.73229083665
2024-11-10 09:51:00+00:00,79387.78216035634
2024-11-10 09:52:00+00:00,79376.3931372549
2024-11-10 09:53:00+00:00,79392.23438192668
2024-11-10 09:54:00+00:00,79373.26547511313
2024-11-10 09:55:00+00:00,79373.37041036718
2024-11-10 09:56:00+00:00,79333.21950106157
2024-11-10 09:57:00+00:00,79394.76692543413
2024-11-10 09:58:00+00:00,79422.30765466297
2024-11-10 09:59:00+00:00,79376.59480725625
2024-11-10 10:00:00+00:00,79379.51803258146
2024-11-10 10:01:00+00:00,79394.80067624683
2024-11-10 10:02:00+00:00,79412.20294830372
2024-11-10 10:03:00+00:00,79377.70536812674
2024-11-10 10:04:00+00:00,79320.40719955898
2024-11-10 10:05:00+00:00,79340.69370017332
2024-11-10 10:06:00+00:00,79428.43413185379
2024-11-10 10:07:00+00:00,79414.0077879902
2024-11-10 10:08:00+00:00,79333.17095117846
2024-11-10 10:09:00+00:00,79361.78014503817
2024-11-10 10:10:00+00:00,79367.58578947368
2024-11-10 10:11:00+00:00,79319.1813537118
2024-11-10 10:12:00+00:00,79330.65926253686
2024-11-10 10:13:00+00:00,79315.76005665722
2024-11-10 10:14:00+00:00,79319.00475040257
2024-11-10 10:15:00+00:00,79318.91631911532
2024-11-10 10:16:00+00:00,79316.64849239281
2024-11-10 10:17:00+00:00,79330.42869333334
2024-11-10 10:18:00+00:00,79333.83341730558
2024-11-10 10:19:00+00:00,79333.91468468469
2024-11-10 10:20:00+00:00,79315.27721915286
2024-11-10 10:21:00+00:00,79308.63141453831
2024-11-10 10:22:00+00:00,79313.99416382253
2024-11-10 10:23:00+00:00,79313.97624999999
2024-11-10 10:24:00+00:00,79313.86800643087
2024-11-10 10:25:00+00:00,79316.977146789
2024-11-10 10:26:00+00:00,79315.00140575081
2024-11-10 10:27:00+00:00,79303.84277777778
2024-11-10 10:28:00+00:00,79305.79123397436
2024-11-10 10:29:00+00:00,79290.6926572327
2024-11-10 10:30:00+00:00,79311.72055232558
2024-11-10 10:31:00+00:00,79323.31875276752
2024-11-10 10:32:00+00:00,79374.44716360857
2024-11-10 10:33:00+00:00,79386.51120777027
2024-11-10 10:34:00+00:00,79383.39482438016
2024-11-10 10:35:00+00:00,79422.35768707484
2024-11-10 10:36:00+00:00,79422.23718253968
2024-11-10 10:37:00+00:00,79422.8187070707
2024-11-10 10:38:00+00:00,79444.87263537906
2024-11-10 10:39:00+00:00,79451.14477690289
2024-11-10 10:40:00+00:00,79629.0419004007
2024-11-10 10:41:00+00:00,79708.84263141229
2024-11-10 10:42:00+00:00,79649.09156960621
2024-11-10 10:43:00+00:00,79693.08289090909
2024-11-10 10:44:00+00:00,79478.82599036401
2024-11-10 10:45:00+00:00,79512.42097635605
2024-11-10 10:46:00+00:00,79531.94419267299
2024-11-10 10:47:00+00:00,79588.29586655818
2024-11-10 10:48:00+00:00,79582.85907443365
2024-11-10 10:49:00+00:00,79549.83887054736
2024-11-10 10:50:00+00:00,79540.56045296167
2024-11-10 10:51:00+00:00,79549.50916496945
2024-11-10 10:52:00+00:00,79506.75134146342
2024-11-10 10:53:00+00:00,79525.79324848484
2024-11-10 10:54:00+00:00,79542.65435663627
2024-11-10 10:55:00+00:00,79547.86584097859
2024-11-10 10:56:00+00:00,79529.63699853588
2024-11-10 10:57:00+00:00,79520.80294378698
2024-11-10 10:58:00+00:00,79531.84473741795
2024-11-10 10:59:00+00:00,79550.77271853146
2024-11-10 11:00:00+00:00,79568.74083333333
2024-11-10 11:01:00+00:00,79619.28566533866
2024-11-10 11:02:00+00:00,79643.8550440658
2024-11-10 11:03:00+00:00,79648.50208803611
2024-11-10 11:04:00+00:00,79661.96048479088
2024-11-10 11:05:00+00:00,79656.60376329787
2024-11-10 11:06:00+00:00,79607.02591370558
2024-11-10 11:07:00+00:00,79570.30695137977
2024-11-10 11:08:00+00:00,79603.17153266331
2024-11-10 11:09:00+00:00,79632.37312684367
2024-11-10 11:10:00+00:00,79613.08534195933
2024-11-10 11:11:00+00:00,79676.48436325678
2024-11-10 11:12:00+00:00,79739.90331863727
2024-11-10 11:13:00+00:00,79832.57286684154
2024-11-10 11:14:00+00:00,79803.07908335804
2024-11-10 11:15:00+00:00,79872.40103448275
2024-11-10 11:16:00+00:00,79834.4222892057
2024-11-10 11:17:00+00:00,79844.76586061246
2024-11-10 11:18:00+00:00,79840.64072691553
2024-11-10 11:19:00+00:00,79902.3405862304
2024-11-10 11:20:00+00:00,79946.48007996238
2024-11-10 11:21:00+00:00,79815.69793256666
2024-11-10 11:22:00+00:00,79741.00860311468
2024-11-10 11:23:00+00:00,79780.88255372946
2024-11-10 11:24:00+00:00,79698.72165413534
2024-11-10 11:25:00+00:00,79661.55617312965
2024-11-10 11:26:00+00:00,79680.53448657188
2024-11-10 11:27:00+00:00,79732.20931102362
2024-11-10 11:28:00+00:00,79763.58634112793
2024-11-10 11:29:00+00:00,79750.39673003802
2024-11-10 11:30:00+00:00,79730.96386674969
2024-11-10 11:31:00+00:00,79718.39884678749
2024-11-10 11:32:00+00:00,79725.64255026456
2024-11-10 11:33:00+00:00,79805.76856509884
2024-11-10 11:34:00+00:00,79830.61625255622
2024-11-10 11:35:00+00:00,79840.33547669945
2024-11-10 11:36:00+00:00,79817.49683790965
2024-11-10 11:37:00+00:00,79856.95210955711
2024-11-10 11:38:00+00:00,79884.07481532148
2024-11-10 11:39:00+00:00,79870.92740503949
2024-11-10 11:40:00+00:00,79901.97953150242
2024-11-10 11:41:00+00:00,79917.7419657615
2024-11-10 11:42:00+00:00,79864.80809262645
2024-11-10 11:43:00+00:00,79858.86341551103
2024-11-10 11:44:00+00:00,79849.74110453649
2024-11-10 11:45:00+00:00,79857.55440085288
2024-11-10 11:46:00+00:00,79851.22758469259
2024-11-10 11:47:00+00:00,79853.15849462365
2024-11-10 11:48:00+00:00,79884.0127261114
2024-11-10 11:49:00+00:00,79902.31473338204
2024-11-10 11:50:00+00:00,79875.7052944748
2024-11-10 11:51:00+00:00,79865.97550582465
2024-11-10 11:52:00+00:00,79908.82413793103
2024-11-10 11:53:00+00:00,79902.26419047618
2024-11-10 11:54:00+00:00,79927.50056344278
2024-11-10 11:55:00+00:00,79966.35470391993
2024-11-10 11:56:00+00:00,79965.69948142958
2024-11-10 11:57:00+00:00,79968.81178288271
2024-11-10 11:58:00+00:00,79998.05189429176
2024-11-10 11:59:00+00:00,79985.705254385
2024-11-10 12:00:00+00:00,79934.2953618677
2024-11-10 12:01:00+00:00,80032.45224489797
2024-11-10 12:02:00+00:00,79945.5581680545
2024-11-10 12:03:00+00:00,79888.24877944723
2024-11-10 12:04:00+00:00,79961.13168520102
2024-11-10 12:05:00+00:00,80004.65300665189
2024-11-10 12:06:00+00:00,79956.7901905434
2024-11-10 12:07:00+00:00,79923.58134416545
2024-11-10 12:08:00+00:00,79704.3146527338
2024-11-10 12:09:00+00:00,79516.12133992933
2024-11-10 12:10:00+00:00,79562.3541474842
2024-11-10 12:11:00+00:00,79521.49142494178
2024-11-10 12:12:00+00:00,79637.96075639299
2024-11-10 12:13:00+00:00,79445.47024554384
2024-11-10 12:14:00+00:00,79362.99104052289
2024-11-10 12:15:00+00:00,79367.32444840836
2024-11-10 12:16:00+00:00,79465.96075783092
2024-11-10 12:17:00+00:00,79511.54805171803
2024-11-10 12:18:00+00:00,79529.82752665979
2024-11-10 12:19:00+00:00,79476.37252521179
2024-11-10 12:20:00+00:00,79458.60383780696
2024-11-10 12:21:00+00:00,79398.92443786982
2024-11-10 12:22:00+00:00,79447.88945373014
2024-11-10 12:23:00+00:00,79427.02569767443
2024-11-10 12:24:00+00:00,79449.15025698829
2024-11-10 12:25:00+00:00,79474.66370316301
2024-11-10 12:26:00+00:00,79437.2668216399
2024-11-10 12:27:00+00:00,79403.43686943619
2024-11-10 12:28:00+00:00,79336.64574590164
2024-11-10 12:29:00+00:00,79322.12117247623
2024-11-10 12:30:00+00:00,79322.2869289534
2024-11-10 12:31:00+00:00,79368.66707720589
2024-11-10 12:32:00+00:00,79368.51817688129
2024-11-10 12:33:00+00:00,79349.96904358354
2024-11-10 12:34:00+00:00,79388.09473604825
2024-11-10 12:35:00+00:00,79382.42144440925
2024-11-10 12:36:00+00:00,79412.88469742064
2024-11-10 12:37:00+00:00,79398.41457392571
2024-11-10 12:38:00+00:00,79343.02358047017
2024-11-10 12:39:00+00:00,79353.55781278128
2024-11-10 12:40:00+00:00,79365.95310655326
2024-11-10 12:41:00+00:00,79377.3224742268
2024-11-10 12:42:00+00:00,79390.1051966717
2024-11-10 12:43:00+00:00,79422.1168866571
2024-11-10 12:44:00+00:00,79434.90353483228
2024-11-10 12:45:00+00:00,79435.05672592593
2024-11-10 12:46:00+00:00,79399.78110348614
2024-11-10 12:47:00+00:00,79427.02688377535
2024-11-10 12:48:00+00:00,79373.55846278317
2024-11-10 12:49:00+00:00,79523.56645064206
2024-11-10 12:50:00+00:00,79563.52679784196
2024-11-10 12:51:00+00:00,79553.66608746583
2024-11-10 12:52:00+00:00,79585.79618876943
2024-11-10 12:53:00+00:00,79646.91191612158
2024-11-10 12:54:00+00:00,79656.21078769692
2024-11-10 12:55:00+00:00,79648.51830993824
2024-11-10 12:56:00+00:00,79601.10191040844
2024-11-10 12:57:00+00:00,79600.93823813355
2024-11-10 12:58:00+00:00,79608.26538891997
2024-11-10 12:59:00+00:00,79623.1635634119
2024-11-10 13:00:00+00:00,79634.20389072847
2024-11-10 13:01:00+00:00,79621.77770704574
2024-11-10 13:02:00+00:00,79633.18723506744
2024-11-10 13:03:00+00:00,79668.54947438753
2024-11-10 13:04:00+00:00,79697.20370071684
2024-11-10 13:05:00+00:00,79675.3400472441
2024-11-10 13:06:00+00:00,79683.96398419865
2024-11-10 13:07:00+00:00,79679.67710367893
2024-11-10 13:08:00+00:00,79657.33342439645
2024-11-10 13:09:00+00:00,79667.1291652174
2024-11-10 13:10:00+00:00,79670.42973921765
2024-11-10 13:11:00+00:00,79650.71748768473
2024-11-10 13:12:00+00:00,79607.83397509578
2024-11-10 13:13:00+00:00,79587.0451191527
2024-11-10 13:14:00+00:00,79571.68357142857
2024-11-10 13:15:00+00:00,79576.48195032198
2024-11-10 13:16:00+00:00,79579.33893203884
2024-11-10 13:17:00+00:00,79586.68353372434
2024-11-10 13:18:00+00:00,79602.8269124424
2024-11-10 13:19:00+00:00,79650.20112371135
2024-11-10 13:20:00+00:00,79726.2711168594
2024-11-10 13:21:00+00:00,79738.06227154046
2024-11-10 13:22:00+00:00,79767.11794512879
2024-11-10 13:23:00+00:00,79778.21713035018
2024-11-10 13:24:00+00:00,79780.42216605014
2024-11-10 13:25:00+00:00,79733.92755880483
2024-11-10 13:26:00+00:00,79757.14365833333
2024-11-10 13:27:00+00:00,79798.33565965583
2024-11-10 13:28:00+00:00,79805.04327
2024-11-10 13:29:00+00:00,79843.30229018492
2024-11-10 13:30:00+00:00,79860.17046092184
2024-11-10 13:31:00+00:00,79842.98020565553
2024-11-10 13:32:00+00:00,79825.71258935664
2024-11-10 13:33:00+00:00,79797.02733755943
2024-11-10 13:34:00+00:00,79800.16094398341
2024-11-10 13:35:00+00:00,79783.29313825276
2024-11-10 13:36:00+00:00,79766.55645757941
2024-11-10 13:37:00+00:00,79766.76479915433
2024-11-10 13:38:00+00:00,79747.57900702106
2024-11-10 13:39:00+00:00,79732.393203125
2024-11-10 13:40:00+00:00,79727.93196557972
2024-11-10 13:41:00+00:00,79742.31188577587
2024-11-10 13:42:00+00:00,79766.60460248447
2024-11-10 13:43:00+00:00,79777.99698478561
2024-11-10 13:44:00+00:00,79803.88501930502
2024-11-10 13:45:00+00:00,79748.65586397059
2024-11-10 13:46:00+00:00,79726.68022366523
2024-11-10 13:47:00+00:00,79756.54805581836
2024-11-10 13:48:00+00:00,79721.82663115844
2024-11-10 13:49:00+00:00,79742.17399056604
2024-11-10 13:50:00+00:00,79714.49035391567
2024-11-10 13:51:00+00:00,79718.4126911977
2024-11-10 13:52:00+00:00,79746.21976421637
2024-11-10 13:53:00+00:00,79751.17113302986
2024-11-10 13:54:00+00:00,79720.3285031847
2024-11-10 13:55:00+00:00,79682.6487111111
2024-11-10 13:56:00+00:00,79725.77841899442
2024-11-10 13:57:00+00:00,79758.76727859779
2024-11-10 13:58:00+00:00,79735.66608579089
2024-11-10 13:59:00+00:00,79731.50558579882
2024-11-10 14:00:00+00:00,79691.06272027972
2024-11-10 14:01:00+00:00,79650.19675538657
2024-11-10 14:02:00+00:00,79620.03178707224
2024-11-10 14:03:00+00:00,79639.46272222222
2024-11-10 14:04:00+00:00,79634.65983005367
2024-11-10 14:05:00+00:00,79607.179834462
2024-11-10 14:06:00+00:00,79609.63093023257
2024-11-10 14:07:00+00:00,79611.01385078218
2024-11-10 14:08:00+00:00,79612.94561643836
2024-11-10 14:09:00+00:00,79630.63497146119
2024-11-10 14:10:00+00:00,79711.90418699187
2024-11-10 14:11:00+00:00,79763.23646624472
2024-11-10 14:12:00+00:00,79797.29684530386
2024-11-10 14:13:00+00:00,79821.67728762397
2024-11-10 14:14:00+00:00,79806.27396755162
2024-11-10 14:15:00+00:00,79806.098808948
2024-11-10 14:16:00+00:00,79778.96875409836
2024-11-10 14:17:00+00:00,79761.01950759879
2024-11-10 14:18:00+00:00,79807.81982258064
2024-11-10 14:19:00+00:00,79829.25575247525
2024-11-10 14:20:00+00:00,79863.4421704871
2024-11-10 14:21:00+00:00,79925.1094986226
2024-11-10 14:22:00+00:00,79827.77238758455
2024-11-10 14:23:00+00:00,79832.62479882238
2024-11-10 14:24:00+00:00,79865.07106837606
2024-11-10 14:25:00+00:00,79816.94829885058
2024-11-10 14:26:00+00:00,79801.44673854447
2024-11-10 14:27:00+00:00,79816.40779106859
2024-11-10 14:28:00+00:00,79778.65065028901
2024-11-10 14:29:00+00:00,79760.08170410535
2024-11-10 14:30:00+00:00,79745.44080531341
2024-11-10 14:31:00+00:00,79745.27125398998
2024-11-10 14:32:00+00:00,79725.69688573563
2024-11-10 14:33:00+00:00,79699.91345671267
2024-11-10 14:34:00+00:00,79633.18161272629
2024-11-10 14:35:00+00:00,79549.63394975787
2024-11-10 14:36:00+00:00,79453.71744514107
2024-11-10 14:37:00+00:00,79381.22178228389
2024-11-10 14:38:00+00:00,79395.2108125
2024-11-10 14:39:00+00:00,79501.00693436294
2024-11-10 14:40:00+00:00,79473.9101614114
2024-11-10 14:41:00+00:00,79391.79567186905
2024-11-10 14:42:00+00:00,79431.19306522806
2024-11-10 14:43:00+00:00,79449.78940978707
2024-11-10 14:44:00+00:00,79377.41310698907
2024-11-10 14:45:00+00:00,79273.59158984832
2024-11-10 14:46:00+00:00,79244.83018925057
2024-11-10 14:47:00+00:00,79259.59728454173
2024-11-10 14:48:00+00:00,79228.06614555256
2024-11-10 14:49:00+00:00,79269.07932567726
2024-11-10 14:50:00+00:00,79317.26235068913
2024-11-10 14:51:00+00:00,79349.48281553398
2024-11-10 14:52:00+00:00,79277.27854925777
2024-11-10 14:53:00+00:00,79226.14049089907
2024-11-10 14:54:00+00:00,79244.44431552588
2024-11-10 14:55:00+00:00,79299.6759705438
2024-11-10 14:56:00+00:00,79447.28199700074
2024-11-10 14:57:00+00:00,79586.42113312203
2024-11-10 14:58:00+00:00,79549.07923420073
2024-11-10 14:59:00+00:00,79538.54373289287
2024-11-10 15:00:00+00:00,79499.7306635071
2024-11-10 15:01:00+00:00,79416.09465876776
2024-11-10 15:02:00+00:00,79459.2457484326
2024-11-10 15:03:00+00:00,79480.07317873708
2024-11-10 15:04:00+00:00,79490.18882183908
2024-11-10 15:05:00+00:00,79486.5877472878
2024-11-10 15:06:00+00:00,79486.19812531328
2024-11-10 15:07:00+00:00,79501.37213060321
2024-11-10 15:08:00+00:00,79537.98105681819
2024-11-10 15:09:00+00:00,79534.90397089398
2024-11-10 15:10:00+00:00,79582.79667459844
2024-11-10 15:11:00+00:00,79602.94210284665
2024-11-10 15:12:00+00:00,79644.4211065292
2024-11-10 15:13:00+00:00,79635.8985254989
2024-11-10 15:14:00+00:00,79666.288578125
2024-11-10 15:15:00+00:00,79678.51477630751
2024-11-10 15:16:00+00:00,79723.42696955505
2024-11-10 15:17:00+00:00,79696.63681598897
2024-11-10 15:18:00+00:00,79619.878718567
2024-11-10 15:19:00+00:00,79650.02348352388
2024-11-10 15:20:00+00:00,79665.28106914213
2024-11-10 15:21:00+00:00,79647.02138174484
2024-11-10 15:22:00+00:00,79654.8533665717
2024-11-10 15:23:00+00:00,79608.79185542169
2024-11-10 15:24:00+00:00,79568.87365187713
2024-11-10 15:25:00+00:00,79482.15207106124
2024-11-10 15:26:00+00:00,79482.4352776045
2024-11-10 15:27:00+00:00,79517.96499686912
2024-11-10 15:28:00+00:00,79559.2645243805
2024-11-10 15:29:00+00:00,79601.10206644518
2024-11-10 15:30:00+00:00,79583.91370860927
2024-11-10 15:31:00+00:00,79602.89636583888
2024-11-10 15:32:00+00:00,79554.05256855577
2024-11-10 15:33:00+00:00,79567.33879423869
2024-11-10 15:34:00+00:00,79570.32027922386
2024-11-10 15:35:00+00:00,79596.01580536913
2024-11-10 15:36:00+00:00,79596.13295008052
2024-11-10 15:37:00+00:00,79622.78374924288
2024-11-10 15:38:00+00:00,79623.23001886792
2024-11-10 15:39:00+00:00,79659.91645642203
2024-11-10 15:40:00+00:00,79685.01053343949
2024-11-10 15:41:00+00:00,79712.60025505716
2024-11-10 15:42:00+00:00,79717.99056876938
2024-11-10 15:43:00+00:00,79679.1156383713
2024-11-10 15:44:00+00:00,79641.9663042112
2024-11-10 15:45:00+00:00,79715.54957242584
2024-11-10 15:46:00+00:00,79719.54793322734
2024-11-10 15:47:00+00:00,79713.52001618122
2024-11-10 15:48:00+00:00,79742.02521602513
2024-11-10 15:49:00+00:00,79700.63495840268
2024-11-10 15:50:00+00:00,79700.29902399999
2024-11-10 15:51:00+00:00,79681.57208436725
2024-11-10 15:52:00+00:00,79669.31545822103
2024-11-10 15:53:00+00:00,79675.90617647058
2024-11-10 15:54:00+00:00,79670.44293394778
2024-11-10 15:55:00+00:00,79665.52217874397
2024-11-10 15:56:00+00:00,79670.56219237435
2024-11-10 15:57:00+00:00,79684.18254411765
2024-11-10 15:58:00+00:00,79695.78489711935
2024-11-10 15:59:00+00:00,79694.74454545455
2024-11-10 16:00:00+00:00,79712.48432692308
2024-11-10 16:01:00+00:00,79747.56977095263
2024-11-10 16:02:00+00:00,79705.91825778264
2024-11-10 16:03:00+00:00,79682.44513459622
2024-11-10 16:04:00+00:00,79657.94964627856
2024-11-10 16:05:00+00:00,79647.58821763602
2024-11-10 16:06:00+00:00,79625.23562753036
2024-11-10 16:07:00+00:00,79606.51638575668
2024-11-10 16:08:00+00:00,79586.96441558441
2024-11-10 16:09:00+00:00,79572.65089766607
2024-11-10 16:10:00+00:00,79604.52883501259
2024-11-10 16:11:00+00:00,79616.50359456635
2024-11-10 16:12:00+00:00,79618.56682055749
2024-11-10 16:13:00+00:00,79655.86375932372
2024-11-10 16:14:00+00:00,79701.75120247934
2024-11-10 16:15:00+00:00,79661.31487985213
2024-11-10 16:16:00+00:00,79587.928907767
2024-11-10 16:17:00+00:00,79582.06622249389
2024-11-10 16:18:00+00:00,79582.64710546574
2024-11-10 16:19:00+00:00,79564.43988153998
2024-11-10 16:20:00+00:00,79542.81626102293
2024-11-10 16:21:00+00:00,79533.74134689922
2024-11-10 16:22:00+00:00,79513.87957788944
2024-11-10 16:23:00+00:00,79513.09730938227
2024-11-10 16:24:00+00:00,79553.01923038102
2024-11-10 16:25:00+00:00,79602.49329766537
2024-11-10 16:26:00+00:00,79613.73104135893
2024-11-10 16:27:00+00:00,79617.44118264521
2024-11-10 16:28:00+00:00,79645.44949656751
2024-11-10 16:29:00+00:00,79679.93105456774
2024-11-10 16:30:00+00:00,79716.93917721519
2024-11-10 16:31:00+00:00,79745.83882827031
2024-11-10 16:32:00+00:00,79748.80035601267
2024-11-10 16:33:00+00:00,79724.62801764706
2024-11-10 16:34:00+00:00,79755.60006748466
2024-11-10 16:35:00+00:00,79756.75249074074
2024-11-10 16:36:00+00:00,79709.3603348358
2024-11-10 16:37:00+00:00,79746.89520905924
2024-11-10 16:38:00+00:00,79735.56190436242
2024-11-10 16:39:00+00:00,79731.36
2024-11-10 16:40:00+00:00,79746.18764115432
2024-11-10 16:41:00+00:00,79747.0533456562
2024-11-10 16:42:00+00:00,79766.89601722283
2024-11-10 16:43:00+00:00,79770.25957070707
2024-11-10 16:44:00+00:00,79779.55420679887
2024-11-10 16:45:00+00:00,79777.18491758242
2024-11-10 16:46:00+00:00,79741.00183786785
2024-11-10 16:47:00+00:00,79742.7202338377
2024-11-10 16:48:00+00:00,79744.43213547647
2024-11-10 16:49:00+00:00,79687.86376949152
2024-11-10 16:50:00+00:00,79646.7127992278
2024-11-10 16:51:00+00:00,79660.38538461538
2024-11-10 16:52:00+00:00,79691.15903326403
2024-11-10 16:53:00+00:00,79704.77894580549
2024-11-10 16:54:00+00:00,79718.92620689655
2024-11-10 16:55:00+00:00,79743.3743670265
2024-11-10 16:56:00+00:00,79736.6802378256
2024-11-10 16:57:00+00:00,79748.11664886515
2024-11-10 16:58:00+00:00,79738.99291079812
2024-11-10 16:59:00+00:00,79767.68305315204
2024-11-10 17:00:00+00:00,79755.7765754717
2024-11-10 17:01:00+00:00,79765.92148743718
2024-11-10 17:02:00+00:00,79760.26250704225
2024-11-10 17:03:00+00:00,79747.6965487275
2024-11-10 17:04:00+00:00,79757.66410488245
2024-11-10 17:05:00+00:00,79745.60194426852
2024-11-10 17:06:00+00:00,79763.7706921241
2024-11-10 17:07:00+00:00,79728.56535150645
2024-11-10 17:08:00+00:00,79757.63590955806
2024-11-10 17:09:00+00:00,79743.69985994398
2024-11-10 17:10:00+00:00,79715.2034077381
2024-11-10 17:11:00+00:00,79709.19985678181
2024-11-10 17:12:00+00:00,79701.64886039885
2024-11-10 17:13:00+00:00,79689.97375184638
2024-11-10 17:14:00+00:00,79678.5687755102
2024-11-10 17:15:00+00:00,79685.37115966386
2024-11-10 17:16:00+00:00,79666.97664146869
2024-11-10 17:17:00+00:00,79664.64012526095
2024-11-10 17:18:00+00:00,79673.76761574074
2024-11-10 17:19:00+00:00,79702.25439790575
2024-11-10 17:20:00+00:00,79729.57294498381
2024-11-10 17:21:00+00:00,79745.54279646017
2024-11-10 17:22:00+00:00,79754.54197674419
2024-11-10 17:23:00+00:00,79750.01776545166
2024-11-10 17:24:00+00:00,79735.08418546365
2024-11-10 17:25:00+00:00,79727.26191037735
2024-11-10 17:26:00+00:00,79730.40659090909
2024-11-10 17:27:00+00:00,79747.13550458715
2024-11-10 17:28:00+00:00,79753.71591772152
2024-11-10 17:29:00+00:00,79782.55082142858
2024-11-10 17:30:00+00:00,79791.01005076141
2024-11-10 17:31:00+00:00,79854.6395550957
2024-11-10 17:32:00+00:00,79887.90659909911
2024-11-10 17:33:00+00:00,79894.61740979382
2024-11-10 17:34:00+00:00,79861.10603554868
2024-11-10 17:35:00+00:00,79883.16707289929
2024-11-10 17:36:00+00:00,79889.54326907631
2024-11-10 17:37:00+00:00,79966.54408190225
2024-11-10 17:38:00+00:00,80200.66304310679
2024-11-10 17:39:00+00:00,80258.90488973635
2024-11-10 17:40:00+00:00,80183.6723379791
2024-11-10 17:41:00+00:00,80146.90351851852
2024-11-10 17:42:00+00:00,80238.51750798721
2024-11-10 17:43:00+00:00,80221.70216193302
2024-11-10 17:44:00+00:00,80234.22993858179
2024-11-10 17:45:00+00:00,80127.74167106752
2024-11-10 17:46:00+00:00,80086.03715545755
2024-11-10 17:47:00+00:00,80163.08126888218
2024-11-10 17:48:00+00:00,80223.83537882588
2024-11-10 17:49:00+00:00,80273.39489981096
2024-11-10 17:50:00+00:00,80295.8626183575
2024-11-10 17:51:00+00:00,80509.36704107477
2024-11-10 17:52:00+00:00,80603.10379648609
2024-11-10 17:53:00+00:00,80571.03436583058
2024-11-10 17:54:00+00:00,80598.1811069736
2024-11-10 17:55:00+00:00,80570.41925714286
2024-11-10 17:56:00+00:00,80491.22772827891
2024-11-10 17:57:00+00:00,80497.18347378063
2024-11-10 17:58:00+00:00,80397.45682910322
2024-11-10 17:59:00+00:00,80367.31064073226
2024-11-10 18:00:00+00:00,80374.12201779359
2024-11-10 18:01:00+00:00,80403.85666921314
2024-11-10 18:02:00+00:00,80524.4411417004
2024-11-10 18:03:00+00:00,80605.28759821897
2024-11-10 18:04:00+00:00,80601.24211844006
2024-11-10 18:05:00+00:00,80536.46887878788
2024-11-10 18:06:00+00:00,80540.3606115108
2024-11-10 18:07:00+00:00,80698.12191252377
2024-11-10 18:08:00+00:00,80791.62397274416
2024-11-10 18:09:00+00:00,80799.75197824437
2024-11-10 18:10:00+00:00,80775.71533105378
2024-11-10 18:11:00+00:00,80791.81788346457
2024-11-10 18:12:00+00:00,80815.67876242544
2024-11-10 18:13:00+00:00,80783.68865264798
2024-11-10 18:14:00+00:00,80746.66952075099
2024-11-10 18:15:00+00:00,80753.41098665589
2024-11-10 18:16:00+00:00,80812.54398095238
2024-11-10 18:17:00+00:00,80822.30943223444
2024-11-10 18:18:00+00:00,80859.51147666865
2024-11-10 18:19:00+00:00,80821.73912227074
2024-11-10 18:20:00+00:00,80641.47113196246
2024-11-10 18:21:00+00:00,80773.20361888605
2024-11-10 18:22:00+00:00,80768.39930044844
2024-11-10 18:23:00+00:00,80725.7868601583
2024-11-10 18:24:00+00:00,80733.3766703994
2024-11-10 18:25:00+00:00,80733.86004537522
2024-11-10 18:26:00+00:00,80841.49918683812
2024-11-10 18:27:00+00:00,80976.0417919432
2024-11-10 18:28:00+00:00,80902.15370916079
2024-11-10 18:29:00+00:00,80869.65464438123
2024-11-10 18:30:00+00:00,80880.14034224907
2024-11-10 18:31:00+00:00,80826.41608732157
2024-11-10 18:32:00+00:00,80737.58853343865
2024-11-10 18:33:00+00:00,80765.08083711874
2024-11-10 18:34:00+00:00,80838.78732247557
2024-11-10 18:35:00+00:00,80769.69301461245
2024-11-10 18:36:00+00:00,80815.81126101066
2024-11-10 18:37:00+00:00,80843.59341486658
2024-11-10 18:38:00+00:00,80819.04972052845
2024-11-10 18:39:00+00:00,80819.9348908008
2024-11-10 18:40:00+00:00,80810.67538461539
2024-11-10 18:41:00+00:00,80822.39784974093
2024-11-10 18:42:00+00:00,80795.17242038217
2024-11-10 18:43:00+00:00,80801.33977777777
2024-11-10 18:44:00+00:00,80764.16746331238
2024-11-10 18:45:00+00:00,80706.83372103387
2024-11-10 18:46:00+00:00,80709.75432848588
2024-11-10 18:47:00+00:00,80739.26586947542
2024-11-10 18:48:00+00:00,80777.24447463769
2024-11-10 18:49:00+00:00,80776.33281680441
2024-11-10 18:50:00+00:00,80817.32261669954
2024-11-10 18:51:00+00:00,80831.31621960206
2024-11-10 18:52:00+00:00,80796.31113281251
2024-11-10 18:53:00+00:00,80762.77916363637
2024-11-10 18:54:00+00:00,80733.81179208688
2024-11-10 18:55:00+00:00,80724.31011652542
2024-11-10 18:56:00+00:00,80617.37139966273
2024-11-10 18:57:00+00:00,80569.92693103448
2024-11-10 18:58:00+00:00,80558.9747394958
2024-11-10 18:59:00+00:00,80524.534418382
2024-11-10 19:00:00+00:00,80511.88163424125
2024-11-10 19:01:00+00:00,80540.68987150838
2024-11-10 19:02:00+00:00,80637.03708074533
2024-11-10 19:03:00+00:00,80632.39684433164
2024-11-10 19:04:00+00:00,80642.58339724386
2024-11-10 19:05:00+00:00,80721.60708142201
2024-11-10 19:06:00+00:00,80755.937057372
2024-11-10 19:07:00+00:00,80734.8510576923
2024-11-10 19:08:00+00:00,80706.23131806616
2024-11-10 19:09:00+00:00,80765.33273444754
2024-11-10 19:10:00+00:00,80787.79753678823
2024-11-10 19:11:00+00:00,80826.65893601725
2024-11-10 19:12:00+00:00,80801.90818474758
2024-11-10 19:13:00+00:00,80740.1858199357
2024-11-10 19:14:00+00:00,80706.71375000001
2024-11-10 19:15:00+00:00,80599.69454704851
2024-11-10 19:16:00+00:00,80499.71750095823
2024-11-10 19:17:00+00:00,80426.30844619665
2024-11-10 19:18:00+00:00,80371.2442358604
2024-11-10 19:19:00+00:00,80341.96534718703
2024-11-10 19:20:00+00:00,80368.71936156352
2024-11-10 19:21:00+00:00,80329.06103161398
2024-11-10 19:22:00+00:00,80324.79059788979
2024-11-10 19:23:00+00:00,80332.00997916666
2024-11-10 19:24:00+00:00,80394.3687400881
2024-11-10 19:25:00+00:00,80328.79675373135
2024-11-10 19:26:00+00:00,80244.55760987356
2024-11-10 19:27:00+00:00,80215.7693852191
2024-11-10 19:28:00+00:00,80299.16823296355
2024-11-10 19:29:00+00:00,80290.09842056932
2024-11-10 19:30:00+00:00,80320.57804108584
2024-11-10 19:31:00+00:00,80336.91089150547
2024-11-10 19:32:00+00:00,80317.7532745592
2024-11-10 19:33:00+00:00,80300.11846679688
2024-11-10 19:34:00+00:00,80279.86040641712
2024-11-10 19:35:00+00:00,80221.97900307692
2024-11-10 19:36:00+00:00,80166.70100739697
2024-11-10 19:37:00+00:00,80234.0715473301
2024-11-10 19:38:00+00:00,80269.5047750865
2024-11-10 19:39:00+00:00,80125.59867374005
2024-11-10 19:40:00+00:00,80140.85293680297
2024-11-10 19:41:00+00:00,80163.56152706844
2024-11-10 19:42:00+00:00,80195.66829801777
2024-11-10 19:43:00+00:00,80156.82742634315
2024-11-10 19:44:00+00:00,79912.61296648896
2024-11-10 19:45:00+00:00,79634.64878114044
2024-11-10 19:46:00+00:00,79574.81492855851
2024-11-10 19:47:00+00:00,79526.00477078815
2024-11-10 19:48:00+00:00,79427.60122219565
2024-11-10 19:49:00+00:00,79615.90896741986
2024-11-10 19:50:00+00:00,79655.44181643309
2024-11-10 19:51:00+00:00,79686.13499505767
2024-11-10 19:52:00+00:00,79658.32505543237
2024-11-10 19:53:00+00:00,79759.66941096357
2024-11-10 19:54:00+00:00,79780.34271801682
2024-11-10 19:55:00+00:00,79804.049286927
2024-11-10 19:56:00+00:00,79675.78486413043
2024-11-10 19:57:00+00:00,79604.83311101732
2024-11-10 19:58:00+00:00,79662.4968416448
2024-11-10 19:59:00+00:00,79712.11979915433
2024-11-10 20:00:00+00:00,79698.13300556586
2024-11-10 20:01:00+00:00,79835.37967157766
2024-11-10 20:02:00+00:00,79834.47353173181
2024-11-10 20:03:00+00:00,79802.27433464346
2024-11-10 20:04:00+00:00,79759.44516861219
2024-11-10 20:05:00+00:00,79675.55231569817
2024-11-10 20:06:00+00:00,79627.1653223594
2024-11-10 20:07:00+00:00,79549.6601956218
2024-11-10 20:08:00+00:00,79507.17311410904
2024-11-10 20:09:00+00:00,79469.82110132159
2024-11-10 20:10:00+00:00,79471.92299186991
2024-11-10 20:11:00+00:00,79493.00084531591
2024-11-10 20:12:00+00:00,79451.63905813954
2024-11-10 20:13:00+00:00,79423.14529691212
2024-11-10 20:14:00+00:00,79446.23402707276
2024-11-10 20:15:00+00:00,79392.40225059101
2024-11-10 20:16:00+00:00,79350.5022513089
2024-11-10 20:17:00+00:00,79245.56367524466
2024-11-10 20:18:00+00:00,79314.38555006181
2024-11-10 20:19:00+00:00,79389.07167141115
2024-11-10 20:20:00+00:00,79417.1892231702
2024-11-10 20:21:00+00:00,79482.12995203836
2024-11-10 20:22:00+00:00,79455.64053132434
2024-11-10 20:23:00+00:00,79451.09741859089
2024-11-10 20:24:00+00:00,79443.1574696602
2024-11-10 20:25:00+00:00,79520.93071698114
2024-11-10 20:26:00+00:00,79530.12926760563
2024-11-10 20:27:00+00:00,79501.08
2024-11-10 20:28:00+00:00,79500.15782670454
2024-11-10 20:29:00+00:00,79453.98402105263
2024-11-10 20:30:00+00:00,79502.30059176672
2024-11-10 20:31:00+00:00,79523.92301507537
2024-11-10 20:32:00+00:00,79569.23093943139
2024-11-10 20:33:00+00:00,79558.43560523447
2024-11-10 20:34:00+00:00,79511.6893787748
2024-11-10 20:35:00+00:00,79404.10547267101
2024-11-10 20:36:00+00:00,79355.62830579754
2024-11-10 20:37:00+00:00,79321.15304988124
2024-11-10 20:38:00+00:00,79331.3280889903
2024-11-10 20:39:00+00:00,79250.96202898551
2024-11-10 20:40:00+00:00,79255.1417836895
2024-11-10 20:41:00+00:00,79236.88695323246
2024-11-10 20:42:00+00:00,79191.40210614292
2024-11-10 20:43:00+00:00,79164.2351849166
2024-11-10 20:44:00+00:00,79185.87154030055
2024-11-10 20:45:00+00:00,79250.3267413442
2024-11-10 20:46:00+00:00,79141.44297202797
2024-11-10 20:47:00+00:00,79119.21141817031
2024-11-10 20:48:00+00:00,79181.57452587593
2024-11-10 20:49:00+00:00,79262.90657580919
2024-11-10 20:50:00+00:00,79263.7955226586
2024-11-10 20:51:00+00:00,79255.64635186596
2024-11-10 20:52:00+00:00,79179.92172769469
2024-11-10 20:53:00+00:00,79147.04485428051
2024-11-10 20:54:00+00:00,79080.68782280493
2024-11-10 20:55:00+00:00,79066.10060010482
2024-11-10 20:56:00+00:00,79170.8133103108
2024-11-10 20:57:00+00:00,79139.9489280988
2024-11-10 20:58:00+00:00,79070.01240710824
2024-11-10 20:59:00+00:00,78977.56822513089
2024-11-10 21:00:00+00:00,78981.32204161248
2024-11-10 21:01:00+00:00,79032.51065709312
2024-11-10 21:02:00+00:00,78938.38131151973
2024-11-10 21:03:00+00:00,78851.84382271468
2024-11-10 21:04:00+00:00,78854.18864347272
2024-11-10 21:05:00+00:00,78901.96816997166
2024-11-10 21:06:00+00:00,78899.10936998147
2024-11-10 21:07:00+00:00,78844.58429924243
2024-11-10 21:08:00+00:00,78801.29968750001
2024-11-10 21:09:00+00:00,78762.97076131687
2024-11-10 21:10:00+00:00,78752.16886580382
2024-11-10 21:11:00+00:00,78712.6202969562
2024-11-10 21:12:00+00:00,78582.46781285391
2024-11-10 21:13:00+00:00,78619.9063238512
2024-11-10 21:14:00+00:00,78852.15192178967
2024-11-10 21:15:00+00:00,79083.544
2024-11-10 21:16:00+00:00,79200.96171653144
2024-11-10 21:17:00+00:00,79225.85286001726
2024-11-10 21:18:00+00:00,79291.18862215478
2024-11-10 21:19:00+00:00,79263.72075713241
2024-11-10 21:20:00+00:00,79252.58886962803
2024-11-10 21:21:00+00:00,79293.08877209303
2024-11-10 21:22:00+00:00,79303.03768703899
2024-11-10 21:23:00+00:00,79310.5091676719
2024-11-10 21:24:00+00:00,79300.62422687862
2024-11-10 21:25:00+00:00,79385.8483122172
2024-11-10 21:26:00+00:00,79439.62140770252
2024-11-10 21:27:00+00:00,79477.14771732333
2024-11-10 21:28:00+00:00,79489.82915174364
2024-11-10 21:29:00+00:00,79534.04674464908
2024-11-10 21:30:00+00:00,79537.01426655831
2024-11-10 21:31:00+00:00,79598.01023823359
2024-11-10 21:32:00+00:00,79628.81668446343
2024-11-10 21:33:00+00:00,79691.36864160615
2024-11-10 21:34:00+00:00,79631.20676426799
2024-11-10 21:35:00+00:00,79606.9056302109
2024-11-10 21:36:00+00:00,79578.14436436436
2024-11-10 21:37:00+00:00,79505.37346394984
2024-11-10 21:38:00+00:00,79452.58097135741
2024-11-10 21:39:00+00:00,79489.47767522554
2024-11-10 21:40:00+00:00,79529.6352496955
2024-11-10 21:41:00+00:00,79629.54313832696
2024-11-10 21:42:00+00:00,79611.27372503841
2024-11-10 21:43:00+00:00,79551.3637245509
2024-11-10 21:44:00+00:00,79503.86549918167
2024-11-10 21:45:00+00:00,79599.63892487939
2024-11-10 21:46:00+00:00,79627.46072786885
2024-11-10 21:47:00+00:00,79643.11615870787
2024-11-10 21:48:00+00:00,79629.16389010989
2024-11-10 21:49:00+00:00,79666.60642263759
2024-11-10 21:50:00+00:00,79693.03359693878
2024-11-10 21:51:00+00:00,79696.9036958614
2024-11-10 21:52:00+00:00,79799.76244515357
2024-11-10 21:53:00+00:00,79862.36516193324
2024-11-10 21:54:00+00:00,79934.12693458846
2024-11-10 21:55:00+00:00,79900.31526752384
2024-11-10 21:56:00+00:00,79807.3349864621
2024-11-10 21:57:00+00:00,79781.55819488817
2024-11-10 21:58:00+00:00,79878.96355831853
2024-11-10 21:59:00+00:00,79915.1404587156
2024-11-10 22:00:00+00:00,79895.9065407855
2024-11-10 22:01:00+00:00,79926.20054324894
2024-11-10 22:02:00+00:00,79826.36307000642
2024-11-10 22:03:00+00:00,79848.24095050618
2024-11-10 22:04:00+00:00,79873.90587301587
2024-11-10 22:05:00+00:00,79873.05891387559
2024-11-10 22:06:00+00:00,79954.92384950927
2024-11-10 22:07:00+00:00,80132.16626198083
2024-11-10 22:08:00+00:00,80302.90092803557
2024-11-10 22:09:00+00:00,80285.57247482015
2024-11-10 22:10:00+00:00,80272.2034856753
2024-11-10 22:11:00+00:00,80244.27853741497
2024-11-10 22:12:00+00:00,80276.83292914883
2024-11-10 22:13:00+00:00,80305.10834352417
2024-11-10 22:14:00+00:00,80326.84841959334
2024-11-10 22:15:00+00:00,80384.60547922252
2024-11-10 22:16:00+00:00,80613.77701097178
2024-11-10 22:17:00+00:00,80833.68046421664
2024-11-10 22:18:00+00:00,80801.31754787234
2024-11-10 22:19:00+00:00,80775.32588978589
2024-11-10 22:20:00+00:00,80724.33336452242
2024-11-10 22:21:00+00:00,80943.37836673774
2024-11-10 22:22:00+00:00,81252.76956862745
2024-11-10 22:23:00+00:00,81211.62707500855
2024-11-10 22:24:00+00:00,81162.12448667602
2024-11-10 22:25:00+00:00,81264.58088717454
2024-11-10 22:26:00+00:00,81255.28200332963
2024-11-10 22:27:00+00:00,81072.1806496217
2024-11-10 22:28:00+00:00,80910.23372997172
2024-11-10 22:29:00+00:00,80866.02834525939
2024-11-10 22:30:00+00:00,80931.14237143451
2024-11-10 22:31:00+00:00,80929.04207733813
2024-11-10 22:32:00+00:00,80798.8700420168
2024-11-10 22:33:00+00:00,80625.07955116013
2024-11-10 22:34:00+00:00,80563.66382274166
2024-11-10 22:35:00+00:00,80436.45241325414
2024-11-10 22:36:00+00:00,80580.59209241706
2024-11-10 22:37:00+00:00,80672.68688787185
2024-11-10 22:38:00+00:00,80564.08406188119
2024-11-10 22:39:00+00:00,80580.05806150136
2024-11-10 22:40:00+00:00,80582.99251681076
2024-11-10 22:41:00+00:00,80507.64693385214
2024-11-10 22:42:00+00:00,80429.32908146162
2024-11-10 22:43:00+00:00,80335.59764673615
2024-11-10 22:44:00+00:00,80388.90817649926
2024-11-10 22:45:00+00:00,80428.88486945171
2024-11-10 22:46:00+00:00,80202.23210343975
2024-11-10 22:47:00+00:00,80270.92601736973
2024-11-10 22:48:00+00:00,80309.83020567376
2024-11-10 22:49:00+00:00,80402.72362610797
2024-11-10 22:50:00+00:00,80414.53796822742
2024-11-10 22:51:00+00:00,80402.69939271254
2024-11-10 22:52:00+00:00,80363.22895718232
2024-11-10 22:53:00+00:00,80527.72919867822
2024-11-10 22:54:00+00:00,80532.39398262129
2024-11-10 22:55:00+00:00,80561.99876085963
2024-11-10 22:56:00+00:00,80615.79582424242
2024-11-10 22:57:00+00:00,80646.85469644103
2024-11-10 22:58:00+00:00,80679.66537871525
2024-11-10 22:59:00+00:00,80633.34085764294
2024-11-10 23:00:00+00:00,80496.9594986226
2024-11-10 23:01:00+00:00,80334.90322857143
2024-11-10 23:02:00+00:00,80302.27332779394
2024-11-10 23:03:00+00:00,80329.34832434052
2024-11-10 23:04:00+00:00,80248.24896682065
2024-11-10 23:05:00+00:00,80295.03763955893
2024-11-10 23:06:00+00:00,80381.48554086538
2024-11-10 23:07:00+00:00,80295.77898412698
2024-11-10 23:08:00+00:00,80247.42286679175
2024-11-10 23:09:00+00:00,80199.93900739176
2024-11-10 23:10:00+00:00,80305.11557785889
2024-11-10 23:11:00+00:00,80332.30454764777
2024-11-10 23:12:00+00:00,80359.99056964352
2024-11-10 23:13:00+00:00,80415.72005454545
2024-11-10 23:14:00+00:00,80362.52799565847
2024-11-10 23:15:00+00:00,80412.78117753624
2024-11-10 23:16:00+00:00,80490.42087833828
2024-11-10 23:17:00+00:00,80514.48783091787
2024-11-10 23:18:00+00:00,80506.8539978034
2024-11-10 23:19:00+00:00,80495.7141370047
2024-11-10 23:20:00+00:00,80465.78424194816
2024-11-10 23:21:00+00:00,80514.1765250291
2024-11-10 23:22:00+00:00,80454.90899691886
2024-11-10 23:23:00+00:00,80358.1575457627
2024-11-10 23:24:00+00:00,80338.32170481452
2024-11-10 23:25:00+00:00,80329.25502923976
2024-11-10 23:26:00+00:00,80317.64604294479
2024-11-10 23:27:00+00:00,80303.67009669621
2024-11-10 23:28:00+00:00,80306.6499491682
2024-11-10 23:29:00+00:00,80359.29627952755
2024-11-10 23:30:00+00:00,80341.30015151516
2024-11-10 23:31:00+00:00,80300.29437861271
2024-11-10 23:32:00+00:00,80289.67167516387
2024-11-10 23:33:00+00:00,80303.71719437116
2024-11-10 23:34:00+00:00,80386.74260928962
2024-11-10 23:35:00+00:00,80453.06960865088
2024-11-10 23:36:00+00:00,80515.7562511374
2024-11-10 23:37:00+00:00,80517.1794600939
2024-11-10 23:38:00+00:00,80510.10182284981
2024-11-10 23:39:00+00:00,80319.90468273338
2024-11-10 23:40:00+00:00,80049.3897440273
2024-11-10 23:41:00+00:00,80082.69717294193
2024-11-10 23:42:00+00:00,80156.39980548188
2024-11-10 23:43:00+00:00,80184.78969213227
2024-11-10 23:44:00+00:00,80220.13829341317
2024-11-10 23:45:00+00:00,80193.0653510896
2024-11-10 23:46:00+00:00,80223.72608633093
2024-11-10 23:47:00+00:00,80255.00617072008
2024-11-10 23:48:00+00:00,80322.35911854103
2024-11-10 23:49:00+00:00,80338.91131985099
2024-11-10 23:50:00+00:00,80378.4986181039
2024-11-10 23:51:00+00:00,80360.68203280318
2024-11-10 23:52:00+00:00,80360.10421550095
2024-11-10 23:53:00+00:00,80366.13599442379
2024-11-10 23:54:00+00:00,80383.79845250801
2024-11-10 23:55:00+00:00,80392.36779452056
2024-11-10 23:56:00+00:00,80396.19642322097
2024-11-10 23:57:00+00:00,80409.12472373541
2024-11-10 23:58:00+00:00,80417.33743206522
2024-11-10 23:59:00+00:00,80382.26009049774
2024-11-11 00:00:00+00:00,80359.9100514706
2024-11-11 00:01:00+00:00,80345.92947424606
2024-11-11 00:02:00+00:00,80395.13211508554
2024-11-11 00:03:00+00:00,80419.26543115769
2024-11-11 00:04:00+00:00,80471.39220411057
2024-11-11 00:05:00+00:00,80476.39803837953
2024-11-11 00:06:00+00:00,80488.53511909125
2024-11-11 00:07:00+00:00,80381.2922881997
2024-11-11 00:08:00+00:00,80453.80105304519
2024-11-11 00:09:00+00:00,80466.20988123515
2024-11-11 00:10:00+00:00,80452.71672441797
2024-11-11 00:11:00+00:00,80318.72161001788
2024-11-11 00:12:00+00:00,80239.01120023419
2024-11-11 00:13:00+00:00,80292.86679955081
2024-11-11 00:14:00+00:00,80363.53486015403
2024-11-11 00:15:00+00:00,80417.81250143761
2024-11-11 00:16:00+00:00,80380.19859957173
2024-11-11 00:17:00+00:00,80399.05358225717
2024-11-11 00:18:00+00:00,80421.66790903722
2024-11-11 00:19:00+00:00,80450.51277021276
2024-11-11 00:20:00+00:00,80465.30907224056
2024-11-11 00:21:00+00:00,80544.93569530138
2024-11-11 00:22:00+00:00,80562.16907274784
2024-11-11 00:23:00+00:00,80608.04730606488
2024-11-11 00:24:00+00:00,80642.28601959583
2024-11-11 00:25:00+00:00,80708.19836354221
2024-11-11 00:26:00+00:00,80694.33694281525
2024-11-11 00:27:00+00:00,80653.2303660797
2024-11-11 00:28:00+00:00,80732.9716532553
2024-11-11 00:29:00+00:00,80709.75778283979
2024-11-11 00:30:00+00:00,80741.98263769364
2024-11-11 00:31:00+00:00,80669.42344672658
2024-11-11 00:32:00+00:00,80610.63087485517
2024-11-11 00:33:00+00:00,80563.51874351586
2024-11-11 00:34:00+00:00,80609.68407244248
2024-11-11 00:35:00+00:00,80644.5499004193
2024-11-11 00:36:00+00:00,80606.21509546539
2024-11-11 00:37:00+00:00,80642.37025592418
2024-11-11 00:38:00+00:00,80616.58151162791
2024-11-11 00:39:00+00:00,80600.78525480368
2024-11-11 00:40:00+00:00,80555.79942358079
2024-11-11 00:41:00+00:00,80546.22434002112
2024-11-11 00:42:00+00:00,80520.37683028287
2024-11-11 00:43:00+00:00,80533.10560523446
2024-11-11 00:44:00+00:00,80604.53973591549
2024-11-11 00:45:00+00:00,80602.39767891684
2024-11-11 00:46:00+00:00,80626.41602146815
2024-11-11 00:47:00+00:00,80543.57806823027
2024-11-11 00:48:00+00:00,80489.8054108108
2024-11-11 00:49:00+00:00,80558.94781961471
2024-11-11 00:50:00+00:00,80612.92590291263
2024-11-11 00:51:00+00:00,80597.05700632467
2024-11-11 00:52:00+00:00,80577.9685798237
2024-11-11 00:53:00+00:00,80593.3088433735
2024-11-11 00:54:00+00:00,80645.17581162324
2024-11-11 00:55:00+00:00,80610.46110174984
2024-11-11 00:56:00+00:00,80547.40291237114
2024-11-11 00:57:00+00:00,80464.07031866464
2024-11-11 00:58:00+00:00,80503.42640526975
2024-11-11 00:59:00+00:00,80536.91865828093
2024-11-11 01:00:00+00:00,80561.06487945492
2024-11-11 01:01:00+00:00,80626.57538461538
2024-11-11 01:02:00+00:00,80621.23093214018
2024-11-11 01:03:00+00:00,80560.43846907993
2024-11-11 01:04:00+00:00,80529.49046181173
2024-11-11 01:05:00+00:00,80486.96968881857
2024-11-11 01:06:00+00:00,80440.04860537189
2024-11-11 01:07:00+00:00,80415.59916666667
2024-11-11 01:08:00+00:00,80427.30723377441
2024-11-11 01:09:00+00:00,80388.59208633093
2024-11-11 01:10:00+00:00,80398.19429226361
2024-11-11 01:11:00+00:00,80410.15026580036
2024-11-11 01:12:00+00:00,80444.43024135682
2024-11-11 01:13:00+00:00,80490.52859571789
2024-11-11 01:14:00+00:00,80491.31847826087
2024-11-11 01:15:00+00:00,80474.17202072538
2024-11-11 01:16:00+00:00,80464.03932596104
2024-11-11 01:17:00+00:00,80468.22125704621
2024-11-11 01:18:00+00:00,80498.99686695279
2024-11-11 01:19:00+00:00,80559.02515
2024-11-11 01:20:00+00:00,80544.67300685603
2024-11-11 01:21:00+00:00,80646.55875238095
2024-11-11 01:22:00+00:00,80735.22523098793
2024-11-11 01:23:00+00:00,80793.83430971512
2024-11-11 01:24:00+00:00,80764.63097560976
2024-11-11 01:25:00+00:00,80721.55336494846
2024-11-11 01:26:00+00:00,80673.58115044248
2024-11-11 01:27:00+00:00,80652.4641977612
2024-11-11 01:28:00+00:00,80732.69133097761
2024-11-11 01:29:00+00:00,80759.40259973405
2024-11-11 01:30:00+00:00,80804.40721984078
2024-11-11 01:31:00+00:00,80890.53407194244
2024-11-11 01:32:00+00:00,80851.73664262294
2024-11-11 01:33:00+00:00,80849.15659071367
2024-11-11 01:34:00+00:00,80872.84738970589
2024-11-11 01:35:00+00:00,80928.59391169978
2024-11-11 01:36:00+00:00,80944.67511111111
2024-11-11 01:37:00+00:00,80943.18805295951
2024-11-11 01:38:00+00:00,81071.88068528863
2024-11-11 01:39:00+00:00,81218.7620461095
2024-11-11 01:40:00+00:00,81178.95005917159
2024-11-11 01:41:00+00:00,81135.18729449093
2024-11-11 01:42:00+00:00,81202.91749767007
2024-11-11 01:43:00+00:00,81294.72863002114
2024-11-11 01:44:00+00:00,81252.75110510307
2024-11-11 01:45:00+00:00,81263.42699598796
2024-11-11 01:46:00+00:00,81256.60598719842
2024-11-11 01:47:00+00:00,81262.8066212534
2024-11-11 01:48:00+00:00,81342.90327787769
2024-11-11 01:49:00+00:00,81395.96437917223
2024-11-11 01:50:00+00:00,81395.55551102204
2024-11-11 01:51:00+00:00,81437.23506855576
2024-11-11 01:52:00+00:00,81476.9835851587
2024-11-11 01:53:00+00:00,81611.84740990991
2024-11-11 01:54:00+00:00,81561.45371860366
2024-11-11 01:55:00+00:00,81315.36865535247
2024-11-11 01:56:00+00:00,81255.83259171908
2024-11-11 01:57:00+00:00,81220.05138419369
2024-11-11 01:58:00+00:00,81165.13096099292
2024-11-11 01:59:00+00:00,81213.60382394699
2024-11-11 02:00:00+00:00,81147.3287289873
2024-11-11 02:01:00+00:00,81112.17877118645
2024-11-11 02:02:00+00:00,81079.56043812452
2024-11-11 02:03:00+00:00,81200.51655172414
2024-11-11 02:04:00+00:00,81291.42813858697
2024-11-11 02:05:00+00:00,81168.6536395939
2024-11-11 02:06:00+00:00,81220.63158638975
2024-11-11 02:07:00+00:00,81200.6655085653
2024-11-11 02:08:00+00:00,81174.12249889037
2024-11-11 02:09:00+00:00,81198.44490554898
2024-11-11 02:10:00+00:00,81195.90574660634
2024-11-11 02:11:00+00:00,81197.57379581152
2024-11-11 02:12:00+00:00,81208.68376249266
2024-11-11 02:13:00+00:00,81382.03530693069
2024-11-11 02:14:00+00:00,81404.87832407875
2024-11-11 02:15:00+00:00,81272.02516393442
2024-11-11 02:16:00+00:00,81313.96190654206
2024-11-11 02:17:00+00:00,81408.457386148
2024-11-11 02:18:00+00:00,81385.71869565218
2024-11-11 02:19:00+00:00,81375.63443847875
2024-11-11 02:20:00+00:00,81389.81899311076
2024-11-11 02:21:00+00:00,81437.05643939394
2024-11-11 02:22:00+00:00,81430.03955845248
2024-11-11 02:23:00+00:00,81425.70354282192
2024-11-11 02:24:00+00:00,81398.5184032258
2024-11-11 02:25:00+00:00,81449.63517509727
2024-11-11 02:26:00+00:00,81427.00958826847
2024-11-11 02:27:00+00:00,81440.42735969387
2024-11-11 02:28:00+00:00,81428.82074048913
2024-11-11 02:29:00+00:00,81425.39420289855
2024-11-11 02:30:00+00:00,81407.75688646118
2024-11-11 02:31:00+00:00,81430.54753038406
2024-11-11 02:32:00+00:00,81457.73841584158
2024-11-11 02:33:00+00:00,81478.76751133501
2024-11-11 02:34:00+00:00,81489.26115097161
2024-11-11 02:35:00+00:00,81439.82158587672
2024-11-11 02:36:00+00:00,81444.41770421325
2024-11-11 02:37:00+00:00,81417.07673839947
2024-11-11 02:38:00+00:00,81424.93069583931
2024-11-11 02:39:00+00:00,81390.79326950356
2024-11-11 02:40:00+00:00,81312.95089426878
2024-11-11 02:41:00+00:00,81261.97988564167
2024-11-11 02:42:00+00:00,81269.72396648044
2024-11-11 02:43:00+00:00,81233.92856357928
2024-11-11 02:44:00+00:00,81307.12426851294
2024-11-11 02:45:00+00:00,81241.57919477693
2024-11-11 02:46:00+00:00,81206.57016408387
2024-11-11 02:47:00+00:00,81194.60751561416
2024-11-11 02:48:00+00:00,81269.09146857924
2024-11-11 02:49:00+00:00,81308.02291486292
2024-11-11 02:50:00+00:00,81298.48414390406
2024-11-11 02:51:00+00:00,81297.08581772784
2024-11-11 02:52:00+00:00,81363.62941410128
2024-11-11 02:53:00+00:00,81361.48387480191
2024-11-11 02:54:00+00:00,81341.821901566
2024-11-11 02:55:00+00:00,81379.00310615989
2024-11-11 02:56:00+00:00,81386.83926634768
2024-11-11 02:57:00+00:00,81414.77370267775
2024-11-11 02:58:00+00:00,81423.98296755725
2024-11-11 02:59:00+00:00,81431.2272337043
2024-11-11 03:00:00+00:00,81379.72726344451
2024-11-11 03:01:00+00:00,81319.37797325103
2024-11-11 03:02:00+00:00,81292.65278086762
2024-11-11 03:03:00+00:00,81286.5512731668
2024-11-11 03:04:00+00:00,81250.83199091598
2024-11-11 03:05:00+00:00,81244.32376193976
2024-11-11 03:06:00+00:00,81227.91786775632
2024-11-11 03:07:00+00:00,81277.28285714287
2024-11-11 03:08:00+00:00,81311.26582360572
2024-11-11 03:09:00+00:00,81338.0570527523
2024-11-11 03:10:00+00:00,81333.96378140703
2024-11-11 03:11:00+00:00,81334.14351260505
2024-11-11 03:12:00+00:00,81342.48983963345
2024-11-11 03:13:00+00:00,81275.1784544335
2024-11-11 03:14:00+00:00,81276.73182477678
2024-11-11 03:15:00+00:00,81320.05440705128
2024-11-11 03:16:00+00:00,81230.67851643945
2024-11-11 03:17:00+00:00,81237.20175050302
2024-11-11 03:18:00+00:00,81214.08363005781
2024-11-11 03:19:00+00:00,81159.08485512921
2024-11-11 03:20:00+00:00,81145.41968239965
2024-11-11 03:21:00+00:00,81130.55298122065
2024-11-11 03:22:00+00:00,81091.49773547094
2024-11-11 03:23:00+00:00,81128.59569413512
2024-11-11 03:24:00+00:00,81127.33006224067
2024-11-11 03:25:00+00:00,81053.2593310064
2024-11-11 03:26:00+00:00,81074.79572872788
2024-11-11 03:27:00+00:00,81043.19090531561
2024-11-11 03:28:00+00:00,81030.93631165118
2024-11-11 03:29:00+00:00,80972.96730281302
2024-11-11 03:30:00+00:00,80982.48358128834
2024-11-11 03:31:00+00:00,81073.78120452708
2024-11-11 03:32:00+00:00,81079.29984867592
2024-11-11 03:33:00+00:00,81076.32752886837
2024-11-11 03:34:00+00:00,81111.48424226254
2024-11-11 03:35:00+00:00,81178.90212778095
2024-11-11 03:36:00+00:00,81222.43281518988
2024-11-11 03:37:00+00:00,81235.88641153082
2024-11-11 03:38:00+00:00,81230.09
2024-11-11 03:39:00+00:00,81238.60425072047
2024-11-11 03:40:00+00:00,81256.67891536564
2024-11-11 03:41:00+00:00,81292.64190388171
2024-11-11 03:42:00+00:00,81324.32291473892
2024-11-11 03:43:00+00:00,81376.84036777583
2024-11-11 03:44:00+00:00,81389.86551296504
2024-11-11 03:45:00+00:00,81401.21264243615
2024-11-11 03:46:00+00:00,81466.67879407256
2024-11-11 03:47:00+00:00,81575.14821046546
2024-11-11 03:48:00+00:00,81610.09622351694
2024-11-11 03:49:00+00:00,81666.25305102578
2024-11-11 03:50:00+00:00,81784.0559851503
2024-11-11 03:51:00+00:00,81654.2264098222
2024-11-11 03:52:00+00:00,81627.6304379562
2024-11-11 03:53:00+00:00,81640.12715616438
2024-11-11 03:54:00+00:00,81723.92285966981
2024-11-11 03:55:00+00:00,81683.33083187391
2024-11-11 03:56:00+00:00,81680.27329685363
2024-11-11 03:57:00+00:00,81682.7221961326
2024-11-11 03:58:00+00:00,81668.24696614583
2024-11-11 03:59:00+00:00,81627.37897456932
2024-11-11 04:00:00+00:00,81633.01178482366
2024-11-11 04:01:00+00:00,81607.64129739777
2024-11-11 04:02:00+00:00,81655.71172459894
2024-11-11 04:03:00+00:00,81607.8589860835
2024-11-11 04:04:00+00:00,81597.65015099519
2024-11-11 04:05:00+00:00,81619.42766773162
2024-11-11 04:06:00+00:00,81573.10978122795
2024-11-11 04:07:00+00:00,81548.99607711652
2024-11-11 04:08:00+00:00,81534.78426582279
2024-11-11 04:09:00+00:00,81518.16649141631
2024-11-11 04:10:00+00:00,81568.78736802413
2024-11-11 04:11:00+00:00,81573.77391469917
2024-11-11 04:12:00+00:00,81594.00191163976
2024-11-11 04:13:00+00:00,81608.18606625259
2024-11-11 04:14:00+00:00,81600.6928264209
2024-11-11 04:15:00+00:00,81539.4569619132
2024-11-11 04:16:00+00:00,81512.31817051511
2024-11-11 04:17:00+00:00,81520.69686431016
2024-11-11 04:18:00+00:00,81529.08904458598
2024-11-11 04:19:00+00:00,81547.67062634989
2024-11-11 04:20:00+00:00,81537.53076923077
2024-11-11 04:21:00+00:00,81496.83792694965
2024-11-11 04:22:00+00:00,81445.51545454546
2024-11-11 04:23:00+00:00,81436.28283018869
2024-11-11 04:24:00+00:00,81421.94787396563
2024-11-11 04:25:00+00:00,81424.2135314407
2024-11-11 04:26:00+00:00,81393.42583095917
2024-11-11 04:27:00+00:00,81374.85256155055
2024-11-11 04:28:00+00:00,81329.06846486486
2024-11-11 04:29:00+00:00,81239.32603454612
2024-11-11 04:30:00+00:00,81247.01557377049
2024-11-11 04:31:00+00:00,81355.06764336917
2024-11-11 04:32:00+00:00,81376.05402722178
2024-11-11 04:33:00+00:00,81422.63770770165
2024-11-11 04:34:00+00:00,81410.03492763854
2024-11-11 04:35:00+00:00,81395.26906926408
2024-11-11 04:36:00+00:00,81363.95062118692
2024-11-11 04:37:00+00:00,81385.61656528579
2024-11-11 04:38:00+00:00,81360.09651501365
2024-11-11 04:39:00+00:00,81354.66859139786
2024-11-11 04:40:00+00:00,81353.708185654
2024-11-11 04:41:00+00:00,81306.8191983471
2024-11-11 04:42:00+00:00,81336.09491321763
2024-11-11 04:43:00+00:00,81342.06575471698
2024-11-11 04:44:00+00:00,81325.24738636364
2024-11-11 04:45:00+00:00,81343.85485584219
2024-11-11 04:46:00+00:00,81355.37406619385
2024-11-11 04:47:00+00:00,81350.64619926199
2024-11-11 04:48:00+00:00,81402.80618556701
2024-11-11 04:49:00+00:00,81373.19854085603
2024-11-11 04:50:00+00:00,81360.51182957394
2024-11-11 04:51:00+00:00,81366.22589264878
2024-11-11 04:52:00+00:00,81358.92551843317
2024-11-11 04:53:00+00:00,81387.08474074074
2024-11-11 04:54:00+00:00,81379.97647482014
2024-11-11 04:55:00+00:00,81397.35647651007
2024-11-11 04:56:00+00:00,81426.70568758345
2024-11-11 04:57:00+00:00,81438.59318401937
2024-11-11 04:58:00+00:00,81462.17066666666
2024-11-11 04:59:00+00:00,81464.37195744681
2024-11-11 05:00:00+00:00,81431.56586614174
2024-11-11 05:01:00+00:00,81401.68776963351
2024-11-11 05:02:00+00:00,81404.19549496645
2024-11-11 05:03:00+00:00,81434.60742358079
2024-11-11 05:04:00+00:00,81461.78777472528
2024-11-11 05:05:00+00:00,81501.80522798742
2024-11-11 05:06:00+00:00,81562.61903984324
2024-11-11 05:07:00+00:00,81539.07663446054
2024-11-11 05:08:00+00:00,81473.7653179973
2024-11-11 05:09:00+00:00,81465.55567810457
2024-11-11 05:10:00+00:00,81479.56902739726
2024-11-11 05:11:00+00:00,81484.02456700092
2024-11-11 05:12:00+00:00,81470.12923358692
2024-11-11 05:13:00+00:00,81412.74347457627
2024-11-11 05:14:00+00:00,81379.14182036888
2024-11-11 05:15:00+00:00,81351.29329405988
2024-11-11 05:16:00+00:00,81341.04820224718
2024-11-11 05:17:00+00:00,81254.80104534973
2024-11-11 05:18:00+00:00,81159.52491699868
2024-11-11 05:19:00+00:00,81190.97031328321
2024-11-11 05:20:00+00:00,81251.88482594937
2024-11-11 05:21:00+00:00,81251.8870246085
2024-11-11 05:22:00+00:00,81177.86773892773
2024-11-11 05:23:00+00:00,81175.56828782288
2024-11-11 05:24:00+00:00,81140.72944864865
2024-11-11 05:25:00+00:00,81062.00872530864
2024-11-11 05:26:00+00:00,80982.1660426992
2024-11-11 05:27:00+00:00,80894.06045040728
2024-11-11 05:28:00+00:00,80861.61471433977
2024-11-11 05:29:00+00:00,80963.5365133172
2024-11-11 05:30:00+00:00,81026.59909839618
2024-11-11 05:31:00+00:00,81086.06966263526
2024-11-11 05:32:00+00:00,81027.72304857621
2024-11-11 05:33:00+00:00,80865.20360330578
2024-11-11 05:34:00+00:00,80892.22632687927
2024-11-11 05:35:00+00:00,80980.41340517241
2024-11-11 05:36:00+00:00,80960.37663869072
2024-11-11 05:37:00+00:00,80854.6793429343
2024-11-11 05:38:00+00:00,80747.29345885634
2024-11-11 05:39:00+00:00,80731.29836279461
2024-11-11 05:40:00+00:00,80817.65374954496
2024-11-11 05:41:00+00:00,80804.3667368709
2024-11-11 05:42:00+00:00,80734.49367464904
2024-11-11 05:43:00+00:00,80751.45965679966
2024-11-11 05:44:00+00:00,80750.96804526748
2024-11-11 05:45:00+00:00,80794.40397324026
2024-11-11 05:46:00+00:00,80889.99007729469
2024-11-11 05:47:00+00:00,80885.73354410617
2024-11-11 05:48:00+00:00,80857.93232209739
2024-11-11 05:49:00+00:00,80839.17224250326
2024-11-11 05:50:00+00:00,80804.5680586627
2024-11-11 05:51:00+00:00,80768.7856301245
2024-11-11 05:52:00+00:00,80782.99533361048
2024-11-11 05:53:00+00:00,80688.63691430433
2024-11-11 05:54:00+00:00,80580.7131752797
2024-11-11 05:55:00+00:00,80471.75169014085
2024-11-11 05:56:00+00:00,80491.96483673899
2024-11-11 05:57:00+00:00,80536.25865943814
2024-11-11 05:58:00+00:00,80688.08539165818
2024-11-11 05:59:00+00:00,80683.7956733699
2024-11-11 06:00:00+00:00,80726.262
2024-11-11 06:01:00+00:00,80708.82378059253
2024-11-11 06:02:00+00:00,80658.91010744235
2024-11-11 06:03:00+00:00,80799.66938037866
2024-11-11 06:04:00+00:00,80816.01818277311
2024-11-11 06:05:00+00:00,80843.00720912254
2024-11-11 06:06:00+00:00,80844.22408703879
2024-11-11 06:07:00+00:00,80843.05432600112
2024-11-11 06:08:00+00:00,80853.42157220306
2024-11-11 06:09:00+00:00,80877.43712173913
2024-11-11 06:10:00+00:00,80878.93359792925
2024-11-11 06:11:00+00:00,80859.3617715736
2024-11-11 06:12:00+00:00,80907.19386969398
2024-11-11 06:13:00+00:00,80900.71239576439
2024-11-11 06:14:00+00:00,80876.94996150886
2024-11-11 06:15:00+00:00,80835.80827638572
2024-11-11 06:16:00+00:00,80757.03322620518
2024-11-11 06:17:00+00:00,80764.40774550484
2024-11-11 06:18:00+00:00,80754.66836014531
2024-11-11 06:19:00+00:00,80771.81406384814
2024-11-11 06:20:00+00:00,80766.47275045537
2024-11-11 06:21:00+00:00,80837.96799711816
2024-11-11 06:22:00+00:00,80777.24363888889
2024-11-11 06:23:00+00:00,80807.9462063228
2024-11-11 06:24:00+00:00,80845.71643465909
2024-11-11 06:25:00+00:00,80959.15626043406
2024-11-11 06:26:00+00:00,81039.69664511495
2024-11-11 06:27:00+00:00,81074.03429811867
2024-11-11 06:28:00+00:00,81121.8480671359
2024-11-11 06:29:00+00:00,81135.40260465116
2024-11-11 06:30:00+00:00,81136.79412115195
2024-11-11 06:31:00+00:00,81221.84864386072
2024-11-11 06:32:00+00:00,81190.66597484278
2024-11-11 06:33:00+00:00,81200.72768453427
2024-11-11 06:34:00+00:00,81215.73195601851
2024-11-11 06:35:00+00:00,81199.53312372397
2024-11-11 06:36:00+00:00,81121.08464158617
2024-11-11 06:37:00+00:00,81033.39739923633
2024-11-11 06:38:00+00:00,81079.82017574692
2024-11-11 06:39:00+00:00,81116.82956109726
2024-11-11 06:40:00+00:00,81087.74953586498
2024-11-11 06:41:00+00:00,81084.12345829429
2024-11-11 06:42:00+00:00,81066.79713942308
2024-11-11 06:43:00+00:00,80933.57123750594
2024-11-11 06:44:00+00:00,80822.61657926103
2024-11-11 06:45:00+00:00,80827.38100853788
2024-11-11 06:46:00+00:00,80854.30992477876
2024-11-11 06:47:00+00:00,80815.49144506648
2024-11-11 06:48:00+00:00,80805.38368959869
2024-11-11 06:49:00+00:00,80845.8408765653
2024-11-11 06:50:00+00:00,80867.76064297125
2024-11-11 06:51:00+00:00,80900.02508890252
2024-11-11 06:52:00+00:00,80901.00682916491
2024-11-11 06:53:00+00:00,80937.69408934709
2024-11-11 06:54:00+00:00,80912.76821000705
2024-11-11 06:55:00+00:00,80913.15694594594
2024-11-11 06:56:00+00:00,80917.94531187123
2024-11-11 06:57:00+00:00,80909.9189957395
2024-11-11 06:58:00+00:00,80883.58376733781
2024-11-11 06:59:00+00:00,80900.80308751228
2024-11-11 07:00:00+00:00,80905.41869174162
2024-11-11 07:01:00+00:00,80930.7496097561
2024-11-11 07:02:00+00:00,80900.03092357724
2024-11-11 07:03:00+00:00,80928.94172881354
2024-11-11 07:04:00+00:00,80848.19045738045
2024-11-11 07:05:00+00:00,80793.70807557733
2024-11-11 07:06:00+00:00,80783.61477894738
2024-11-11 07:07:00+00:00,80829.51636234626
2024-11-11 07:08:00+00:00,80906.37192966636
2024-11-11 07:09:00+00:00,80933.04476905311
2024-11-11 07:10:00+00:00,80955.71927038627
2024-11-11 07:11:00+00:00,80940.04817084942
2024-11-11 07:12:00+00:00,80964.0234519104
2024-11-11 07:13:00+00:00,80975.44685393259
2024-11-11 07:14:00+00:00,80979.53794616152
2024-11-11 07:15:00+00:00,80969.0905082054
2024-11-11 07:16:00+00:00,80950.08183646982
2024-11-11 07:17:00+00:00,80900.50517512078
2024-11-11 07:18:00+00:00,80907.52991766467
2024-11-11 07:19:00+00:00,80952.4795748731
2024-11-11 07:20:00+00:00,80978.69255555555
2024-11-11 07:21:00+00:00,80909.96577716098
2024-11-11 07:22:00+00:00,80810.83856321839
2024-11-11 07:23:00+00:00,80832.75834518422
2024-11-11 07:24:00+00:00,80885.74904091214
2024-11-11 07:25:00+00:00,80864.41998402556
2024-11-11 07:26:00+00:00,80858.59766111514
2024-11-11 07:27:00+00:00,80828.30227617602
2024-11-11 07:28:00+00:00,80800.88341823056
2024-11-11 07:29:00+00:00,80794.01898130841
2024-11-11 07:30:00+00:00,80807.7480207254
2024-11-11 07:31:00+00:00,80813.21867711053
2024-11-11 07:32:00+00:00,80810.0189402985
2024-11-11 07:33:00+00:00,80834.06652230123
2024-11-11 07:34:00+00:00,80902.88400345125
2024-11-11 07:35:00+00:00,80889.68652900688
2024-11-11 07:36:00+00:00,80897.03035031847
2024-11-11 07:37:00+00:00,80852.40953634803
2024-11-11 07:38:00+00:00,80884.0065060241
2024-11-11 07:39:00+00:00,80900.93796550199
2024-11-11 07:40:00+00:00,80905.95703186137
2024-11-11 07:41:00+00:00,80922.5064180399
2024-11-11 07:42:00+00:00,80927.990919244
2024-11-11 07:43:00+00:00,80947.73177548683
2024-11-11 07:44:00+00:00,80971.962735426
2024-11-11 07:45:00+00:00,81050.07780114723
2024-11-11 07:46:00+00:00,81119.44753393666
2024-11-11 07:47:00+00:00,81115.43220528455
2024-11-11 07:48:00+00:00,81117.33520965693
2024-11-11 07:49:00+00:00,81059.54644520549
2024-11-11 07:50:00+00:00,81085.44348076923
2024-11-11 07:51:00+00:00,81112.3534875
2024-11-11 07:52:00+00:00,81119.49250896057
2024-11-11 07:53:00+00:00,81076.65280888889
2024-11-11 07:54:00+00:00,81097.73635391924
2024-11-11 07:55:00+00:00,81103.14976122254
2024-11-11 07:56:00+00:00,81116.12492179353
2024-11-11 07:57:00+00:00,81192.96306720277
2024-11-11 07:58:00+00:00,81176.8713700565
2024-11-11 07:59:00+00:00,81136.81988311688
2024-11-11 08:00:00+00:00,81101.19611854684
2024-11-11 08:01:00+00:00,81206.21247063941
2024-11-11 08:02:00+00:00,81200.51014913658
2024-11-11 08:03:00+00:00,81265.2304451734
2024-11-11 08:04:00+00:00,81269.55884770889
2024-11-11 08:05:00+00:00,81238.90460707269
2024-11-11 08:06:00+00:00,81181.53966134494
2024-11-11 08:07:00+00:00,81215.27381999171
2024-11-11 08:08:00+00:00,81248.99056065732
2024-11-11 08:09:00+00:00,81321.99742396483
2024-11-11 08:10:00+00:00,81259.77856223176
2024-11-11 08:11:00+00:00,81243.55551693002
2024-11-11 08:12:00+00:00,81221.18379286214
2024-11-11 08:13:00+00:00,81201.91586018237
2024-11-11 08:14:00+00:00,81218.31200554015
2024-11-11 08:15:00+00:00,81219.13861363636
2024-11-11 08:16:00+00:00,81255.7341810345
2024-11-11 08:17:00+00:00,81215.86431946585
2024-11-11 08:18:00+00:00,81208.08847313237
2024-11-11 08:19:00+00:00,81224.21965189873
2024-11-11 08:20:00+00:00,81179.57001627781
2024-11-11 08:21:00+00:00,81154.79704253882
2024-11-11 08:22:00+00:00,81143.7265232274
2024-11-11 08:23:00+00:00,81110.23386379928
2024-11-11 08:24:00+00:00,81069.70756028368
2024-11-11 08:25:00+00:00,81077.20957765669
2024-11-11 08:26:00+00:00,81072.75265855221
2024-11-11 08:27:00+00:00,81076.58713682942
2024-11-11 08:28:00+00:00,81082.06129907208
2024-11-11 08:29:00+00:00,81071.94403921568
2024-11-11 08:30:00+00:00,81048.17265936897
2024-11-11 08:31:00+00:00,81039.12843080488
2024-11-11 08:32:00+00:00,81075.16815179605
2024-11-11 08:33:00+00:00,81084.54317403708
2024-11-11 08:34:00+00:00,81103.99985179407
2024-11-11 08:35:00+00:00,81110.37571747212
2024-11-11 08:36:00+00:00,81104.52281053233
2024-11-11 08:37:00+00:00,81126.5210940171
2024-11-11 08:38:00+00:00,81165.4389469914
2024-11-11 08:39:00+00:00,81150.463839432
2024-11-11 08:40:00+00:00,81191.12487153134
2024-11-11 08:41:00+00:00,81223.81069827035
2024-11-11 08:42:00+00:00,81197.97659284498
2024-11-11 08:43:00+00:00,81206.91504170529
2024-11-11 08:44:00+00:00,81208.25166126418
2024-11-11 08:45:00+00:00,81203.48319178082
2024-11-11 08:46:00+00:00,81185.31079384616
2024-11-11 08:47:00+00:00,81181.40458799593
2024-11-11 08:48:00+00:00,81158.50764585465
2024-11-11 08:49:00+00:00,81189.05360078278
2024-11-11 08:50:00+00:00,81192.07608805032
2024-11-11 08:51:00+00:00,81229.77731301938
2024-11-11 08:52:00+00:00,81262.32500711238
2024-11-11 08:53:00+00:00,81273.03957253885
2024-11-11 08:54:00+00:00,81286.07701372998
2024-11-11 08:55:00+00:00,81333.81353390211
2024-11-11 08:56:00+00:00,81314.41578778134
2024-11-11 08:57:00+00:00,81276.2267822736
2024-11-11 08:58:00+00:00,81295.29315217391
2024-11-11 08:59:00+00:00,81288.51418494369
2024-11-11 09:00:00+00:00,81225.40861009511
2024-11-11 09:01:00+00:00,81191.50758691206
2024-11-11 09:02:00+00:00,81235.747176781
2024-11-11 09:03:00+00:00,81219.72065217391
2024-11-11 09:04:00+00:00,81257.5002936747
2024-11-11 09:05:00+00:00,81316.59807566863
2024-11-11 09:06:00+00:00,81322.45840855107
2024-11-11 09:07:00+00:00,81325.80970588235
2024-11-11 09:08:00+00:00,81355.9098854337
2024-11-11 09:09:00+00:00,81337.94190436242
2024-11-11 09:10:00+00:00,81378.52704203014
2024-11-11 09:11:00+00:00,81432.67877354541
2024-11-11 09:12:00+00:00,81448.26392045456
2024-11-11 09:13:00+00:00,81460.82813953487
2024-11-11 09:14:00+00:00,81436.50032212885
2024-11-11 09:15:00+00:00,81430.3665459364
2024-11-11 09:16:00+00:00,81413.70877697843
2024-11-11 09:17:00+00:00,81424.6969352014
2024-11-11 09:18:00+00:00,81470.91557721909
2024-11-11 09:19:00+00:00,81405.64524528303
2024-11-11 09:20:00+00:00,81391.42518691589
2024-11-11 09:21:00+00:00,81435.34617505169
2024-11-11 09:22:00+00:00,81413.00858812073
2024-11-11 09:23:00+00:00,81427.50275502606
2024-11-11 09:24:00+00:00,81418.76493860847
2024-11-11 09:25:00+00:00,81398.93550185874
2024-11-11 09:26:00+00:00,81359.41055279943
2024-11-11 09:27:00+00:00,81340.3310483871
2024-11-11 09:28:00+00:00,81350.94896853148
2024-11-11 09:29:00+00:00,81365.8278170638
2024-11-11 09:30:00+00:00,81386.10710914453
2024-11-11 09:31:00+00:00,81348.60407692307
2024-11-11 09:32:00+00:00,81394.29914139569
2024-11-11 09:33:00+00:00,81475.14653113087
2024-11-11 09:34:00+00:00,81530.53198095238
2024-11-11 09:35:00+00:00,81557.19794805195
2024-11-11 09:36:00+00:00,81540.2173822366
2024-11-11 09:37:00+00:00,81483.46923010382
2024-11-11 09:38:00+00:00,81518.20343750001
2024-11-11 09:39:00+00:00,81566.89319371727
2024-11-11 09:40:00+00:00,81559.80821243524
2024-11-11 09:41:00+00:00,81542.88799173554
2024-11-11 09:42:00+00:00,81550.27744331065
2024-11-11 09:43:00+00:00,81483.42366039102
2024-11-11 09:44:00+00:00,81459.26775801953
2024-11-11 09:45:00+00:00,81448.12783991228
2024-11-11 09:46:00+00:00,81478.31551438323
2024-11-11 09:47:00+00:00,81556.8355940023
2024-11-11 09:48:00+00:00,81645.70813345777
2024-11-11 09:49:00+00:00,81659.65793488373
2024-11-11 09:50:00+00:00,81652.53460726074
2024-11-11 09:51:00+00:00,81676.19403333333
2024-11-11 09:52:00+00:00,81690.20776081424
2024-11-11 09:53:00+00:00,81726.26736677116
2024-11-11 09:54:00+00:00,81702.01969830296
2024-11-11 09:55:00+00:00,81719.05128965159
2024-11-11 09:56:00+00:00,81732.59929487179
2024-11-11 09:57:00+00:00,81755.16762106537
2024-11-11 09:58:00+00:00,81720.97487309645
2024-11-11 09:59:00+00:00,81698.72611157369
2024-11-11 10:00:00+00:00,81694.92188164586
2024-11-11 10:01:00+00:00,81706.02787701976
2024-11-11 10:02:00+00:00,81730.08676384839
2024-11-11 10:03:00+00:00,81766.3152601969
2024-11-11 10:04:00+00:00,81810.06312630119
2024-11-11 10:05:00+00:00,81792.46124933827
2024-11-11 10:06:00+00:00,81830.88847179772
2024-11-11 10:07:00+00:00,81943.38085091296
2024-11-11 10:08:00+00:00,81974.21647030498
2024-11-11 10:09:00+00:00,81980.16493823347
2024-11-11 10:10:00+00:00,82098.23630517024
2024-11-11 10:11:00+00:00,82049.24793326978
2024-11-11 10:12:00+00:00,81949.27210400402
2024-11-11 10:13:00+00:00,82050.22545560748
2024-11-11 10:14:00+00:00,82109.36676200473
2024-11-11 10:15:00+00:00,82102.07278734037
2024-11-11 10:16:00+00:00,82195.77250598416
2024-11-11 10:17:00+00:00,82146.51645433164
2024-11-11 10:18:00+00:00,82279.68470955534
2024-11-11 10:19:00+00:00,82310.09892180572
2024-11-11 10:20:00+00:00,82283.62042752867
2024-11-11 10:21:00+00:00,82258.8624066265
2024-11-11 10:22:00+00:00,82250.23548027701
2024-11-11 10:23:00+00:00,82105.28860874298
2024-11-11 10:24:00+00:00,82017.88334812425
2024-11-11 10:25:00+00:00,81922.90744774479
2024-11-11 10:26:00+00:00,81981.65284901758
2024-11-11 10:27:00+00:00,81991.13737911702
2024-11-11 10:28:00+00:00,81941.48668938944
2024-11-11 10:29:00+00:00,81954.09387372014
2024-11-11 10:30:00+00:00,81868.88190193549
2024-11-11 10:31:00+00:00,81900.6316208013
2024-11-11 10:32:00+00:00,81968.78865216237
2024-11-11 10:33:00+00:00,81931.46021451104
2024-11-11 10:34:00+00:00,81952.51738562091
2024-11-11 10:35:00+00:00,81979.51002713705
2024-11-11 10:36:00+00:00,82021.3246583584
2024-11-11 10:37:00+00:00,82115.55858196011
2024-11-11 10:38:00+00:00,82089.63720940356
2024-11-11 10:39:00+00:00,82093.08977632805
2024-11-11 10:40:00+00:00,82091.04030384874
2024-11-11 10:41:00+00:00,82033.44408284024
2024-11-11 10:42:00+00:00,82079.60217412216
2024-11-11 10:43:00+00:00,82063.8045777027
2024-11-11 10:44:00+00:00,82066.754450078
2024-11-11 10:45:00+00:00,82070.23133160957
2024-11-11 10:46:00+00:00,82127.52551706828
2024-11-11 10:47:00+00:00,82159.39285818182
2024-11-11 10:48:00+00:00,82129.58274414494
2024-11-11 10:49:00+00:00,82124.29485262008
2024-11-11 10:50:00+00:00,82066.34646078432
2024-11-11 10:51:00+00:00,82018.1550615595
2024-11-11 10:52:00+00:00,82024.37611624834
2024-11-11 10:53:00+00:00,81966.45341661826
2024-11-11 10:54:00+00:00,81988.86514786418
2024-11-11 10:55:00+00:00,81968.57961412688
2024-11-11 10:56:00+00:00,81945.15247787611
2024-11-11 10:57:00+00:00,81978.28983128835
2024-11-11 10:58:00+00:00,81972.92704784131
2024-11-11 10:59:00+00:00,81970.60052469136
2024-11-11 11:00:00+00:00,81991.77975384616
2024-11-11 11:01:00+00:00,81997.90790666666
2024-11-11 11:02:00+00:00,81914.10607142857
2024-11-11 11:03:00+00:00,81861.10001055966
2024-11-11 11:04:00+00:00,81931.75362334802
2024-11-11 11:05:00+00:00,81980.86984324573
2024-11-11 11:06:00+00:00,81935.70460011675
2024-11-11 11:07:00+00:00,81943.56211163416
2024-11-11 11:08:00+00:00,81966.10229116945
2024-11-11 11:09:00+00:00,82019.02080683157
2024-11-11 11:10:00+00:00,82072.64393095768
2024-11-11 11:11:00+00:00,81967.26251328374
2024-11-11 11:12:00+00:00,81910.42974099099
2024-11-11 11:13:00+00:00,81914.23394808744
2024-11-11 11:14:00+00:00,81955.26216710183
2024-11-11 11:15:00+00:00,81926.88207697413
2024-11-11 11:16:00+00:00,81970.75389453622
2024-11-11 11:17:00+00:00,82000.95232602478
2024-11-11 11:18:00+00:00,81997.16020833334
2024-11-11 11:19:00+00:00,82027.0909371293
2024-11-11 11:20:00+00:00,82044.39594142258
2024-11-11 11:21:00+00:00,82056.49992523364
2024-11-11 11:22:00+00:00,82074.11722152692
2024-11-11 11:23:00+00:00,82063.257852077
2024-11-11 11:24:00+00:00,82078.94959695818
2024-11-11 11:25:00+00:00,82115.41977407847
2024-11-11 11:26:00+00:00,82142.29955654102
2024-11-11 11:27:00+00:00,82156.36413207547
2024-11-11 11:28:00+00:00,82134.71678711704
2024-11-11 11:29:00+00:00,82141.56151685392
2024-11-11 11:30:00+00:00,82135.53939451277
2024-11-11 11:31:00+00:00,82091.44879929886
2024-11-11 11:32:00+00:00,82103.10092792047
2024-11-11 11:33:00+00:00,82161.07389788295
2024-11-11 11:34:00+00:00,82195.1364956332
2024-11-11 11:35:00+00:00,82200.81756686799
2024-11-11 11:36:00+00:00,82162.8453202219
2024-11-11 11:37:00+00:00,82092.04837020315
2024-11-11 11:38:00+00:00,82062.5655014859
2024-11-11 11:39:00+00:00,82052.82194167306
2024-11-11 11:40:00+00:00,82057.40797435897
2024-11-11 11:41:00+00:00,82064.06721980887
2024-11-11 11:42:00+00:00,82021.12520761245
2024-11-11 11:43:00+00:00,82003.88467400508
2024-11-11 11:44:00+00:00,82013.33966854725
2024-11-11 11:45:00+00:00,82025.15035345296
2024-11-11 11:46:00+00:00,82059.55269886364
2024-11-11 11:47:00+00:00,82073.28721125075
2024-11-11 11:48:00+00:00,82125.340074129
2024-11-11 11:49:00+00:00,82191.43340059055
2024-11-11 11:50:00+00:00,82208.19968606932
2024-11-11 11:51:00+00:00,82180.50207920792
2024-11-11 11:52:00+00:00,82148.55836088154
2024-11-11 11:53:00+00:00,82160.7571574468
2024-11-11 11:54:00+00:00,82181.37126436782
2024-11-11 11:55:00+00:00,82102.82562815884
2024-11-11 11:56:00+00:00,82109.29510897111
2024-11-11 11:57:00+00:00,82121.90453125
2024-11-11 11:58:00+00:00,82176.83817381092
2024-11-11 11:59:00+00:00,82148.866979416
2024-11-11 12:00:00+00:00,82130.20291762013
2024-11-11 12:01:00+00:00,82147.71634579086
2024-11-11 12:02:00+00:00,82135.7297277937
2024-11-11 12:03:00+00:00,82170.54517059107
2024-11-11 12:04:00+00:00,82150.76772754671
2024-11-11 12:05:00+00:00,82159.25654242665
2024-11-11 12:06:00+00:00,82134.45100044072
2024-11-11 12:07:00+00:00,82146.25206461383
2024-11-11 12:08:00+00:00,82162.43965646005
2024-11-11 12:09:00+00:00,82211.89881981033
2024-11-11 12:10:00+00:00,82253.85250859107
2024-11-11 12:11:00+00:00,82273.6284566428
2024-11-11 12:12:00+00:00,82398.2293572525
2024-11-11 12:13:00+00:00,82325.99889483627
2024-11-11 12:14:00+00:00,82223.49932012432
2024-11-11 12:15:00+00:00,82189.67382257483
2024-11-11 12:16:00+00:00,82096.23624212273
2024-11-11 12:17:00+00:00,82157.04170385396
2024-11-11 12:18:00+00:00,82091.41575411335
2024-11-11 12:19:00+00:00,82106.44259166875
2024-11-11 12:20:00+00:00,81955.24298372805
2024-11-11 12:21:00+00:00,81824.33670273349
2024-11-11 12:22:00+00:00,81839.42406208425
2024-11-11 12:23:00+00:00,81880.94731153498
2024-11-11 12:24:00+00:00,81817.52606347897
2024-11-11 12:25:00+00:00,81815.39672950329
2024-11-11 12:26:00+00:00,81928.17111394016
2024-11-11 12:27:00+00:00,81999.3542535915
2024-11-11 12:28:00+00:00,82073.80267914014
2024-11-11 12:29:00+00:00,82100.9096640625
2024-11-11 12:30:00+00:00,82113.79064502704
2024-11-11 12:31:00+00:00,82185.66919390787
2024-11-11 12:32:00+00:00,82221.56370680247
2024-11-11 12:33:00+00:00,82185.39362565445
2024-11-11 12:34:00+00:00,82201.94832885305
2024-11-11 12:35:00+00:00,82249.39864138262
2024-11-11 12:36:00+00:00,82268.69228890729
2024-11-11 12:37:00+00:00,82235.93442099258
2024-11-11 12:38:00+00:00,82221.34508084577
2024-11-11 12:39:00+00:00,82226.067771943
2024-11-11 12:40:00+00:00,82268.61592708333
2024-11-11 12:41:00+00:00,82286.95017459363
2024-11-11 12:42:00+00:00,82284.98859574468
2024-11-11 12:43:00+00:00,82300.56549371633
2024-11-11 12:44:00+00:00,82298.27560728745
2024-11-11 12:45:00+00:00,82300.2689329446
2024-11-11 12:46:00+00:00,82327.45789731052
2024-11-11 12:47:00+00:00,82253.58219021739
2024-11-11 12:48:00+00:00,82245.78320710613
2024-11-11 12:49:00+00:00,82256.77699394754
2024-11-11 12:50:00+00:00,82252.50418918919
2024-11-11 12:51:00+00:00,82217.29217697335
2024-11-11 12:52:00+00:00,82265.22680842911
2024-11-11 12:53:00+00:00,82298.19659574468
2024-11-11 12:54:00+00:00,82300.14312622629
2024-11-11 12:55:00+00:00,82262.24119410086
2024-11-11 12:56:00+00:00,82250.71465288819
2024-11-11 12:57:00+00:00,82228.78536016948
2024-11-11 12:58:00+00:00,82221.90108789183
2024-11-11 12:59:00+00:00,82204.16443213297
2024-11-11 13:00:00+00:00,82200.97162647224
2024-11-11 13:01:00+00:00,82202.34459492141
2024-11-11 13:02:00+00:00,82139.1958634405
2024-11-11 13:03:00+00:00,82004.92164805313
2024-11-11 13:04:00+00:00,81980.48088015913
2024-11-11 13:05:00+00:00,81942.07522795217
2024-11-11 13:06:00+00:00,81916.13859953024
2024-11-11 13:07:00+00:00,81871.68158605174
2024-11-11 13:08:00+00:00,81940.21471163748
2024-11-11 13:09:00+00:00,81998.38333463491
2024-11-11 13:10:00+00:00,81938.70164604424
2024-11-11 13:11:00+00:00,81767.38059390959
2024-11-11 13:12:00+00:00,81704.27288765088
2024-11-11 13:13:00+00:00,81746.2321674601
2024-11-11 13:14:00+00:00,81660.89977502813
2024-11-11 13:15:00+00:00,81701.20497008743
2024-11-11 13:16:00+00:00,81602.7442105263
2024-11-11 13:17:00+00:00,81534.10950344829
2024-11-11 13:18:00+00:00,81620.64269390171
2024-11-11 13:19:00+00:00,81621.17670046473
2024-11-11 13:20:00+00:00,81711.7618772099
2024-11-11 13:21:00+00:00,81703.77831622957
2024-11-11 13:22:00+00:00,81737.65107920334
2024-11-11 13:23:00+00:00,81746.46463390664
2024-11-11 13:24:00+00:00,81847.8548245877
2024-11-11 13:25:00+00:00,81820.08800666667
2024-11-11 13:26:00+00:00,81805.65349584488
2024-11-11 13:27:00+00:00,81858.43672576177
2024-11-11 13:28:00+00:00,81929.2029561451
2024-11-11 13:29:00+00:00,81904.03499999999
2024-11-11 13:30:00+00:00,81853.90503985508
2024-11-11 13:31:00+00:00,81813.95868798955
2024-11-11 13:32:00+00:00,81795.55256489493
2024-11-11 13:33:00+00:00,81709.42139845759
2024-11-11 13:34:00+00:00,81731.17090690979
2024-11-11 13:35:00+00:00,81679.24570275404
2024-11-11 13:36:00+00:00,81640.78424259363
2024-11-11 13:37:00+00:00,81660.80090130917
2024-11-11 13:38:00+00:00,81703.85738074589
2024-11-11 13:39:00+00:00,81705.14121542941
2024-11-11 13:40:00+00:00,81665.2454786806
2024-11-11 13:41:00+00:00,81642.13932420874
2024-11-11 13:42:00+00:00,81659.09639070876
2024-11-11 13:43:00+00:00,81697.24373304783
2024-11-11 13:44:00+00:00,81706.0684751204
2024-11-11 13:45:00+00:00,81684.47366109784
2024-11-11 13:46:00+00:00,81688.97677366703
2024-11-11 13:47:00+00:00,81710.01246586344
2024-11-11 13:48:00+00:00,81713.48003181336
2024-11-11 13:49:00+00:00,81711.2381322314
2024-11-11 13:50:00+00:00,81772.60750649351
2024-11-11 13:51:00+00:00,81842.09009253548
2024-11-11 13:52:00+00:00,81880.67415765069
2024-11-11 13:53:00+00:00,81863.05811009175
2024-11-11 13:54:00+00:00,81797.00965210954
2024-11-11 13:55:00+00:00,81753.19917777777
2024-11-11 13:56:00+00:00,81779.0178092643
2024-11-11 13:57:00+00:00,81843.19019659239
2024-11-11 13:58:00+00:00,81854.12842857142
2024-11-11 13:59:00+00:00,81841.47562996595
2024-11-11 14:00:00+00:00,81846.24073700543
2024-11-11 14:01:00+00:00,81916.74459923664
2024-11-11 14:02:00+00:00,81936.7618084154
2024-11-11 14:03:00+00:00,81983.70157430113
2024-11-11 14:04:00+00:00,82104.25987586536
2024-11-11 14:05:00+00:00,82145.01167498613
2024-11-11 14:06:00+00:00,82126.13629834255
2024-11-11 14:07:00+00:00,82110.16178670361
2024-11-11 14:08:00+00:00,82112.24995980348
2024-11-11 14:09:00+00:00,82094.97773019272
2024-11-11 14:10:00+00:00,82028.69291784703
2024-11-11 14:11:00+00:00,81938.14442396312
2024-11-11 14:12:00+00:00,81872.77040276525
2024-11-11 14:13:00+00:00,81765.7514463033
2024-11-11 14:14:00+00:00,81761.74950642325
2024-11-11 14:15:00+00:00,81775.00593644068
2024-11-11 14:16:00+00:00,81806.8138327206
2024-11-11 14:17:00+00:00,81711.14704278682
2024-11-11 14:18:00+00:00,81756.43163320672
2024-11-11 14:19:00+00:00,81760.55624693778
2024-11-11 14:20:00+00:00,81745.28171281391
2024-11-11 14:21:00+00:00,81670.8756656581
2024-11-11 14:22:00+00:00,81622.86546966732
2024-11-11 14:23:00+00:00,81555.50041341918
2024-11-11 14:24:00+00:00,81589.5398017933
2024-11-11 14:25:00+00:00,81625.77644217371
2024-11-11 14:26:00+00:00,81642.7394548208
2024-11-11 14:27:00+00:00,81617.29597873671
2024-11-11 14:28:00+00:00,81644.70433642599
2024-11-11 14:29:00+00:00,81722.90402238806
2024-11-11 14:30:00+00:00,81657.30377734306
2024-11-11 14:31:00+00:00,81740.85328011039
2024-11-11 14:32:00+00:00,81904.72369552239
2024-11-11 14:33:00+00:00,82143.27694857016
2024-11-11 14:34:00+00:00,82390.41856326684
2024-11-11 14:35:00+00:00,82244.1927114462
2024-11-11 14:36:00+00:00,82281.67156218093
2024-11-11 14:37:00+00:00,82354.9546347032
2024-11-11 14:38:00+00:00,82361.48125025748
2024-11-11 14:39:00+00:00,82400.25563005781
2024-11-11 14:40:00+00:00,82385.2409255496
2024-11-11 14:41:00+00:00,82510.10802599009
2024-11-11 14:42:00+00:00,82476.2445460943
2024-11-11 14:43:00+00:00,82313.41495809783
2024-11-11 14:44:00+00:00,81984.96174458765
2024-11-11 14:45:00+00:00,81887.8845145019
2024-11-11 14:46:00+00:00,82046.52685170656
2024-11-11 14:47:00+00:00,82206.63252851377
2024-11-11 14:48:00+00:00,82214.57761977352
2024-11-11 14:49:00+00:00,82201.69489544355
2024-11-11 14:50:00+00:00,82235.03624907338
2024-11-11 14:51:00+00:00,82336.2968118644
2024-11-11 14:52:00+00:00,82405.19426342072
2024-11-11 14:53:00+00:00,82290.79554234062
2024-11-11 14:54:00+00:00,82304.93149199418
2024-11-11 14:55:00+00:00,82266.83259558595
2024-11-11 14:56:00+00:00,82400.4335685118
2024-11-11 14:57:00+00:00,82396.70075342467
2024-11-11 14:58:00+00:00,82446.78341010101
2024-11-11 14:59:00+00:00,82498.55451223196
2024-11-11 15:00:00+00:00,82477.05741141732
2024-11-11 15:01:00+00:00,82493.31092307692
2024-11-11 15:02:00+00:00,82466.25554585153
2024-11-11 15:03:00+00:00,82637.74142821904
2024-11-11 15:04:00+00:00,82602.99478409578
2024-11-11 15:05:00+00:00,82712.52483840837
2024-11-11 15:06:00+00:00,82622.42532009867
2024-11-11 15:07:00+00:00,82472.04767355506
2024-11-11 15:08:00+00:00,82503.13484983768
2024-11-11 15:09:00+00:00,82687.53185303515
2024-11-11 15:10:00+00:00,82709.9978855169
2024-11-11 15:11:00+00:00,82798.29621237586
2024-11-11 15:12:00+00:00,82793.21460470588
2024-11-11 15:13:00+00:00,82786.20358017659
2024-11-11 15:14:00+00:00,82918.12393999017
2024-11-11 15:15:00+00:00,82979.18589422539
2024-11-11 15:16:00+00:00,82950.05520297313
2024-11-11 15:17:00+00:00,82977.41886995874
2024-11-11 15:18:00+00:00,83178.68586626576
2024-11-11 15:19:00+00:00,83263.15551650975
2024-11-11 15:20:00+00:00,83292.47547560676
2024-11-11 15:21:00+00:00,83190.95265437158
2024-11-11 15:22:00+00:00,83263.27394373315
2024-11-11 15:23:00+00:00,83423.21065342729
2024-11-11 15:24:00+00:00,83422.97567213114
2024-11-11 15:25:00+00:00,83477.20674514907
2024-11-11 15:26:00+00:00,83515.15889419355
2024-11-11 15:27:00+00:00,83394.43625393194
2024-11-11 15:28:00+00:00,83507.62944910377
2024-11-11 15:29:00+00:00,83689.83901106137
2024-11-11 15:30:00+00:00,83698.91345998485
2024-11-11 15:31:00+00:00,83755.00877648879
2024-11-11 15:32:00+00:00,83803.83908547519
2024-11-11 15:33:00+00:00,83880.89074755067
2024-11-11 15:34:00+00:00,83869.04119619
2024-11-11 15:35:00+00:00,83867.72610449539
2024-11-11 15:36:00+00:00,84051.52896094168
2024-11-11 15:37:00+00:00,84175.35339771828
2024-11-11 15:38:00+00:00,84178.65168443826
2024-11-11 15:39:00+00:00,84031.00063289456
2024-11-11 15:40:00+00:00,83906.95196179183
2024-11-11 15:41:00+00:00,83843.39130479452
2024-11-11 15:42:00+00:00,83707.51977111175
2024-11-11 15:43:00+00:00,83618.38071182377
2024-11-11 15:44:00+00:00,83784.1785257072
2024-11-11 15:45:00+00:00,83925.98732599431
2024-11-11 15:46:00+00:00,83864.33514303103
2024-11-11 15:47:00+00:00,83809.2233269066
2024-11-11 15:48:00+00:00,83753.64693710118
2024-11-11 15:49:00+00:00,83754.00900084317
2024-11-11 15:50:00+00:00,83855.31499451875
2024-11-11 15:51:00+00:00,83895.05479458676
2024-11-11 15:52:00+00:00,83976.27981901218
2024-11-11 15:53:00+00:00,83889.64467257843
2024-11-11 15:54:00+00:00,84035.09448857333
2024-11-11 15:55:00+00:00,84050.94799719233
2024-11-11 15:56:00+00:00,84023.26508913413
2024-11-11 15:57:00+00:00,84066.42356639067
2024-11-11 15:58:00+00:00,84075.79426392338
2024-11-11 15:59:00+00:00,84022.59366045141
2024-11-11 16:00:00+00:00,84078.9182863169
2024-11-11 16:01:00+00:00,84262.00451800397
2024-11-11 16:02:00+00:00,84315.72138852243
2024-11-11 16:03:00+00:00,84483.18087296809
2024-11-11 16:04:00+00:00,84493.19902246975
2024-11-11 16:05:00+00:00,84606.00276605558
2024-11-11 16:06:00+00:00,84679.23663628944
2024-11-11 16:07:00+00:00,84769.51560130333
2024-11-11 16:08:00+00:00,84711.92491318214
2024-11-11 16:09:00+00:00,84648.80295087113
2024-11-11 16:10:00+00:00,84563.15639777735
2024-11-11 16:11:00+00:00,84613.20277788944
2024-11-11 16:12:00+00:00,84647.33361063675
2024-11-11 16:13:00+00:00,84788.11486704409
2024-11-11 16:14:00+00:00,84742.84917095369
2024-11-11 16:15:00+00:00,84665.41031419797
2024-11-11 16:16:00+00:00,84658.8764475592
2024-11-11 16:17:00+00:00,84722.31703039362
2024-11-11 16:18:00+00:00,84670.38059620597
2024-11-11 16:19:00+00:00,84647.90864736485
2024-11-11 16:20:00+00:00,84692.54437327996
2024-11-11 16:21:00+00:00,84755.19446350684
2024-11-11 16:22:00+00:00,84764.38532880518
2024-11-11 16:23:00+00:00,84805.89139524839
2024-11-11 16:24:00+00:00,84853.14102321389
2024-11-11 16:25:00+00:00,84754.55969507428
2024-11-11 16:26:00+00:00,84430.39917670682
2024-11-11 16:27:00+00:00,84315.97961726999
2024-11-11 16:28:00+00:00,84464.24925651302
2024-11-11 16:29:00+00:00,84385.7135857363
2024-11-11 16:30:00+00:00,84314.22426601785
2024-11-11 16:31:00+00:00,84174.67647352496
2024-11-11 16:32:00+00:00,84036.74943964186
2024-11-11 16:33:00+00:00,84012.25808621034
2024-11-11 16:34:00+00:00,84103.97700836821
2024-11-11 16:35:00+00:00,84158.78654829224
2024-11-11 16:36:00+00:00,84278.41724650949
2024-11-11 16:37:00+00:00,84327.53049905243
2024-11-11 16:38:00+00:00,84315.67531288342
2024-11-11 16:39:00+00:00,84370.09868516285
2024-11-11 16:40:00+00:00,84438.88808394161
2024-11-11 16:41:00+00:00,84425.27835533356
2024-11-11 16:42:00+00:00,84355.33305676856
2024-11-11 16:43:00+00:00,84261.05470949721
2024-11-11 16:44:00+00:00,84306.75446825718
2024-11-11 16:45:00+00:00,84166.32540968049
2024-11-11 16:46:00+00:00,84177.5300387597
2024-11-11 16:47:00+00:00,84302.327509608
2024-11-11 16:48:00+00:00,84216.71935456111
2024-11-11 16:49:00+00:00,84112.8676673428
2024-11-11 16:50:00+00:00,84134.69984087364
2024-11-11 16:51:00+00:00,84051.39321648976
2024-11-11 16:52:00+00:00,84020.4732908234
2024-11-11 16:53:00+00:00,83904.27796638376
2024-11-11 16:54:00+00:00,84017.16967687075
2024-11-11 16:55:00+00:00,84052.02875481386
2024-11-11 16:56:00+00:00,84042.0382800556
2024-11-11 16:57:00+00:00,83987.28749999999
2024-11-11 16:58:00+00:00,84139.85128901947
2024-11-11 16:59:00+00:00,84228.82920350877
2024-11-11 17:00:00+00:00,84243.91249103943
2024-11-11 17:01:00+00:00,84281.14366391995
2024-11-11 17:02:00+00:00,84346.63627108249
2024-11-11 17:03:00+00:00,84396.65282340016
2024-11-11 17:04:00+00:00,84416.02348249027
2024-11-11 17:05:00+00:00,84466.08733132303
2024-11-11 17:06:00+00:00,84524.7968836425
2024-11-11 17:07:00+00:00,84495.31580882352
2024-11-11 17:08:00+00:00,84529.96129539952
2024-11-11 17:09:00+00:00,84630.12529475197
2024-11-11 17:10:00+00:00,84620.4849220156
2024-11-11 17:11:00+00:00,84658.37614312855
2024-11-11 17:12:00+00:00,84664.60616491637
2024-11-11 17:13:00+00:00,84652.76941459502
2024-11-11 17:14:00+00:00,84629.11225791214
2024-11-11 17:15:00+00:00,84588.95657077972
2024-11-11 17:16:00+00:00,84623.6398057971
2024-11-11 17:17:00+00:00,84629.77855666775
2024-11-11 17:18:00+00:00,84557.40936041293
2024-11-11 17:19:00+00:00,84533.46724428823
2024-11-11 17:20:00+00:00,84598.53127476636
2024-11-11 17:21:00+00:00,84610.70818335019
2024-11-11 17:22:00+00:00,84618.93570759139
2024-11-11 17:23:00+00:00,84584.34490824502
2024-11-11 17:24:00+00:00,84535.09915840387
2024-11-11 17:25:00+00:00,84487.35055064195
2024-11-11 17:26:00+00:00,84440.13831294268
2024-11-11 17:27:00+00:00,84375.83684620376
2024-11-11 17:28:00+00:00,84315.93489571262
2024-11-11 17:29:00+00:00,84326.83512552301
2024-11-11 17:30:00+00:00,84308.02323099851
2024-11-11 17:31:00+00:00,84406.54403287462
2024-11-11 17:32:00+00:00,84526.37364145658
2024-11-11 17:33:00+00:00,84561.19567694722
2024-11-11 17:34:00+00:00,84556.35186851212
2024-11-11 17:35:00+00:00,84611.56488020833
2024-11-11 17:36:00+00:00,84685.10657184896
2024-11-11 17:37:00+00:00,84707.57914534041
2024-11-11 17:38:00+00:00,84698.92949431817
2024-11-11 17:39:00+00:00,84778.31427533943
2024-11-11 17:40:00+00:00,84817.0087206047
2024-11-11 17:41:00+00:00,84785.61894710825
2024-11-11 17:42:00+00:00,84765.90577065767
2024-11-11 17:43:00+00:00,84806.67287594937
2024-11-11 17:44:00+00:00,84860.8825010352
2024-11-11 17:45:00+00:00,84809.82478146566
2024-11-11 17:46:00+00:00,84821.49549234135
2024-11-11 17:47:00+00:00,84815.40315513127
2024-11-11 17:48:00+00:00,84746.71421984507
2024-11-11 17:49:00+00:00,84786.800625
2024-11-11 17:50:00+00:00,84777.7577204559
2024-11-11 17:51:00+00:00,84755.0472029703
2024-11-11 17:52:00+00:00,84782.07291464262
2024-11-11 17:53:00+00:00,84778.99230563003
2024-11-11 17:54:00+00:00,84756.12046213094
2024-11-11 17:55:00+00:00,84705.3616416091
2024-11-11 17:56:00+00:00,84671.24146367147
2024-11-11 17:57:00+00:00,84622.45830962801
2024-11-11 17:58:00+00:00,84659.55888888889
2024-11-11 17:59:00+00:00,84604.11614629357
2024-11-11 18:00:00+00:00,84604.46927315358
2024-11-11 18:01:00+00:00,84490.77078275199
2024-11-11 18:02:00+00:00,84391.86094021739
2024-11-11 18:03:00+00:00,84359.9647083926
2024-11-11 18:04:00+00:00,84343.1736068034
2024-11-11 18:05:00+00:00,84328.06457384277
2024-11-11 18:06:00+00:00,84265.5429101284
2024-11-11 18:07:00+00:00,84282.07249586777
2024-11-11 18:08:00+00:00,84321.29861896242
2024-11-11 18:09:00+00:00,84435.18625954198
2024-11-11 18:10:00+00:00,84467.44380159305
2024-11-11 18:11:00+00:00,84390.43002638523
2024-11-11 18:12:00+00:00,84397.9339931611
2024-11-11 18:13:00+00:00,84384.48934095494
2024-11-11 18:14:00+00:00,84444.10831271092
2024-11-11 18:15:00+00:00,84469.11977753059
2024-11-11 18:16:00+00:00,84386.84994477913
2024-11-11 18:17:00+00:00,84334.34050724638
2024-11-11 18:18:00+00:00,84291.66523809523
2024-11-11 18:19:00+00:00,84318.35673359451
2024-11-11 18:20:00+00:00,84439.07778213166
2024-11-11 18:21:00+00:00,84508.90640407786
2024-11-11 18:22:00+00:00,84432.61380093131
2024-11-11 18:23:00+00:00,84399.63875678611
2024-11-11 18:24:00+00:00,84456.68461488673
2024-11-11 18:25:00+00:00,84426.7058077138
2024-11-11 18:26:00+00:00,84492.69941307993
2024-11-11 18:27:00+00:00,84615.2366179052
2024-11-11 18:28:00+00:00,84686.24018043025
2024-11-11 18:29:00+00:00,84715.53043609022
2024-11-11 18:30:00+00:00,84736.30899807322
2024-11-11 18:31:00+00:00,84772.82756150507
2024-11-11 18:32:00+00:00,84782.67158493248
2024-11-11 18:33:00+00:00,84813.20675231976
2024-11-11 18:34:00+00:00,84822.89842666667
2024-11-11 18:35:00+00:00,84801.36139964264
2024-11-11 18:36:00+00:00,84825.93133525456
2024-11-11 18:37:00+00:00,84829.86401960785
2024-11-11 18:38:00+00:00,84855.6965513054
2024-11-11 18:39:00+00:00,85011.1122479578
2024-11-11 18:40:00+00:00,85150.1846228914
2024-11-11 18:41:00+00:00,85161.76070365358
2024-11-11 18:42:00+00:00,85048.6871841478
2024-11-11 18:43:00+00:00,85149.77350181818
2024-11-11 18:44:00+00:00,85163.3735993551
2024-11-11 18:45:00+00:00,85091.77765884373
2024-11-11 18:46:00+00:00,85042.76577907623
2024-11-11 18:47:00+00:00,85089.66379906374
2024-11-11 18:48:00+00:00,85285.64149892934
2024-11-11 18:49:00+00:00,85428.07712801987
2024-11-11 18:50:00+00:00,85431.01519512194
2024-11-11 18:51:00+00:00,85377.60016770799
2024-11-11 18:52:00+00:00,85578.09688257644
2024-11-11 18:53:00+00:00,85557.00102874133
2024-11-11 18:54:00+00:00,85644.59562796641
2024-11-11 18:55:00+00:00,85622.46141062549
2024-11-11 18:56:00+00:00,85598.926075487
2024-11-11 18:57:00+00:00,85597.36441656211
2024-11-11 18:58:00+00:00,85653.30825573315
2024-11-11 18:59:00+00:00,85747.32141381537
2024-11-11 19:00:00+00:00,85739.59612280267
2024-11-11 19:01:00+00:00,85751.77927139038
2024-11-11 19:02:00+00:00,85684.04117059891
2024-11-11 19:03:00+00:00,85463.49400604231
2024-11-11 19:04:00+00:00,85516.27379979036
2024-11-11 19:05:00+00:00,85694.09853902954
2024-11-11 19:06:00+00:00,85983.83373963181
2024-11-11 19:07:00+00:00,86311.52614875803
2024-11-11 19:08:00+00:00,86168.04350645091
2024-11-11 19:09:00+00:00,86168.9166064444
2024-11-11 19:10:00+00:00,85998.92268538012
2024-11-11 19:11:00+00:00,85913.49817129006
2024-11-11 19:12:00+00:00,85658.86010067114
2024-11-11 19:13:00+00:00,85664.8702621167
2024-11-11 19:14:00+00:00,85684.41775516902
2024-11-11 19:15:00+00:00,85644.83944090383
2024-11-11 19:16:00+00:00,85869.98598933431
2024-11-11 19:17:00+00:00,85924.23320419181
2024-11-11 19:18:00+00:00,85936.42466315789
2024-11-11 19:19:00+00:00,86028.53959857271
2024-11-11 19:20:00+00:00,86019.18134146342
2024-11-11 19:21:00+00:00,86115.1284856712
2024-11-11 19:22:00+00:00,86153.9110115462
2024-11-11 19:23:00+00:00,85919.21246370337
2024-11-11 19:24:00+00:00,85892.91402747424
2024-11-11 19:25:00+00:00,85925.02473360655
2024-11-11 19:26:00+00:00,85929.74760772148
2024-11-11 19:27:00+00:00,85890.42237846526
2024-11-11 19:28:00+00:00,85943.44641812344
2024-11-11 19:29:00+00:00,86016.79257974062
2024-11-11 19:30:00+00:00,85998.68275720165
2024-11-11 19:31:00+00:00,86049.82011863758
2024-11-11 19:32:00+00:00,86205.41395071759
2024-11-11 19:33:00+00:00,86307.34343891402
2024-11-11 19:34:00+00:00,86328.07980050576
2024-11-11 19:35:00+00:00,86307.42829657279
2024-11-11 19:36:00+00:00,86392.74042931617
2024-11-11 19:37:00+00:00,86462.42413133403
2024-11-11 19:38:00+00:00,86420.68033795802
2024-11-11 19:39:00+00:00,86440.8981037567
2024-11-11 19:40:00+00:00,86364.00144485418
2024-11-11 19:41:00+00:00,86264.0576046738
2024-11-11 19:42:00+00:00,86314.88509588181
2024-11-11 19:43:00+00:00,86267.31716850265
2024-11-11 19:44:00+00:00,86221.79592320723
2024-11-11 19:45:00+00:00,86206.21760436737
2024-11-11 19:46:00+00:00,86249.63446904882
2024-11-11 19:47:00+00:00,86356.9914680851
2024-11-11 19:48:00+00:00,86405.6754287845
2024-11-11 19:49:00+00:00,86382.05778863232
2024-11-11 19:50:00+00:00,86314.26509333334
2024-11-11 19:51:00+00:00,86306.15472201901
2024-11-11 19:52:00+00:00,86162.35975270109
2024-11-11 19:53:00+00:00,86053.42758272929
2024-11-11 19:54:00+00:00,86097.25074568289
2024-11-11 19:55:00+00:00,86175.81384806355
2024-11-11 19:56:00+00:00,86108.20045480067
2024-11-11 19:57:00+00:00,86106.90336964415
2024-11-11 19:58:00+00:00,86117.71299862448
2024-11-11 19:59:00+00:00,86105.30081395348
2024-11-11 20:00:00+00:00,86173.24877054362
2024-11-11 20:01:00+00:00,86278.13875516955
2024-11-11 20:02:00+00:00,86251.80501787842
2024-11-11 20:03:00+00:00,86329.18795429413
2024-11-11 20:04:00+00:00,86340.01770871143
2024-11-11 20:05:00+00:00,86298.03215817694
2024-11-11 20:06:00+00:00,86350.83874797625
2024-11-11 20:07:00+00:00,86510.7654649528
2024-11-11 20:08:00+00:00,86560.42000247036
2024-11-11 20:09:00+00:00,86653.79262890019
2024-11-11 20:10:00+00:00,86804.19221320063
2024-11-11 20:11:00+00:00,86940.902277768
2024-11-11 20:12:00+00:00,86995.5412006003
2024-11-11 20:13:00+00:00,86990.33342936568
2024-11-11 20:14:00+00:00,87083.5891317734
2024-11-11 20:15:00+00:00,87177.80696216364
2024-11-11 20:16:00+00:00,87050.38907204151
2024-11-11 20:17:00+00:00,86938.45405500705
2024-11-11 20:18:00+00:00,86955.77802713605
2024-11-11 20:19:00+00:00,86956.37460185638
2024-11-11 20:20:00+00:00,86832.8886295766
2024-11-11 20:21:00+00:00,86729.37950338601
2024-11-11 20:22:00+00:00,86808.83225394896
2024-11-11 20:23:00+00:00,86881.43022028105
2024-11-11 20:24:00+00:00,86828.55657814097
2024-11-11 20:25:00+00:00,86829.7826288416
2024-11-11 20:26:00+00:00,86913.39026517795
2024-11-11 20:27:00+00:00,86881.21791611185
2024-11-11 20:28:00+00:00,86822.56445783132
2024-11-11 20:29:00+00:00,86848.37457486137
2024-11-11 20:30:00+00:00,86734.93184742647
2024-11-11 20:31:00+00:00,86646.17959004393
2024-11-11 20:32:00+00:00,86697.45775069916
2024-11-11 20:33:00+00:00,86868.16454545455
2024-11-11 20:34:00+00:00,86881.09520462206
2024-11-11 20:35:00+00:00,86853.47143843498
2024-11-11 20:36:00+00:00,86846.91524355301
2024-11-11 20:37:00+00:00,86940.6540045558
2024-11-11 20:38:00+00:00,87061.61945939883
2024-11-11 20:39:00+00:00,86938.09777382365
2024-11-11 20:40:00+00:00,86935.97277347381
2024-11-11 20:41:00+00:00,86950.23631175469
2024-11-11 20:42:00+00:00,86996.29184344604
2024-11-11 20:43:00+00:00,86882.86669205141
2024-11-11 20:44:00+00:00,86931.26352941176
2024-11-11 20:45:00+00:00,86927.48661530559
2024-11-11 20:46:00+00:00,86920.45302947846
2024-11-11 20:47:00+00:00,86953.90565196998
2024-11-11 20:48:00+00:00,87076.37050987597
2024-11-11 20:49:00+00:00,87126.46873239437
2024-11-11 20:50:00+00:00,87234.19801116838
2024-11-11 20:51:00+00:00,87295.52976660183
2024-11-11 20:52:00+00:00,87277.37689366785
2024-11-11 20:53:00+00:00,87231.50055629728
2024-11-11 20:54:00+00:00,87177.73584447145
2024-11-11 20:55:00+00:00,87010.00712682829
2024-11-11 20:56:00+00:00,86902.60662702189
2024-11-11 20:57:00+00:00,86872.47318012065
2024-11-11 20:58:00+00:00,86793.56312566373
2024-11-11 20:59:00+00:00,86954.35588345057
2024-11-11 21:00:00+00:00,86861.60845385221
2024-11-11 21:01:00+00:00,86816.9431223134
2024-11-11 21:02:00+00:00,86790.72847567982
2024-11-11 21:03:00+00:00,86818.02786036035
2024-11-11 21:04:00+00:00,86910.40990507635
2024-11-11 21:05:00+00:00,86989.6618491921
2024-11-11 21:06:00+00:00,87046.83667623605
2024-11-11 21:07:00+00:00,86996.46451141227
2024-11-11 21:08:00+00:00,86982.91596962026
2024-11-11 21:09:00+00:00,86993.43012555392
2024-11-11 21:10:00+00:00,86993.53653829511
2024-11-11 21:11:00+00:00,86987.5532819149
2024-11-11 21:12:00+00:00,87030.79838445809
2024-11-11 21:13:00+00:00,87143.90834314881
2024-11-11 21:14:00+00:00,87253.36031308411
2024-11-11 21:15:00+00:00,87207.64775887574
2024-11-11 21:16:00+00:00,87254.78375917768
2024-11-11 21:17:00+00:00,87552.20575058249
2024-11-11 21:18:00+00:00,87738.50179788684
2024-11-11 21:19:00+00:00,87739.56197056419
2024-11-11 21:20:00+00:00,87730.63090813464
2024-11-11 21:21:00+00:00,87789.92406458333
2024-11-11 21:22:00+00:00,87883.48688407322
2024-11-11 21:23:00+00:00,87849.79443338075
2024-11-11 21:24:00+00:00,87914.43841986456
2024-11-11 21:25:00+00:00,87902.33906728373
2024-11-11 21:26:00+00:00,88016.84398486024
2024-11-11 21:27:00+00:00,88248.11954250764
2024-11-11 21:28:00+00:00,88269.44163938206
2024-11-11 21:29:00+00:00,88297.39445414847
2024-11-11 21:30:00+00:00,88130.48362212731
2024-11-11 21:31:00+00:00,88026.8514068773
2024-11-11 21:32:00+00:00,88036.74405906592
2024-11-11 21:33:00+00:00,87966.18815851922
2024-11-11 21:34:00+00:00,88002.44321377842
2024-11-11 21:35:00+00:00,88050.16203577064
2024-11-11 21:36:00+00:00,88163.27994501466
2024-11-11 21:37:00+00:00,88130.93598804782
2024-11-11 21:38:00+00:00,88061.34873613312
2024-11-11 21:39:00+00:00,87977.47428073842
2024-11-11 21:40:00+00:00,88008.51688657409
2024-11-11 21:41:00+00:00,88038.1883577053
2024-11-11 21:42:00+00:00,88082.12257590597
2024-11-11 21:43:00+00:00,87985.6928860191
2024-11-11 21:44:00+00:00,87926.84294498381
2024-11-11 21:45:00+00:00,87849.60565156305
2024-11-11 21:46:00+00:00,87660.39230392157
2024-11-11 21:47:00+00:00,87662.19843037415
2024-11-11 21:48:00+00:00,87738.58755268199
2024-11-11 21:49:00+00:00,87719.5445724907
2024-11-11 21:50:00+00:00,87794.05486875966
2024-11-11 21:51:00+00:00,87934.38018611865
2024-11-11 21:52:00+00:00,87988.78862231535
2024-11-11 21:53:00+00:00,87919.49268672756
2024-11-11 21:54:00+00:00,87934.1779666319
2024-11-11 21:55:00+00:00,87930.74266934558
2024-11-11 21:56:00+00:00,87897.39988053757
2024-11-11 21:57:00+00:00,87828.49709953855
2024-11-11 21:58:00+00:00,87761.41572893773
2024-11-11 21:59:00+00:00,87830.97823809524
2024-11-11 22:00:00+00:00,87948.74547747748
2024-11-11 22:01:00+00:00,88036.37227698373
2024-11-11 22:02:00+00:00,87997.83816820783
2024-11-11 22:03:00+00:00,87917.16085803433
2024-11-11 22:04:00+00:00,87839.86267704671
2024-11-11 22:05:00+00:00,87770.31970770916
2024-11-11 22:06:00+00:00,87621.83935551811
2024-11-11 22:07:00+00:00,87568.02867899604
2024-11-11 22:08:00+00:00,87592.53355040142
2024-11-11 22:09:00+00:00,87663.64159638555
2024-11-11 22:10:00+00:00,87711.69010125806
2024-11-11 22:11:00+00:00,87601.97611369992
2024-11-11 22:12:00+00:00,87548.5011496063
2024-11-11 22:13:00+00:00,87406.3828561151
2024-11-11 22:14:00+00:00,87314.18027040314
2024-11-11 22:15:00+00:00,87341.3824412713
2024-11-11 22:16:00+00:00,87149.63880164517
2024-11-11 22:17:00+00:00,86742.23613433265
2024-11-11 22:18:00+00:00,86700.0240301044
2024-11-11 22:19:00+00:00,86926.0352181777
2024-11-11 22:20:00+00:00,87000.92238346527
2024-11-11 22:21:00+00:00,86841.77399825404
2024-11-11 22:22:00+00:00,86681.8327438341
2024-11-11 22:23:00+00:00,86661.06015098315
2024-11-11 22:24:00+00:00,86802.15542724098
2024-11-11 22:25:00+00:00,86947.68457938389
2024-11-11 22:26:00+00:00,86871.18190366973
2024-11-11 22:27:00+00:00,86520.19017790262
2024-11-11 22:28:00+00:00,86662.97565674256
2024-11-11 22:29:00+00:00,86750.27166370106
2024-11-11 22:30:00+00:00,86825.15734221377
2024-11-11 22:31:00+00:00,86702.10775062138
2024-11-11 22:32:00+00:00,86679.52755617978
2024-11-11 22:33:00+00:00,86673.06169594184
2024-11-11 22:34:00+00:00,86698.61036658654
2024-11-11 22:35:00+00:00,86740.19592131674
2024-11-11 22:36:00+00:00,86914.94957742484
2024-11-11 22:37:00+00:00,87089.11825530035
2024-11-11 22:38:00+00:00,87178.91922837101
2024-11-11 22:39:00+00:00,87073.10114225053
2024-11-11 22:40:00+00:00,86934.42865712075
2024-11-11 22:41:00+00:00,86913.81519107203
2024-11-11 22:42:00+00:00,86956.82242098986
2024-11-11 22:43:00+00:00,86985.59401685392
2024-11-11 22:44:00+00:00,87033.39849366144
2024-11-11 22:45:00+00:00,87009.69093007916
2024-11-11 22:46:00+00:00,87005.27198275863
2024-11-11 22:47:00+00:00,86981.54758577667
2024-11-11 22:48:00+00:00,87090.84354363827
2024-11-11 22:49:00+00:00,87222.47014225942
2024-11-11 22:50:00+00:00,87357.01766666667
2024-11-11 22:51:00+00:00,87510.8321285361
2024-11-11 22:52:00+00:00,87591.75658309038
2024-11-11 22:53:00+00:00,87468.60244057584
2024-11-11 22:54:00+00:00,87612.15117602427
2024-11-11 22:55:00+00:00,87763.27083541927
2024-11-11 22:56:00+00:00,87837.51020429008
2024-11-11 22:57:00+00:00,87857.04641006661
2024-11-11 22:58:00+00:00,87897.33534688158
2024-11-11 22:59:00+00:00,87990.52485466914
2024-11-11 23:00:00+00:00,88145.09464265074
2024-11-11 23:01:00+00:00,88439.64183239732
2024-11-11 23:02:00+00:00,88647.77760055002
2024-11-11 23:03:00+00:00,88662.73644569174
2024-11-11 23:04:00+00:00,88831.99377586208
2024-11-11 23:05:00+00:00,88669.10494009586
2024-11-11 23:06:00+00:00,88762.35898337048
2024-11-11 23:07:00+00:00,88675.37714829556
2024-11-11 23:08:00+00:00,88569.33703764321
2024-11-11 23:09:00+00:00,88700.56075721723
2024-11-11 23:10:00+00:00,88813.33898484848
2024-11-11 23:11:00+00:00,88867.79164629959
2024-11-11 23:12:00+00:00,88891.74565806621
2024-11-11 23:13:00+00:00,89153.06438692614
2024-11-11 23:14:00+00:00,89388.21490082175
2024-11-11 23:15:00+00:00,89188.17976886264
2024-11-11 23:16:00+00:00,89142.27125672043
2024-11-11 23:17:00+00:00,89297.44162685725
2024-11-11 23:18:00+00:00,89420.28672680413
2024-11-11 23:19:00+00:00,89275.05916679454
2024-11-11 23:20:00+00:00,89259.95270465489
2024-11-11 23:21:00+00:00,89300.17103814478
2024-11-11 23:22:00+00:00,89458.98868604914
2024-11-11 23:23:00+00:00,89477.96071775223
2024-11-11 23:24:00+00:00,89458.62881392818
2024-11-11 23:25:00+00:00,89190.02795203534
2024-11-11 23:26:00+00:00,89133.85477974683
2024-11-11 23:27:00+00:00,89059.25896253603
2024-11-11 23:28:00+00:00,88887.96716650626
2024-11-11 23:29:00+00:00,88817.00481303419
2024-11-11 23:30:00+00:00,88991.01094339624
2024-11-11 23:31:00+00:00,89011.24979187314
2024-11-11 23:32:00+00:00,88980.17964459931
2024-11-11 23:33:00+00:00,89024.35012199497
2024-11-11 23:34:00+00:00,88863.46435519677
2024-11-11 23:35:00+00:00,88621.86166762507
2024-11-11 23:36:00+00:00,88511.80145825166
2024-11-11 23:37:00+00:00,88526.36271570013
2024-11-11 23:38:00+00:00,88637.01227299185
2024-11-11 23:39:00+00:00,88583.67355686138
2024-11-11 23:40:00+00:00,88580.37711987128
2024-11-11 23:41:00+00:00,88519.07460373371
2024-11-11 23:42:00+00:00,88482.68730494147
2024-11-11 23:43:00+00:00,88411.86033189422
2024-11-11 23:44:00+00:00,88327.83043239533
2024-11-11 23:45:00+00:00,88478.18530040052
2024-11-11 23:46:00+00:00,88591.12476568132
2024-11-11 23:47:00+00:00,88652.31352818372
2024-11-11 23:48:00+00:00,88642.01024989759
2024-11-11 23:49:00+00:00,88640.79252442997
2024-11-11 23:50:00+00:00,88653.12739932885
2024-11-11 23:51:00+00:00,88841.55005182838
2024-11-11 23:52:00+00:00,88844.67140939597
2024-11-11 23:53:00+00:00,88712.70382925298
2024-11-11 23:54:00+00:00,88588.0089979798
2024-11-11 23:55:00+00:00,88520.04882585102
2024-11-11 23:56:00+00:00,88488.05678202247
2024-11-11 23:57:00+00:00,88498.86051846591
2024-11-11 23:58:00+00:00,88596.42464858883
2024-11-11 23:59:00+00:00,88650.53272727273
2024-11-12 00:00:00+00:00,88741.73047874241
2024-11-12 00:01:00+00:00,88664.76878348824
2024-11-12 00:02:00+00:00,88472.02909909909
2024-11-12 00:03:00+00:00,88333.73489244742
2024-11-12 00:04:00+00:00,88234.9644937489
2024-11-12 00:05:00+00:00,88284.4586340469
2024-11-12 00:06:00+00:00,88243.6191372093
2024-11-12 00:07:00+00:00,88152.27715947649
2024-11-12 00:08:00+00:00,88070.45044571713
2024-11-12 00:09:00+00:00,88180.36475413501
2024-11-12 00:10:00+00:00,88111.78408901251
2024-11-12 00:11:00+00:00,88056.46705910166
2024-11-12 00:12:00+00:00,87912.37676258993
2024-11-12 00:13:00+00:00,87829.92436460091
2024-11-12 00:14:00+00:00,87762.60542364881
2024-11-12 00:15:00+00:00,87746.01187165776
2024-11-12 00:16:00+00:00,87662.58612420785
2024-11-12 00:17:00+00:00,87562.51883592017
2024-11-12 00:18:00+00:00,87348.65900327962
2024-11-12 00:19:00+00:00,86921.98669464931
2024-11-12 00:20:00+00:00,86817.75100462175
2024-11-12 00:21:00+00:00,87256.63592698111
2024-11-12 00:22:00+00:00,87370.50436447811
2024-11-12 00:23:00+00:00,87468.81728544061
2024-11-12 00:24:00+00:00,87449.88191154895
2024-11-12 00:25:00+00:00,87411.45650990753
2024-11-12 00:26:00+00:00,87586.24033019898
2024-11-12 00:27:00+00:00,87863.64321405545
2024-11-12 00:28:00+00:00,87906.89830571429
2024-11-12 00:29:00+00:00,87903.19855248918
2024-11-12 00:30:00+00:00,87962.62388448471
2024-11-12 00:31:00+00:00,87765.0489693356
2024-11-12 00:32:00+00:00,87759.88749844172
2024-11-12 00:33:00+00:00,87759.26691114939
2024-11-12 00:34:00+00:00,87781.78412653448
2024-11-12 00:35:00+00:00,87771.1476357268
2024-11-12 00:36:00+00:00,87801.97067876588
2024-11-12 00:37:00+00:00,87627.42225540994
2024-11-12 00:38:00+00:00,87537.68579800853
2024-11-12 00:39:00+00:00,87692.11111503384
2024-11-12 00:40:00+00:00,87682.77538926175
2024-11-12 00:41:00+00:00,87670.43563198917
2024-11-12 00:42:00+00:00,87714.03411909904
2024-11-12 00:43:00+00:00,87890.02575301204
2024-11-12 00:44:00+00:00,87919.0251205511
2024-11-12 00:45:00+00:00,88096.29015646662
2024-11-12 00:46:00+00:00,88158.85434998758
2024-11-12 00:47:00+00:00,88178.54938397704
2024-11-12 00:48:00+00:00,88236.00012799565
2024-11-12 00:49:00+00:00,88273.5628424544
2024-11-12 00:50:00+00:00,88305.0813318535
2024-11-12 00:51:00+00:00,88311.61412660495
2024-11-12 00:52:00+00:00,88338.08683523654
2024-11-12 00:53:00+00:00,88470.46113680623
2024-11-12 00:54:00+00:00,88555.57384595164
2024-11-12 00:55:00+00:00,88663.29530020704
2024-11-12 00:56:00+00:00,88606.29827632764
2024-11-12 00:57:00+00:00,88679.48344587156
2024-11-12 00:58:00+00:00,88776.75265962131
2024-11-12 00:59:00+00:00,88939.86703770197
2024-11-12 01:00:00+00:00,88778.48701976529
2024-11-12 01:01:00+00:00,88754.77973917869
2024-11-12 01:02:00+00:00,88731.79429731771
2024-11-12 01:03:00+00:00,88992.65024876325
2024-11-12 01:04:00+00:00,89132.43075312123
2024-11-12 01:05:00+00:00,89193.57531977819
2024-11-12 01:06:00+00:00,88998.05001179443
2024-11-12 01:07:00+00:00,89004.62214312976
2024-11-12 01:08:00+00:00,89183.88373376624
2024-11-12 01:09:00+00:00,89213.85744164675
2024-11-12 01:10:00+00:00,89160.85474511673
2024-11-12 01:11:00+00:00,89150.07330181032
2024-11-12 01:12:00+00:00,89294.63520290876
2024-11-12 01:13:00+00:00,89349.24811577752
2024-11-12 01:14:00+00:00,89281.88136127256
2024-11-12 01:15:00+00:00,89162.38637770899
2024-11-12 01:16:00+00:00,89354.17999297424
2024-11-12 01:17:00+00:00,89374.88856769472
2024-11-12 01:18:00+00:00,89398.30155668053
2024-11-12 01:19:00+00:00,89267.35682329137
2024-11-12 01:20:00+00:00,89212.522836173
2024-11-12 01:21:00+00:00,89148.32553305685
2024-11-12 01:22:00+00:00,89015.74233854166
2024-11-12 01:23:00+00:00,88822.69354824166
2024-11-12 01:24:00+00:00,88927.62127011897
2024-11-12 01:25:00+00:00,89008.11448324415
2024-11-12 01:26:00+00:00,88876.42293244247
2024-11-12 01:27:00+00:00,88826.81264120276
2024-11-12 01:28:00+00:00,88777.76016081391
2024-11-12 01:29:00+00:00,88714.87349828178
2024-11-12 01:30:00+00:00,88779.51168069438
2024-11-12 01:31:00+00:00,88970.3384758679
2024-11-12 01:32:00+00:00,88910.59153335792
2024-11-12 01:33:00+00:00,89044.39061356707
2024-11-12 01:34:00+00:00,89106.02368558043
2024-11-12 01:35:00+00:00,89083.36318048423
2024-11-12 01:36:00+00:00,88941.3458283193
2024-11-12 01:37:00+00:00,88924.04685287611
2024-11-12 01:38:00+00:00,88876.93315601429
2024-11-12 01:39:00+00:00,88816.15795608783
2024-11-12 01:40:00+00:00,88749.60272193691
2024-11-12 01:41:00+00:00,88848.52897341212
2024-11-12 01:42:00+00:00,88874.72836160932
2024-11-12 01:43:00+00:00,88850.47487157535
2024-11-12 01:44:00+00:00,88832.00383213694
2024-11-12 01:45:00+00:00,88762.01049556214
2024-11-12 01:46:00+00:00,88774.58407262022
2024-11-12 01:47:00+00:00,88868.75887089902
2024-11-12 01:48:00+00:00,88815.19405632412
2024-11-12 01:49:00+00:00,88796.6538130495
2024-11-12 01:50:00+00:00,88675.6041011236
2024-11-12 01:51:00+00:00,88613.81869957855
2024-11-12 01:52:00+00:00,88515.15257776761
2024-11-12 01:53:00+00:00,88628.27050314467
2024-11-12 01:54:00+00:00,88692.15915270464
2024-11-12 01:55:00+00:00,88554.43237463126
2024-11-12 01:56:00+00:00,88478.43466469843
2024-11-12 01:57:00+00:00,88533.49387349954
2024-11-12 01:58:00+00:00,88471.05373906429
2024-11-12 01:59:00+00:00,88490.06996634885
2024-11-12 02:00:00+00:00,88532.69548590505
2024-11-12 02:01:00+00:00,88560.28147727273
2024-11-12 02:02:00+00:00,88698.52509468995
2024-11-12 02:03:00+00:00,88715.70177982541
2024-11-12 02:04:00+00:00,88751.7785659411
2024-11-12 02:05:00+00:00,88799.34703493095
2024-11-12 02:06:00+00:00,88808.5250752823
2024-11-12 02:07:00+00:00,88785.20846271706
2024-11-12 02:08:00+00:00,88720.01680792891
2024-11-12 02:09:00+00:00,88670.10563253012
2024-11-12 02:10:00+00:00,88682.18285145135
2024-11-12 02:11:00+00:00,88666.44884388185
2024-11-12 02:12:00+00:00,88601.72242835596
2024-11-12 02:13:00+00:00,88606.86043510877
2024-11-12 02:14:00+00:00,88602.41237129485
2024-11-12 02:15:00+00:00,88586.37281728174
2024-11-12 02:16:00+00:00,88537.25764201062
2024-11-12 02:17:00+00:00,88479.8529197995
2024-11-12 02:18:00+00:00,88275.67935742342
2024-11-12 02:19:00+00:00,88281.34523504274
2024-11-12 02:20:00+00:00,88288.57540897097
2024-11-12 02:21:00+00:00,88231.99675341297
2024-11-12 02:22:00+00:00,88107.48535191442
2024-11-12 02:23:00+00:00,88022.07611808329
2024-11-12 02:24:00+00:00,88078.75904788112
2024-11-12 02:25:00+00:00,88224.15705985916
2024-11-12 02:26:00+00:00,88303.93170222222
2024-11-12 02:27:00+00:00,88251.53060433884
2024-11-12 02:28:00+00:00,88207.34367357002
2024-11-12 02:29:00+00:00,88222.91246202531
2024-11-12 02:30:00+00:00,88215.26351507092
2024-11-12 02:31:00+00:00,88168.18826558265
2024-11-12 02:32:00+00:00,88006.26712184874
2024-11-12 02:33:00+00:00,87870.97676078744
2024-11-12 02:34:00+00:00,87839.89308240887
2024-11-12 02:35:00+00:00,87804.11928918977
2024-11-12 02:36:00+00:00,87936.51555749563
2024-11-12 02:37:00+00:00,87742.44717962277
2024-11-12 02:38:00+00:00,87577.6046530943
2024-11-12 02:39:00+00:00,87496.24808095105
2024-11-12 02:40:00+00:00,87672.67563383776
2024-11-12 02:41:00+00:00,87681.3655464567
2024-11-12 02:42:00+00:00,87712.10689400164
2024-11-12 02:43:00+00:00,87753.41296406295
2024-11-12 02:44:00+00:00,87497.76615871472
2024-11-12 02:45:00+00:00,87531.63742727043
2024-11-12 02:46:00+00:00,87499.85343615332
2024-11-12 02:47:00+00:00,87473.24719170404
2024-11-12 02:48:00+00:00,87403.04423870608
2024-11-12 02:49:00+00:00,87200.95190806275
2024-11-12 02:50:00+00:00,87214.56648400555
2024-11-12 02:51:00+00:00,87140.1207796708
2024-11-12 02:52:00+00:00,87084.54844577285
2024-11-12 02:53:00+00:00,87027.76367949568
2024-11-12 02:54:00+00:00,86985.75359140657
2024-11-12 02:55:00+00:00,87141.99579991282
2024-11-12 02:56:00+00:00,87323.57862441315
2024-11-12 02:57:00+00:00,87480.32542146892
2024-11-12 02:58:00+00:00,87573.31324124514
2024-11-12 02:59:00+00:00,87683.50110482819
2024-11-12 03:00:00+00:00,87746.16138873239
2024-11-12 03:01:00+00:00,87617.93907010014
2024-11-12 03:02:00+00:00,87596.14804242003
2024-11-12 03:03:00+00:00,87561.56017749698
2024-11-12 03:04:00+00:00,87568.76876528829
2024-11-12 03:05:00+00:00,87583.06979586282
2024-11-12 03:06:00+00:00,87786.10247859589
2024-11-12 03:07:00+00:00,87889.56274990122
2024-11-12 03:08:00+00:00,87923.2734410407
2024-11-12 03:09:00+00:00,87955.33326160339
2024-11-12 03:10:00+00:00,87890.31958239278
2024-11-12 03:11:00+00:00,87828.34387155963
2024-11-12 03:12:00+00:00,87833.89847125435
2024-11-12 03:13:00+00:00,87822.94480890661
2024-11-12 03:14:00+00:00,87737.49179146538
2024-11-12 03:15:00+00:00,87760.95213313718
2024-11-12 03:16:00+00:00,87869.24563627731
2024-11-12 03:17:00+00:00,87722.47845022625
2024-11-12 03:18:00+00:00,87721.68662239089
2024-11-12 03:19:00+00:00,87681.93968834689
2024-11-12 03:20:00+00:00,87637.0735244817
2024-11-12 03:21:00+00:00,87714.32260066495
2024-11-12 03:22:00+00:00,87724.06856573705
2024-11-12 03:23:00+00:00,87697.1864454343
2024-11-12 03:24:00+00:00,87730.95216216215
2024-11-12 03:25:00+00:00,87661.80153970826
2024-11-12 03:26:00+00:00,87739.29746081505
2024-11-12 03:27:00+00:00,87716.71980824546
2024-11-12 03:28:00+00:00,87675.62716684723
2024-11-12 03:29:00+00:00,87685.1733314121
2024-11-12 03:30:00+00:00,87677.94227173913
2024-11-12 03:31:00+00:00,87631.64125468164
2024-11-12 03:32:00+00:00,87646.14732866043
2024-11-12 03:33:00+00:00,87718.32775550122
2024-11-12 03:34:00+00:00,87717.57378929951
2024-11-12 03:35:00+00:00,87639.27874144287
2024-11-12 03:36:00+00:00,87561.01011417058
2024-11-12 03:37:00+00:00,87565.51251086431
2024-11-12 03:38:00+00:00,87681.8052792882
2024-11-12 03:39:00+00:00,87764.1337833424
2024-11-12 03:40:00+00:00,87848.99482593036
2024-11-12 03:41:00+00:00,87824.81256857855
2024-11-12 03:42:00+00:00,87783.39347447795
2024-11-12 03:43:00+00:00,87792.48267945983
2024-11-12 03:44:00+00:00,87758.34421119593
2024-11-12 03:45:00+00:00,87731.76956260251
2024-11-12 03:46:00+00:00,87700.35226223973
2024-11-12 03:47:00+00:00,87680.74640517241
2024-11-12 03:48:00+00:00,87662.72648744113
2024-11-12 03:49:00+00:00,87714.29811011905
2024-11-12 03:50:00+00:00,87811.7372257129
2024-11-12 03:51:00+00:00,87879.83165472312
2024-11-12 03:52:00+00:00,87880.88199371069
2024-11-12 03:53:00+00:00,87870.67505830094
2024-11-12 03:54:00+00:00,87887.44770080321
2024-11-12 03:55:00+00:00,88042.73367480138
2024-11-12 03:56:00+00:00,88176.0324801123
2024-11-12 03:57:00+00:00,88110.34477344573
2024-11-12 03:58:00+00:00,88120.5070438549
2024-11-12 03:59:00+00:00,88071.38946774193
2024-11-12 04:00:00+00:00,87945.35016432866
2024-11-12 04:01:00+00:00,87947.6049735007
2024-11-12 04:02:00+00:00,88040.5317762399
2024-11-12 04:03:00+00:00,88105.4452
2024-11-12 04:04:00+00:00,88086.71313068453
2024-11-12 04:05:00+00:00,88023.21637556789
2024-11-12 04:06:00+00:00,88003.26009433962
2024-11-12 04:07:00+00:00,88003.91897165091
2024-11-12 04:08:00+00:00,87963.49781976744
2024-11-12 04:09:00+00:00,87905.92655138821
2024-11-12 04:10:00+00:00,87831.36312879299
2024-11-12 04:11:00+00:00,87744.20789265983
2024-11-12 04:12:00+00:00,87824.10273701124
2024-11-12 04:13:00+00:00,87865.00915468659
2024-11-12 04:14:00+00:00,87890.37504714365
2024-11-12 04:15:00+00:00,87956.2925795645
2024-11-12 04:16:00+00:00,88015.2188783649
2024-11-12 04:17:00+00:00,88037.91632781268
2024-11-12 04:18:00+00:00,88075.57495205865
2024-11-12 04:19:00+00:00,88119.44141477546
2024-11-12 04:20:00+00:00,88169.25297789337
2024-11-12 04:21:00+00:00,88318.42387110101
2024-11-12 04:22:00+00:00,88360.72670956672
2024-11-12 04:23:00+00:00,88423.82248508248
2024-11-12 04:24:00+00:00,88509.59517433752
2024-11-12 04:25:00+00:00,88592.1214913745
2024-11-12 04:26:00+00:00,88484.4019453274
2024-11-12 04:27:00+00:00,88455.94010127931
2024-11-12 04:28:00+00:00,88448.94099192618
2024-11-12 04:29:00+00:00,88553.38322402358
2024-11-12 04:30:00+00:00,88582.04253306879
2024-11-12 04:31:00+00:00,88550.14634259259
2024-11-12 04:32:00+00:00,88600.78847317744
2024-11-12 04:33:00+00:00,88617.59099273608
2024-11-12 04:34:00+00:00,88694.02978551337
2024-11-12 04:35:00+00:00,88697.49405526095
2024-11-12 04:36:00+00:00,88693.4306197521
2024-11-12 04:37:00+00:00,88706.38183
2024-11-12 04:38:00+00:00,88733.91221734893
2024-11-12 04:39:00+00:00,88759.20409731113
2024-11-12 04:40:00+00:00,88777.89217596973
2024-11-12 04:41:00+00:00,88792.13520882584
2024-11-12 04:42:00+00:00,88897.56765567765
2024-11-12 04:43:00+00:00,88870.56223307746
2024-11-12 04:44:00+00:00,88679.4927026087
2024-11-12 04:45:00+00:00,88632.3241588785
2024-11-12 04:46:00+00:00,88492.49638877425
2024-11-12 04:47:00+00:00,88569.7894634777
2024-11-12 04:48:00+00:00,88707.30433111604
2024-11-12 04:49:00+00:00,88710.08026908024
2024-11-12 04:50:00+00:00,88697.6380377524
2024-11-12 04:51:00+00:00,88744.7569721981
2024-11-12 04:52:00+00:00,88651.87561526478
2024-11-12 04:53:00+00:00,88601.53479837067
2024-11-12 04:54:00+00:00,88563.106212584
2024-11-12 04:55:00+00:00,88523.35766505636
2024-11-12 04:56:00+00:00,88545.07134715027
2024-11-12 04:57:00+00:00,88553.08739973557
2024-11-12 04:58:00+00:00,88511.0115915916
2024-11-12 04:59:00+00:00,88475.10148199447
2024-11-12 05:00:00+00:00,88453.36078798186
2024-11-12 05:01:00+00:00,88499.72125960061
2024-11-12 05:02:00+00:00,88475.8780087634
2024-11-12 05:03:00+00:00,88402.25190162496
2024-11-12 05:04:00+00:00,88318.19731716019
2024-11-12 05:05:00+00:00,88326.52654602323
2024-11-12 05:06:00+00:00,88367.78250875146
2024-11-12 05:07:00+00:00,88296.94812204644
2024-11-12 05:08:00+00:00,88264.6270253745
2024-11-12 05:09:00+00:00,88354.35646886447
2024-11-12 05:10:00+00:00,88360.54003882418
2024-11-12 05:11:00+00:00,88344.76452844896
2024-11-12 05:12:00+00:00,88365.37938561034
2024-11-12 05:13:00+00:00,88350.69798523207
2024-11-12 05:14:00+00:00,88389.69482758621
2024-11-12 05:15:00+00:00,88422.92915175614
2024-11-12 05:16:00+00:00,88458.24115400756
2024-11-12 05:17:00+00:00,88648.62818857506
2024-11-12 05:18:00+00:00,88714.09933579335
2024-11-12 05:19:00+00:00,88731.75550326797
2024-11-12 05:20:00+00:00,88606.32959592844
2024-11-12 05:21:00+00:00,88620.20164031621
2024-11-12 05:22:00+00:00,88623.01313516396
2024-11-12 05:23:00+00:00,88623.8077233824
2024-11-12 05:24:00+00:00,88477.04849067112
2024-11-12 05:25:00+00:00,88415.59983367984
2024-11-12 05:26:00+00:00,88412.77741803278
2024-11-12 05:27:00+00:00,88423.2240208537
2024-11-12 05:28:00+00:00,88423.41181038182
2024-11-12 05:29:00+00:00,88467.22914670166
2024-11-12 05:30:00+00:00,88520.89439600364
2024-11-12 05:31:00+00:00,88606.96925394548
2024-11-12 05:32:00+00:00,88553.92296759639
2024-11-12 05:33:00+00:00,88556.14983745344
2024-11-12 05:34:00+00:00,88483.94030275643
2024-11-12 05:35:00+00:00,88313.62577632119
2024-11-12 05:36:00+00:00,88289.02807375886
2024-11-12 05:37:00+00:00,88464.937485172
2024-11-12 05:38:00+00:00,88520.41117647059
2024-11-12 05:39:00+00:00,88406.54869470828
2024-11-12 05:40:00+00:00,88365.40843386244
2024-11-12 05:41:00+00:00,88393.34287527193
2024-11-12 05:42:00+00:00,88445.3529060219
2024-11-12 05:43:00+00:00,88449.92941982271
2024-11-12 05:44:00+00:00,88444.87671473795
2024-11-12 05:45:00+00:00,88393.14735475495
2024-11-12 05:46:00+00:00,88371.94009909908
2024-11-12 05:47:00+00:00,88316.67879601227
2024-11-12 05:48:00+00:00,88313.37493009321
2024-11-12 05:49:00+00:00,88272.05247364152
2024-11-12 05:50:00+00:00,88321.05067543064
2024-11-12 05:51:00+00:00,88360.94615740741
2024-11-12 05:52:00+00:00,88457.31884831461
2024-11-12 05:53:00+00:00,88483.76289328064
2024-11-12 05:54:00+00:00,88456.49143067846
2024-11-12 05:55:00+00:00,88386.57516653757
2024-11-12 05:56:00+00:00,88401.5689352692
2024-11-12 05:57:00+00:00,88431.64987804877
2024-11-12 05:58:00+00:00,88387.92393669633
2024-11-12 05:59:00+00:00,88326.59121608041
2024-11-12 06:00:00+00:00,88273.41463462482
2024-11-12 06:01:00+00:00,88276.17235541045
2024-11-12 06:02:00+00:00,88251.58178674351
2024-11-12 06:03:00+00:00,88295.73088541666
2024-11-12 06:04:00+00:00,88377.26535297728
2024-11-12 06:05:00+00:00,88388.10986817327
2024-11-12 06:06:00+00:00,88377.98828387097
2024-11-12 06:07:00+00:00,88363.38520645161
2024-11-12 06:08:00+00:00,88390.51338926175
2024-11-12 06:09:00+00:00,88342.99482678983
2024-11-12 06:10:00+00:00,88276.98072088725
2024-11-12 06:11:00+00:00,88276.29267846608
2024-11-12 06:12:00+00:00,88213.10488754325
2024-11-12 06:13:00+00:00,88254.57610612245
2024-11-12 06:14:00+00:00,88348.45859751037
2024-11-12 06:15:00+00:00,88349.12466175955
2024-11-12 06:16:00+00:00,88310.75259683578
2024-11-12 06:17:00+00:00,88213.11491854636
2024-11-12 06:18:00+00:00,88195.47613327487
2024-11-12 06:19:00+00:00,88261.77335594989
2024-11-12 06:20:00+00:00,88287.96566995769
2024-11-12 06:21:00+00:00,88311.85652360515
2024-11-12 06:22:00+00:00,88357.34964846673
2024-11-12 06:23:00+00:00,88494.16515521628
2024-11-12 06:24:00+00:00,88474.34275456918
2024-11-12 06:25:00+00:00,88411.4835915493
2024-11-12 06:26:00+00:00,88487.00486218302
2024-11-12 06:27:00+00:00,88554.98752706077
2024-11-12 06:28:00+00:00,88528.78159513132
2024-11-12 06:29:00+00:00,88516.96702219041
2024-11-12 06:30:00+00:00,88516.29856249999
2024-11-12 06:31:00+00:00,88611.83119518487
2024-11-12 06:32:00+00:00,88682.00383855024
2024-11-12 06:33:00+00:00,88731.48877715705
2024-11-12 06:34:00+00:00,88814.42530674847
2024-11-12 06:35:00+00:00,88824.84582613118
2024-11-12 06:36:00+00:00,88785.28812440192
2024-11-12 06:37:00+00:00,88863.17744065601
2024-11-12 06:38:00+00:00,88903.40234690266
2024-11-12 06:39:00+00:00,88884.43942208904
2024-11-12 06:40:00+00:00,88954.3094432817
2024-11-12 06:41:00+00:00,89102.56685562168
2024-11-12 06:42:00+00:00,89302.86505691483
2024-11-12 06:43:00+00:00,89315.33887982833
2024-11-12 06:44:00+00:00,89366.93546104117
2024-11-12 06:45:00+00:00,89610.11244476715
2024-11-12 06:46:00+00:00,89693.12743144114
2024-11-12 06:47:00+00:00,89691.76668009207
2024-11-12 06:48:00+00:00,89700.69871021378
2024-11-12 06:49:00+00:00,89740.51589077213
2024-11-12 06:50:00+00:00,89651.0341812515
2024-11-12 06:51:00+00:00,89687.74442020395
2024-11-12 06:52:00+00:00,89574.9622661597
2024-11-12 06:53:00+00:00,89696.38778641433
2024-11-12 06:54:00+00:00,89752.1045406547
2024-11-12 06:55:00+00:00,89724.33545224718
2024-11-12 06:56:00+00:00,89699.93391547719
2024-11-12 06:57:00+00:00,89565.08910198302
2024-11-12 06:58:00+00:00,89558.75286545703
2024-11-12 06:59:00+00:00,89494.61716646989
2024-11-12 07:00:00+00:00,89516.45816350711
2024-11-12 07:01:00+00:00,89338.48209566415
2024-11-12 07:02:00+00:00,89255.43563510393
2024-11-12 07:03:00+00:00,89274.29107580398
2024-11-12 07:04:00+00:00,89197.71588277341
2024-11-12 07:05:00+00:00,89147.67213880402
2024-11-12 07:06:00+00:00,89316.16562560621
2024-11-12 07:07:00+00:00,89420.64246645368
2024-11-12 07:08:00+00:00,89444.63450725745
2024-11-12 07:09:00+00:00,89397.83323577236
2024-11-12 07:10:00+00:00,89410.821990161
2024-11-12 07:11:00+00:00,89425.16882463387
2024-11-12 07:12:00+00:00,89534.68545434249
2024-11-12 07:13:00+00:00,89780.13701775804
2024-11-12 07:14:00+00:00,89851.27685763391
2024-11-12 07:15:00+00:00,89899.26253423258
2024-11-12 07:16:00+00:00,89721.26568477292
2024-11-12 07:17:00+00:00,89807.56342092338
2024-11-12 07:18:00+00:00,89765.93836112559
2024-11-12 07:19:00+00:00,89700.90572296476
2024-11-12 07:20:00+00:00,89608.30037824207
2024-11-12 07:21:00+00:00,89568.42733009708
2024-11-12 07:22:00+00:00,89693.84719655443
2024-11-12 07:23:00+00:00,89657.09720972423
2024-11-12 07:24:00+00:00,89680.0680303806
2024-11-12 07:25:00+00:00,89562.59469901495
2024-11-12 07:26:00+00:00,89507.38519101555
2024-11-12 07:27:00+00:00,89550.09948358209
2024-11-12 07:28:00+00:00,89534.81505245721
2024-11-12 07:29:00+00:00,89466.61468041237
2024-11-12 07:30:00+00:00,89357.17390022676
2024-11-12 07:31:00+00:00,89304.89815580669
2024-11-12 07:32:00+00:00,89292.45465219975
2024-11-12 07:33:00+00:00,89297.71455792239
2024-11-12 07:34:00+00:00,89282.62202757756
2024-11-12 07:35:00+00:00,89343.36847241866
2024-11-12 07:36:00+00:00,89296.93887143901
2024-11-12 07:37:00+00:00,89266.41141206675
2024-11-12 07:38:00+00:00,89281.79715230793
2024-11-12 07:39:00+00:00,89236.82652094161
2024-11-12 07:40:00+00:00,89255.07557438796
2024-11-12 07:41:00+00:00,89347.41485948848
2024-11-12 07:42:00+00:00,89430.45863538873
2024-11-12 07:43:00+00:00,89365.85750828362
2024-11-12 07:44:00+00:00,89358.57206334564
2024-11-12 07:45:00+00:00,89355.52321776569
2024-11-12 07:46:00+00:00,89277.05376585624
2024-11-12 07:47:00+00:00,89237.01836944128
2024-11-12 07:48:00+00:00,89225.90627523334
2024-11-12 07:49:00+00:00,89262.94772295156
2024-11-12 07:50:00+00:00,89290.8337765205
2024-11-12 07:51:00+00:00,89246.47207532365
2024-11-12 07:52:00+00:00,89213.19326566125
2024-11-12 07:53:00+00:00,89218.37425009036
2024-11-12 07:54:00+00:00,89176.29746065504
2024-11-12 07:55:00+00:00,89160.76196092619
2024-11-12 07:56:00+00:00,89177.5608707194
2024-11-12 07:57:00+00:00,89085.58805825243
2024-11-12 07:58:00+00:00,89023.82047969656
2024-11-12 07:59:00+00:00,88997.54568054959
2024-11-12 08:00:00+00:00,89046.64125039174
2024-11-12 08:01:00+00:00,89025.3054119403
2024-11-12 08:02:00+00:00,89000.57946822743
2024-11-12 08:03:00+00:00,88966.80251590516
2024-11-12 08:04:00+00:00,88920.08103239587
2024-11-12 08:05:00+00:00,88889.59167599186
2024-11-12 08:06:00+00:00,88983.17513337285
2024-11-12 08:07:00+00:00,89004.92879245283
2024-11-12 08:08:00+00:00,88938.27103225805
2024-11-12 08:09:00+00:00,88874.09334051724
2024-11-12 08:10:00+00:00,88774.37901137595
2024-11-12 08:11:00+00:00,88814.60455193798
2024-11-12 08:12:00+00:00,88793.40485675307
2024-11-12 08:13:00+00:00,88817.7116892562
2024-11-12 08:14:00+00:00,88846.36294060995
2024-11-12 08:15:00+00:00,88877.19692646411
2024-11-12 08:16:00+00:00,88914.74851653262
2024-11-12 08:17:00+00:00,88915.4638611373
2024-11-12 08:18:00+00:00,88982.69962587905
2024-11-12 08:19:00+00:00,89023.54982240437
2024-11-12 08:20:00+00:00,88968.95227212094
2024-11-12 08:21:00+00:00,88873.30984774862
2024-11-12 08:22:00+00:00,88805.80813186814
2024-11-12 08:23:00+00:00,88829.06748729791
2024-11-12 08:24:00+00:00,88837.16678123549
2024-11-12 08:25:00+00:00,88828.30046621888
2024-11-12 08:26:00+00:00,88826.73847551741
2024-11-12 08:27:00+00:00,88835.46296074518
2024-11-12 08:28:00+00:00,88776.62239659367
2024-11-12 08:29:00+00:00,88821.08961969576
2024-11-12 08:30:00+00:00,88835.85798418973
2024-11-12 08:31:00+00:00,88830.68144637463
2024-11-12 08:32:00+00:00,88825.92713548387
2024-11-12 08:33:00+00:00,88839.97927491277
2024-11-12 08:34:00+00:00,88866.52726618704
2024-11-12 08:35:00+00:00,88929.23544040316
2024-11-12 08:36:00+00:00,88934.33491217966
2024-11-12 08:37:00+00:00,88923.6781567696
2024-11-12 08:38:00+00:00,88938.93829647546
2024-11-12 08:39:00+00:00,88969.42901685393
2024-11-12 08:40:00+00:00,89029.29458088234
2024-11-12 08:41:00+00:00,89018.24465219812
2024-11-12 08:42:00+00:00,88974.27972147349
2024-11-12 08:43:00+00:00,88988.40988925082
2024-11-12 08:44:00+00:00,89057.3112380122
2024-11-12 08:45:00+00:00,89083.43063698207
2024-11-12 08:46:00+00:00,89064.54656202723
2024-11-12 08:47:00+00:00,89097.11159645233
2024-11-12 08:48:00+00:00,89088.41808981233
2024-11-12 08:49:00+00:00,89075.91026879463
2024-11-12 08:50:00+00:00,89073.29469021065
2024-11-12 08:51:00+00:00,89085.9436179835
2024-11-12 08:52:00+00:00,89089.52525041459
2024-11-12 08:53:00+00:00,89039.96834435576
2024-11-12 08:54:00+00:00,89059.55632024634
2024-11-12 08:55:00+00:00,88971.47533094812
2024-11-12 08:56:00+00:00,89000.78071257962
2024-11-12 08:57:00+00:00,89035.12623267327
2024-11-12 08:58:00+00:00,89118.40526598704
2024-11-12 08:59:00+00:00,89261.32063598325
2024-11-12 09:00:00+00:00,89242.1872536596
2024-11-12 09:01:00+00:00,89278.60155806738
2024-11-12 09:02:00+00:00,89305.27573531691
2024-11-12 09:03:00+00:00,89243.87402821318
2024-11-12 09:04:00+00:00,89172.41796932383
2024-11-12 09:05:00+00:00,89056.60960817717
2024-11-12 09:06:00+00:00,88970.59191548583
2024-11-12 09:07:00+00:00,88925.5293618708
2024-11-12 09:08:00+00:00,88751.20500733257
2024-11-12 09:09:00+00:00,88416.36982338753
2024-11-12 09:10:00+00:00,88541.36577281191
2024-11-12 09:11:00+00:00,88570.72033995888
2024-11-12 09:12:00+00:00,88596.46819415448
2024-11-12 09:13:00+00:00,88385.06652354756
2024-11-12 09:14:00+00:00,88408.99428750627
2024-11-12 09:15:00+00:00,88285.63379320195
2024-11-12 09:16:00+00:00,88425.03091269016
2024-11-12 09:17:00+00:00,88544.10134304494
2024-11-12 09:18:00+00:00,88573.87430089671
2024-11-12 09:19:00+00:00,88523.74172506739
2024-11-12 09:20:00+00:00,88547.64562474562
2024-11-12 09:21:00+00:00,88558.75184522242
2024-11-12 09:22:00+00:00,88570.50164332081
2024-11-12 09:23:00+00:00,88462.4050087925
2024-11-12 09:24:00+00:00,88405.03592818428
2024-11-12 09:25:00+00:00,88443.35325471699
2024-11-12 09:26:00+00:00,88506.6830678586
2024-11-12 09:27:00+00:00,88498.529277469
2024-11-12 09:28:00+00:00,88508.30595208463
2024-11-12 09:29:00+00:00,88541.0010592519
2024-11-12 09:30:00+00:00,88569.01691983122
2024-11-12 09:31:00+00:00,88599.21067234424
2024-11-12 09:32:00+00:00,88671.66577777777
2024-11-12 09:33:00+00:00,88585.61266159697
2024-11-12 09:34:00+00:00,88551.53781920328
2024-11-12 09:35:00+00:00,88505.6560509684
2024-11-12 09:36:00+00:00,88528.80949823321
2024-11-12 09:37:00+00:00,88508.8501459854
2024-11-12 09:38:00+00:00,88404.23596229723
2024-11-12 09:39:00+00:00,88313.0155934195
2024-11-12 09:40:00+00:00,88244.22028644878
2024-11-12 09:41:00+00:00,88229.17158200976
2024-11-12 09:42:00+00:00,88291.26509345794
2024-11-12 09:43:00+00:00,88254.6287555022
2024-11-12 09:44:00+00:00,88186.6375359343
2024-11-12 09:45:00+00:00,88116.83561714404
2024-11-12 09:46:00+00:00,88030.07249532959
2024-11-12 09:47:00+00:00,87883.12414115536
2024-11-12 09:48:00+00:00,87830.60151086362
2024-11-12 09:49:00+00:00,87735.77694107196
2024-11-12 09:50:00+00:00,87852.78600177831
2024-11-12 09:51:00+00:00,87976.4262461156
2024-11-12 09:52:00+00:00,88014.48561231172
2024-11-12 09:53:00+00:00,87959.94598699188
2024-11-12 09:54:00+00:00,87894.99038065843
2024-11-12 09:55:00+00:00,87901.81633239292
2024-11-12 09:56:00+00:00,87845.68960096009
2024-11-12 09:57:00+00:00,87787.19217464924
2024-11-12 09:58:00+00:00,87752.1351684552
2024-11-12 09:59:00+00:00,87687.1434123624
2024-11-12 10:00:00+00:00,87681.71350033968
2024-11-12 10:01:00+00:00,87745.08571768265
2024-11-12 10:02:00+00:00,87570.85843552378
2024-11-12 10:03:00+00:00,87445.87366961251
2024-11-12 10:04:00+00:00,87284.07081430746
2024-11-12 10:05:00+00:00,87362.68792319614
2024-11-12 10:06:00+00:00,87149.08101747815
2024-11-12 10:07:00+00:00,87040.507884981
2024-11-12 10:08:00+00:00,87399.41643547238
2024-11-12 10:09:00+00:00,87689.50830759466
2024-11-12 10:10:00+00:00,87727.29830473576
2024-11-12 10:11:00+00:00,87863.90064786586
2024-11-12 10:12:00+00:00,87936.74216888232
2024-11-12 10:13:00+00:00,87897.78252294604
2024-11-12 10:14:00+00:00,87723.55125860043
2024-11-12 10:15:00+00:00,87892.11686088296
2024-11-12 10:16:00+00:00,87913.48549160673
2024-11-12 10:17:00+00:00,87840.10371572468
2024-11-12 10:18:00+00:00,87816.010433213
2024-11-12 10:19:00+00:00,87838.08196560731
2024-11-12 10:20:00+00:00,87840.20673195877
2024-11-12 10:21:00+00:00,87764.64833194503
2024-11-12 10:22:00+00:00,87670.18559899676
2024-11-12 10:23:00+00:00,87512.26522730473
2024-11-12 10:24:00+00:00,87487.59358472704
2024-11-12 10:25:00+00:00,87419.6876688103
2024-11-12 10:26:00+00:00,87280.73684142488
2024-11-12 10:27:00+00:00,87345.72614561766
2024-11-12 10:28:00+00:00,87433.06416736967
2024-11-12 10:29:00+00:00,87490.75311724914
2024-11-12 10:30:00+00:00,87535.85170807916
2024-11-12 10:31:00+00:00,87470.63587962963
2024-11-12 10:32:00+00:00,87590.6502415108
2024-11-12 10:33:00+00:00,87500.58005826373
2024-11-12 10:34:00+00:00,87317.9545887663
2024-11-12 10:35:00+00:00,86998.47754363234
2024-11-12 10:36:00+00:00,86833.49618587134
2024-11-12 10:37:00+00:00,86782.56221191533
2024-11-12 10:38:00+00:00,86872.94386751518
2024-11-12 10:39:00+00:00,86740.33866385795
2024-11-12 10:40:00+00:00,86709.38639215687
2024-11-12 10:41:00+00:00,86489.20202394067
2024-11-12 10:42:00+00:00,86396.67205773357
2024-11-12 10:43:00+00:00,86500.77532975355
2024-11-12 10:44:00+00:00,86368.75054032149
2024-11-12 10:45:00+00:00,86380.55090360233
2024-11-12 10:46:00+00:00,86305.18437118859
2024-11-12 10:47:00+00:00,86061.46383276525
2024-11-12 10:48:00+00:00,85920.75598348679
2024-11-12 10:49:00+00:00,85625.34689028286
2024-11-12 10:50:00+00:00,85482.34250630092
2024-11-12 10:51:00+00:00,85434.15372711883
2024-11-12 10:52:00+00:00,85897.67541809994
2024-11-12 10:53:00+00:00,86205.55805836494
2024-11-12 10:54:00+00:00,86476.5167379786
2024-11-12 10:55:00+00:00,86723.66735753625
2024-11-12 10:56:00+00:00,86850.97321896355
2024-11-12 10:57:00+00:00,86920.04647513812
2024-11-12 10:58:00+00:00,87007.39773427081
2024-11-12 10:59:00+00:00,86832.86190589638
2024-11-12 11:00:00+00:00,86650.27118926523
2024-11-12 11:01:00+00:00,86917.69679667441
2024-11-12 11:02:00+00:00,86829.21645371191
2024-11-12 11:03:00+00:00,86879.4202556962
2024-11-12 11:04:00+00:00,86984.75310813659
2024-11-12 11:05:00+00:00,87198.04562763442
2024-11-12 11:06:00+00:00,87329.17227844817
2024-11-12 11:07:00+00:00,87468.69903971757
2024-11-12 11:08:00+00:00,87369.93010054533
2024-11-12 11:09:00+00:00,87077.41690449083
2024-11-12 11:10:00+00:00,86969.87379793814
2024-11-12 11:11:00+00:00,86950.41286030225
2024-11-12 11:12:00+00:00,87001.8296586701
2024-11-12 11:13:00+00:00,86895.9550366937
2024-11-12 11:14:00+00:00,86810.26924676525
2024-11-12 11:15:00+00:00,86771.58935892116
2024-11-12 11:16:00+00:00,86903.40656986942
2024-11-12 11:17:00+00:00,86959.07847056314
2024-11-12 11:18:00+00:00,87032.0011462141
2024-11-12 11:19:00+00:00,87292.84794385433
2024-11-12 11:20:00+00:00,87391.11291489963
2024-11-12 11:21:00+00:00,87414.36783064819
2024-11-12 11:22:00+00:00,87374.1388125855
2024-11-12 11:23:00+00:00,87455.72539367637
2024-11-12 11:24:00+00:00,87644.58141973782
2024-11-12 11:25:00+00:00,87599.2062214322
2024-11-12 11:26:00+00:00,87661.96554473901
2024-11-12 11:27:00+00:00,87581.13543128654
2024-11-12 11:28:00+00:00,87475.15215304044
2024-11-12 11:29:00+00:00,87440.20002188184
2024-11-12 11:30:00+00:00,87449.7349981969
2024-11-12 11:31:00+00:00,87466.89205219454
2024-11-12 11:32:00+00:00,87538.07651104101
2024-11-12 11:33:00+00:00,87549.79272867262
2024-11-12 11:34:00+00:00,87639.29706493506
2024-11-12 11:35:00+00:00,87597.4962939841
2024-11-12 11:36:00+00:00,87632.8103988764
2024-11-12 11:37:00+00:00,87769.90354798375
2024-11-12 11:38:00+00:00,87766.3810683378
2024-11-12 11:39:00+00:00,87767.73916553134
2024-11-12 11:40:00+00:00,87717.50905552672
2024-11-12 11:41:00+00:00,87738.70398968589
2024-11-12 11:42:00+00:00,87683.67022007043
2024-11-12 11:43:00+00:00,87640.18045045044
2024-11-12 11:44:00+00:00,87488.94743892165
2024-11-12 11:45:00+00:00,87459.29904094011
2024-11-12 11:46:00+00:00,87568.92539976368
2024-11-12 11:47:00+00:00,87586.08795198254
2024-11-12 11:48:00+00:00,87493.04255566974
2024-11-12 11:49:00+00:00,87414.5816170862
2024-11-12 11:50:00+00:00,87408.86681986049
2024-11-12 11:51:00+00:00,87275.62159432049
2024-11-12 11:52:00+00:00,87188.2455733878
2024-11-12 11:53:00+00:00,87073.91356306605
2024-11-12 11:54:00+00:00,86954.78678502416
2024-11-12 11:55:00+00:00,86854.57427470076
2024-11-12 11:56:00+00:00,87003.60949856359
2024-11-12 11:57:00+00:00,87131.30129689175
2024-11-12 11:58:00+00:00,87185.07918968692
2024-11-12 11:59:00+00:00,87160.33623322398
2024-11-12 12:00:00+00:00,87176.53125425376
2024-11-12 12:01:00+00:00,87039.13948081265
2024-11-12 12:02:00+00:00,87035.30224607013
2024-11-12 12:03:00+00:00,87223.56654390178
2024-11-12 12:04:00+00:00,87336.77892930119
2024-11-12 12:05:00+00:00,87390.53476381334
2024-11-12 12:06:00+00:00,87391.3114003881
2024-11-12 12:07:00+00:00,87501.62643713279
2024-11-12 12:08:00+00:00,87659.93582527402
2024-11-12 12:09:00+00:00,87768.39199529595
2024-11-12 12:10:00+00:00,87679.14199921137
2024-11-12 12:11:00+00:00,87708.78736854685
2024-11-12 12:12:00+00:00,87670.56100713502
2024-11-12 12:13:00+00:00,87691.97523721361
2024-11-12 12:14:00+00:00,87706.55363083164
2024-11-12 12:15:00+00:00,87592.52576732673
2024-11-12 12:16:00+00:00,87547.46100518983
2024-11-12 12:17:00+00:00,87516.87636363637
2024-11-12 12:18:00+00:00,87444.03074841296
2024-11-12 12:19:00+00:00,87469.90535804816
2024-11-12 12:20:00+00:00,87365.45545101089
2024-11-12 12:21:00+00:00,87292.08305821838
2024-11-12 12:22:00+00:00,87258.06625416945
2024-11-12 12:23:00+00:00,87231.25389844063
2024-11-12 12:24:00+00:00,87341.71802446256
2024-11-12 12:25:00+00:00,87192.61527922562
2024-11-12 12:26:00+00:00,87091.82218087613
2024-11-12 12:27:00+00:00,87080.15148727111
2024-11-12 12:28:00+00:00,87117.38458116422
2024-11-12 12:29:00+00:00,87059.94846551724
2024-11-12 12:30:00+00:00,87132.3987188306
2024-11-12 12:31:00+00:00,86997.7045661331
2024-11-12 12:32:00+00:00,86875.66358564321
2024-11-12 12:33:00+00:00,86798.31527482269
2024-11-12 12:34:00+00:00,86881.90618683511
2024-11-12 12:35:00+00:00,86843.5860367893
2024-11-12 12:36:00+00:00,86939.40132569076
2024-11-12 12:37:00+00:00,86941.61586359331
2024-11-12 12:38:00+00:00,87064.28689443921
2024-11-12 12:39:00+00:00,87136.28572006473
2024-11-12 12:40:00+00:00,87078.18392123288
2024-11-12 12:41:00+00:00,87061.19628571428
2024-11-12 12:42:00+00:00,86894.73109493192
2024-11-12 12:43:00+00:00,86833.04702972651
2024-11-12 12:44:00+00:00,86707.09918229167
2024-11-12 12:45:00+00:00,86688.37698657718
2024-11-12 12:46:00+00:00,86612.72527378141
2024-11-12 12:47:00+00:00,86745.21578467153
2024-11-12 12:48:00+00:00,86866.5351867816
2024-11-12 12:49:00+00:00,86768.66251486831
2024-11-12 12:50:00+00:00,86654.42362987988
2024-11-12 12:51:00+00:00,86529.10917959259
2024-11-12 12:52:00+00:00,86403.04550603528
2024-11-12 12:53:00+00:00,86324.33094792142
2024-11-12 12:54:00+00:00,86410.90841099803
2024-11-12 12:55:00+00:00,86592.25372541383
2024-11-12 12:56:00+00:00,86616.22574826561
2024-11-12 12:57:00+00:00,86510.46910735825
2024-11-12 12:58:00+00:00,86454.55183608783
2024-11-12 12:59:00+00:00,86347.41179142856
2024-11-12 13:00:00+00:00,86374.31401263158
2024-11-12 13:01:00+00:00,86172.83386205783
2024-11-12 13:02:00+00:00,86052.79252031361
2024-11-12 13:03:00+00:00,85895.5029746554
2024-11-12 13:04:00+00:00,85920.98063195436
2024-11-12 13:05:00+00:00,86140.41696530454
2024-11-12 13:06:00+00:00,86073.78082646141
2024-11-12 13:07:00+00:00,86055.66004683463
2024-11-12 13:08:00+00:00,85978.2447631498
2024-11-12 13:09:00+00:00,86049.75888398166
2024-11-12 13:10:00+00:00,86225.5342556602
2024-11-12 13:11:00+00:00,86277.6383067158
2024-11-12 13:12:00+00:00,86350.32540421793
2024-11-12 13:13:00+00:00,86406.38607865425
2024-11-12 13:14:00+00:00,86422.80921339357
2024-11-12 13:15:00+00:00,86405.96875706215
2024-11-12 13:16:00+00:00,86294.54114330462
2024-11-12 13:17:00+00:00,86201.89376310773
2024-11-12 13:18:00+00:00,86068.36389176041
2024-11-12 13:19:00+00:00,86053.41835685167
2024-11-12 13:20:00+00:00,86077.67642686424
2024-11-12 13:21:00+00:00,86193.029664903
2024-11-12 13:22:00+00:00,86144.50694391763
2024-11-12 13:23:00+00:00,86209.04565459609
2024-11-12 13:24:00+00:00,86347.74565440547
2024-11-12 13:25:00+00:00,86191.91572735761
2024-11-12 13:26:00+00:00,86198.18892717815
2024-11-12 13:27:00+00:00,86197.32424710425
2024-11-12 13:28:00+00:00,86150.75329234972
2024-11-12 13:29:00+00:00,86078.84731828443
2024-11-12 13:30:00+00:00,86100.56019918145
2024-11-12 13:31:00+00:00,86004.92293408014
2024-11-12 13:32:00+00:00,86047.82312009655
2024-11-12 13:33:00+00:00,85899.4856268867
2024-11-12 13:34:00+00:00,85812.66111866501
2024-11-12 13:35:00+00:00,85649.45988684344
2024-11-12 13:36:00+00:00,85492.95153083558
2024-11-12 13:37:00+00:00,85333.26058096267
2024-11-12 13:38:00+00:00,85317.07602465122
2024-11-12 13:39:00+00:00,85623.17782629034
2024-11-12 13:40:00+00:00,85464.99431552437
2024-11-12 13:41:00+00:00,85473.62689162996
2024-11-12 13:42:00+00:00,85359.732217694
2024-11-12 13:43:00+00:00,85533.31823406478
2024-11-12 13:44:00+00:00,85713.1780609319
2024-11-12 13:45:00+00:00,85597.04601487107
2024-11-12 13:46:00+00:00,85509.05282951146
2024-11-12 13:47:00+00:00,85394.6172100267
2024-11-12 13:48:00+00:00,85365.93396397616
2024-11-12 13:49:00+00:00,85200.49309647005
2024-11-12 13:50:00+00:00,85188.09689267677
2024-11-12 13:51:00+00:00,85364.10472490422
2024-11-12 13:52:00+00:00,85356.26922752216
2024-11-12 13:53:00+00:00,85312.25926408451
2024-11-12 13:54:00+00:00,85489.24848608006
2024-11-12 13:55:00+00:00,85678.35655193483
2024-11-12 13:56:00+00:00,85959.69707028793
2024-11-12 13:57:00+00:00,86162.50288559592
2024-11-12 13:58:00+00:00,86272.89638417057
2024-11-12 13:59:00+00:00,86331.56099034568
2024-11-12 14:00:00+00:00,86348.76678188103
2024-11-12 14:01:00+00:00,86386.30111016949
2024-11-12 14:02:00+00:00,86429.43746168137
2024-11-12 14:03:00+00:00,86458.30803584954
2024-11-12 14:04:00+00:00,86427.13913902253
2024-11-12 14:05:00+00:00,86234.96095325726
2024-11-12 14:06:00+00:00,86123.05387991319
2024-11-12 14:07:00+00:00,86263.0750753354
2024-11-12 14:08:00+00:00,86275.032503847
2024-11-12 14:09:00+00:00,86333.82886831275
2024-11-12 14:10:00+00:00,86230.52627318351
2024-11-12 14:11:00+00:00,86108.40269819193
2024-11-12 14:12:00+00:00,85935.20114440774
2024-11-12 14:13:00+00:00,85959.72220250218
2024-11-12 14:14:00+00:00,85922.85198735778
2024-11-12 14:15:00+00:00,85866.36016541353
2024-11-12 14:16:00+00:00,85923.15793434749
2024-11-12 14:17:00+00:00,85962.26822839153
2024-11-12 14:18:00+00:00,85891.68704433498
2024-11-12 14:19:00+00:00,85870.71962194714
2024-11-12 14:20:00+00:00,85934.75548459245
2024-11-12 14:21:00+00:00,85957.02438623078
2024-11-12 14:22:00+00:00,86084.52648184632
2024-11-12 14:23:00+00:00,86018.37101543056
2024-11-12 14:24:00+00:00,85999.72763338867
2024-11-12 14:25:00+00:00,86008.17478607383
2024-11-12 14:26:00+00:00,85972.5994021978
2024-11-12 14:27:00+00:00,86046.30843957164
2024-11-12 14:28:00+00:00,86102.87801838611
2024-11-12 14:29:00+00:00,86057.7731013306
2024-11-12 14:30:00+00:00,85940.3217176841
2024-11-12 14:31:00+00:00,85560.82206717001
2024-11-12 14:32:00+00:00,85460.88543502968
2024-11-12 14:33:00+00:00,85317.70483525888
2024-11-12 14:34:00+00:00,85519.73227556776
2024-11-12 14:35:00+00:00,85692.39402641941
2024-11-12 14:36:00+00:00,85709.33576424305
2024-11-12 14:37:00+00:00,85844.64165993538
2024-11-12 14:38:00+00:00,85925.838186748
2024-11-12 14:39:00+00:00,86134.20869244935
2024-11-12 14:40:00+00:00,86218.03586585146
2024-11-12 14:41:00+00:00,86202.37884964682
2024-11-12 14:42:00+00:00,86193.04282627485
2024-11-12 14:43:00+00:00,86124.68200094944
2024-11-12 14:44:00+00:00,86240.63668469443
2024-11-12 14:45:00+00:00,86311.13220451317
2024-11-12 14:46:00+00:00,86285.93717417367
2024-11-12 14:47:00+00:00,86318.18682903163
2024-11-12 14:48:00+00:00,86321.61557134945
2024-11-12 14:49:00+00:00,86532.9877868112
2024-11-12 14:50:00+00:00,86595.90248693664
2024-11-12 14:51:00+00:00,86629.07769445553
2024-11-12 14:52:00+00:00,86810.04215745193
2024-11-12 14:53:00+00:00,86927.92164917804
2024-11-12 14:54:00+00:00,87024.32316155183
2024-11-12 14:55:00+00:00,86939.56314391465
2024-11-12 14:56:00+00:00,86920.73933957734
2024-11-12 14:57:00+00:00,86994.74140343348
2024-11-12 14:58:00+00:00,86960.82554026942
2024-11-12 14:59:00+00:00,87003.99772320139
2024-11-12 15:00:00+00:00,86986.41218555311
2024-11-12 15:01:00+00:00,87149.37032189258
2024-11-12 15:02:00+00:00,87253.66082357118
2024-11-12 15:03:00+00:00,87074.53305632502
2024-11-12 15:04:00+00:00,87098.63983185339
2024-11-12 15:05:00+00:00,87129.441700347
2024-11-12 15:06:00+00:00,86925.55470644667
2024-11-12 15:07:00+00:00,87031.45396277627
2024-11-12 15:08:00+00:00,87105.72312633417
2024-11-12 15:09:00+00:00,87170.32651867098
2024-11-12 15:10:00+00:00,87182.44256647864
2024-11-12 15:11:00+00:00,87316.94892981237
2024-11-12 15:12:00+00:00,87402.41880339681
2024-11-12 15:13:00+00:00,87325.61945592085
2024-11-12 15:14:00+00:00,87339.60610104339
2024-11-12 15:15:00+00:00,87380.7786364671
2024-11-12 15:16:00+00:00,87413.91233611216
2024-11-12 15:17:00+00:00,87136.76419038583
2024-11-12 15:18:00+00:00,86907.3744944513
2024-11-12 15:19:00+00:00,86766.48984688376
2024-11-12 15:20:00+00:00,86702.72036055777
2024-11-12 15:21:00+00:00,86646.53167268624
2024-11-12 15:22:00+00:00,86665.36007254856
2024-11-12 15:23:00+00:00,86810.84893709327
2024-11-12 15:24:00+00:00,86770.51587198515
2024-11-12 15:25:00+00:00,86837.38235579254
2024-11-12 15:26:00+00:00,87019.96858999037
2024-11-12 15:27:00+00:00,87094.55597152181
2024-11-12 15:28:00+00:00,86927.61224606885
2024-11-12 15:29:00+00:00,86889.84225
2024-11-12 15:30:00+00:00,86697.09745139476
2024-11-12 15:31:00+00:00,86704.83442926274
2024-11-12 15:32:00+00:00,86753.59993247046
2024-11-12 15:33:00+00:00,86771.70316306045
2024-11-12 15:34:00+00:00,86864.7293744856
2024-11-12 15:35:00+00:00,87044.6830742297
2024-11-12 15:36:00+00:00,87182.30531321184
2024-11-12 15:37:00+00:00,87139.20660654643
2024-11-12 15:38:00+00:00,87177.88395921835
2024-11-12 15:39:00+00:00,86948.42881614964
2024-11-12 15:40:00+00:00,86690.56845852535
2024-11-12 15:41:00+00:00,86711.49143874971
2024-11-12 15:42:00+00:00,86681.41691895235
2024-11-12 15:43:00+00:00,86453.4684553595
2024-11-12 15:44:00+00:00,86386.05514677105
2024-11-12 15:45:00+00:00,86265.67454338937
2024-11-12 15:46:00+00:00,86338.74942762796
2024-11-12 15:47:00+00:00,86397.9785114956
2024-11-12 15:48:00+00:00,86398.95872375464
2024-11-12 15:49:00+00:00,86531.66058082755
2024-11-12 15:50:00+00:00,86488.85747572816
2024-11-12 15:51:00+00:00,86494.48621242485
2024-11-12 15:52:00+00:00,86536.27420397352
2024-11-12 15:53:00+00:00,86526.2604216672
2024-11-12 15:54:00+00:00,86475.0953493222
2024-11-12 15:55:00+00:00,86574.34310835351
2024-11-12 15:56:00+00:00,86624.38486561632
2024-11-12 15:57:00+00:00,86491.7344694436
2024-11-12 15:58:00+00:00,86551.34812794812
2024-11-12 15:59:00+00:00,86565.31766868687
2024-11-12 16:00:00+00:00,86577.38868805363
2024-11-12 16:01:00+00:00,86543.55215356151
2024-11-12 16:02:00+00:00,86406.7292528906
2024-11-12 16:03:00+00:00,86392.15755876068
2024-11-12 16:04:00+00:00,86503.69077760086
2024-11-12 16:05:00+00:00,86610.14302325582
2024-11-12 16:06:00+00:00,86452.64743116949
2024-11-12 16:07:00+00:00,86340.51389115994
2024-11-12 16:08:00+00:00,86365.51730463575
2024-11-12 16:09:00+00:00,86223.9544433121
2024-11-12 16:10:00+00:00,86077.1121765069
2024-11-12 16:11:00+00:00,85997.51594616639
2024-11-12 16:12:00+00:00,85914.2823429047
2024-11-12 16:13:00+00:00,85843.61087632638
2024-11-12 16:14:00+00:00,85810.52123320395
2024-11-12 16:15:00+00:00,85878.91894085282
2024-11-12 16:16:00+00:00,85999.236446688
2024-11-12 16:17:00+00:00,86040.0269834308
2024-11-12 16:18:00+00:00,86003.1193046595
2024-11-12 16:19:00+00:00,86124.17160940325
2024-11-12 16:20:00+00:00,86282.81358595194
2024-11-12 16:21:00+00:00,86304.52717735445
2024-11-12 16:22:00+00:00,86190.36977239884
2024-11-12 16:23:00+00:00,86148.98907612712
2024-11-12 16:24:00+00:00,86048.05853152895
2024-11-12 16:25:00+00:00,86059.67407980653
2024-11-12 16:26:00+00:00,86171.40177071064
2024-11-12 16:27:00+00:00,86197.95766345123
2024-11-12 16:28:00+00:00,86278.306144851
2024-11-12 16:29:00+00:00,86435.57040358744
2024-11-12 16:30:00+00:00,86493.93996503497
2024-11-12 16:31:00+00:00,86571.69604186952
2024-11-12 16:32:00+00:00,86664.25944702243
2024-11-12 16:33:00+00:00,86727.5820283019
2024-11-12 16:34:00+00:00,86715.99973876953
2024-11-12 16:35:00+00:00,86729.72498513112
2024-11-12 16:36:00+00:00,86695.00167210263
2024-11-12 16:37:00+00:00,86751.87701964394
2024-11-12 16:38:00+00:00,86636.59761673602
2024-11-12 16:39:00+00:00,86687.98471364542
2024-11-12 16:40:00+00:00,86838.8304962461
2024-11-12 16:41:00+00:00,86951.41969837075
2024-11-12 16:42:00+00:00,87034.43268965516
2024-11-12 16:43:00+00:00,86981.69238604835
2024-11-12 16:44:00+00:00,86989.82133812949
2024-11-12 16:45:00+00:00,87021.6539261672
2024-11-12 16:46:00+00:00,86862.63355555556
2024-11-12 16:47:00+00:00,86941.85300904272
2024-11-12 16:48:00+00:00,86848.5396732817
2024-11-12 16:49:00+00:00,86905.63650581102
2024-11-12 16:50:00+00:00,87084.05567994344
2024-11-12 16:51:00+00:00,87270.80843331982
2024-11-12 16:52:00+00:00,87446.57306767501
2024-11-12 16:53:00+00:00,87491.33543669402
2024-11-12 16:54:00+00:00,87525.0843905856
2024-11-12 16:55:00+00:00,87440.70929425376
2024-11-12 16:56:00+00:00,87403.23538928572
2024-11-12 16:57:00+00:00,87316.22479849163
2024-11-12 16:58:00+00:00,87127.80408871245
2024-11-12 16:59:00+00:00,86988.67201552895
2024-11-12 17:00:00+00:00,87033.43808937824
2024-11-12 17:01:00+00:00,87102.42660529715
2024-11-12 17:02:00+00:00,87125.79628824476
2024-11-12 17:03:00+00:00,87085.71173481309
2024-11-12 17:04:00+00:00,87162.07135988201
2024-11-12 17:05:00+00:00,87233.24147058824
2024-11-12 17:06:00+00:00,87272.41081979891
2024-11-12 17:07:00+00:00,87245.04431163709
2024-11-12 17:08:00+00:00,87219.02436034431
2024-11-12 17:09:00+00:00,87219.16515495087
2024-11-12 17:10:00+00:00,87306.81026422018
2024-11-12 17:11:00+00:00,87265.83407698057
2024-11-12 17:12:00+00:00,87294.14722530008
2024-11-12 17:13:00+00:00,87382.33993437658
2024-11-12 17:14:00+00:00,87423.45617586911
2024-11-12 17:15:00+00:00,87430.78970238096
2024-11-12 17:16:00+00:00,87328.16509056244
2024-11-12 17:17:00+00:00,87385.81678494159
2024-11-12 17:18:00+00:00,87599.58187248812
2024-11-12 17:19:00+00:00,87581.41186440678
2024-11-12 17:20:00+00:00,87425.21318908382
2024-11-12 17:21:00+00:00,87271.66933695406
2024-11-12 17:22:00+00:00,87180.04930522565
2024-11-12 17:23:00+00:00,87124.60067426402
2024-11-12 17:24:00+00:00,87146.81495332556
2024-11-12 17:25:00+00:00,87191.04785072952
2024-11-12 17:26:00+00:00,87253.87602212855
2024-11-12 17:27:00+00:00,87371.28820430108
2024-11-12 17:28:00+00:00,87397.34463414634
2024-11-12 17:29:00+00:00,87423.78832236842
2024-11-12 17:30:00+00:00,87527.18569389111
2024-11-12 17:31:00+00:00,87611.42843715032
2024-11-12 17:32:00+00:00,87644.94849130281
2024-11-12 17:33:00+00:00,87668.36698574337
2024-11-12 17:34:00+00:00,87723.39473204715
2024-11-12 17:35:00+00:00,87674.98615452151
2024-11-12 17:36:00+00:00,87703.24670149254
2024-11-12 17:37:00+00:00,87693.09509268794
2024-11-12 17:38:00+00:00,87778.3783213226
2024-11-12 17:39:00+00:00,87840.42295526435
2024-11-12 17:40:00+00:00,87804.24311559949
2024-11-12 17:41:00+00:00,87847.8849422269
2024-11-12 17:42:00+00:00,87778.12766612643
2024-11-12 17:43:00+00:00,87662.52966337162
2024-11-12 17:44:00+00:00,87569.82317220543
2024-11-12 17:45:00+00:00,87542.13040998881
2024-11-12 17:46:00+00:00,87431.7088366718
2024-11-12 17:47:00+00:00,87399.30212899185
2024-11-12 17:48:00+00:00,87522.46921452964
2024-11-12 17:49:00+00:00,87498.58921383647
2024-11-12 17:50:00+00:00,87567.21697522208
2024-11-12 17:51:00+00:00,87630.14698075647
2024-11-12 17:52:00+00:00,87574.1805657951
2024-11-12 17:53:00+00:00,87301.46414315034
2024-11-12 17:54:00+00:00,87331.34524550315
2024-11-12 17:55:00+00:00,87394.10177506288
2024-11-12 17:56:00+00:00,87201.58747794118
2024-11-12 17:57:00+00:00,87054.2577217015
2024-11-12 17:58:00+00:00,86942.35644883204
2024-11-12 17:59:00+00:00,86952.9086704947
2024-11-12 18:00:00+00:00,87012.94164027608
2024-11-12 18:01:00+00:00,87006.86906631762
2024-11-12 18:02:00+00:00,87072.16922848664
2024-11-12 18:03:00+00:00,87118.15893939394
2024-11-12 18:04:00+00:00,87103.16173686042
2024-11-12 18:05:00+00:00,87148.70169595782
2024-11-12 18:06:00+00:00,87108.33507149984
2024-11-12 18:07:00+00:00,87098.56237781956
2024-11-12 18:08:00+00:00,87152.59454495006
2024-11-12 18:09:00+00:00,87221.53512546468
2024-11-12 18:10:00+00:00,87323.84481640624
2024-11-12 18:11:00+00:00,87373.47057824144
2024-11-12 18:12:00+00:00,87440.58451727642
2024-11-12 18:13:00+00:00,87588.47050962038
2024-11-12 18:14:00+00:00,87602.33439490446
2024-11-12 18:15:00+00:00,87674.71696496413
2024-11-12 18:16:00+00:00,87697.09426995799
2024-11-12 18:17:00+00:00,87723.1000712589
2024-11-12 18:18:00+00:00,87811.93778940028
2024-11-12 18:19:00+00:00,87817.82188573712
2024-11-12 18:20:00+00:00,87849.5798864223
2024-11-12 18:21:00+00:00,87812.55942769769
2024-11-12 18:22:00+00:00,87732.24818721719
2024-11-12 18:23:00+00:00,87807.47713775307
2024-11-12 18:24:00+00:00,87949.30008478802
2024-11-12 18:25:00+00:00,88020.0684995878
2024-11-12 18:26:00+00:00,88165.85742144952
2024-11-12 18:27:00+00:00,88218.99776193248
2024-11-12 18:28:00+00:00,88278.5043871234
2024-11-12 18:29:00+00:00,88357.13859474161
2024-11-12 18:30:00+00:00,88426.30222901613
2024-11-12 18:31:00+00:00,88480.8337254474
2024-11-12 18:32:00+00:00,88597.31355572214
2024-11-12 18:33:00+00:00,88597.55882531786
2024-11-12 18:34:00+00:00,88656.57360884442
2024-11-12 18:35:00+00:00,88640.95667048056
2024-11-12 18:36:00+00:00,88523.13607500927
2024-11-12 18:37:00+00:00,88379.28695386703
2024-11-12 18:38:00+00:00,88325.80789576912
2024-11-12 18:39:00+00:00,88371.9620390537
2024-11-12 18:40:00+00:00,88473.08822123402
2024-11-12 18:41:00+00:00,88491.35943347363
2024-11-12 18:42:00+00:00,88370.63455532028
2024-11-12 18:43:00+00:00,88379.13832002776
2024-11-12 18:44:00+00:00,88546.60311640389
2024-11-12 18:45:00+00:00,88510.21429315477
2024-11-12 18:46:00+00:00,88524.04889295212
2024-11-12 18:47:00+00:00,88600.27458962842
2024-11-12 18:48:00+00:00,88586.9139286975
2024-11-12 18:49:00+00:00,88618.29870087336
2024-11-12 18:50:00+00:00,88698.38035885167
2024-11-12 18:51:00+00:00,88609.54785222291
2024-11-12 18:52:00+00:00,88600.14021797322
2024-11-12 18:53:00+00:00,88666.93531009051
2024-11-12 18:54:00+00:00,88723.78085007006
2024-11-12 18:55:00+00:00,88725.8539532767
2024-11-12 18:56:00+00:00,88797.55759961127
2024-11-12 18:57:00+00:00,88838.23470653377
2024-11-12 18:58:00+00:00,88847.82200774337
2024-11-12 18:59:00+00:00,88792.1604974666
2024-11-12 19:00:00+00:00,88726.70989724017
2024-11-12 19:01:00+00:00,88693.7686392942
2024-11-12 19:02:00+00:00,88806.29329125339
2024-11-12 19:03:00+00:00,88845.22306916426
2024-11-12 19:04:00+00:00,88752.40272025431
2024-11-12 19:05:00+00:00,88740.264420347
2024-11-12 19:06:00+00:00,88820.1518446281
2024-11-12 19:07:00+00:00,88945.46813173284
2024-11-12 19:08:00+00:00,89054.20975741239
2024-11-12 19:09:00+00:00,89119.64423635777
2024-11-12 19:10:00+00:00,89074.05352139547
2024-11-12 19:11:00+00:00,89111.13260364199
2024-11-12 19:12:00+00:00,89191.90987375416
2024-11-12 19:13:00+00:00,89177.00237750172
2024-11-12 19:14:00+00:00,89325.189004171
2024-11-12 19:15:00+00:00,89288.9752488336
2024-11-12 19:16:00+00:00,89260.19732491735
2024-11-12 19:17:00+00:00,89179.17125884435
2024-11-12 19:18:00+00:00,89086.25687193462
2024-11-12 19:19:00+00:00,89158.34763480848
2024-11-12 19:20:00+00:00,89164.3578575226
2024-11-12 19:21:00+00:00,89309.91414161009
2024-11-12 19:22:00+00:00,89243.45265992345
2024-11-12 19:23:00+00:00,89236.36480508103
2024-11-12 19:24:00+00:00,89311.98266666666
2024-11-12 19:25:00+00:00,89376.34463113006
2024-11-12 19:26:00+00:00,89400.8350805009
2024-11-12 19:27:00+00:00,89445.73346124032
2024-11-12 19:28:00+00:00,89496.9970768781
2024-11-12 19:29:00+00:00,89442.18191880638
2024-11-12 19:30:00+00:00,89411.95884331946
2024-11-12 19:31:00+00:00,89564.47356677524
2024-11-12 19:32:00+00:00,89624.79826501624
2024-11-12 19:33:00+00:00,89629.48169653893
2024-11-12 19:34:00+00:00,89668.93304419662
2024-11-12 19:35:00+00:00,89717.49251318102
2024-11-12 19:36:00+00:00,89688.78983003707
2024-11-12 19:37:00+00:00,89613.55445516812
2024-11-12 19:38:00+00:00,89408.30635270901
2024-11-12 19:39:00+00:00,89176.54953425332
2024-11-12 19:40:00+00:00,89047.82699322468
2024-11-12 19:41:00+00:00,89332.84772896176
2024-11-12 19:42:00+00:00,89351.39990697675
2024-11-12 19:43:00+00:00,89338.84676620825
2024-11-12 19:44:00+00:00,89054.78237197452
2024-11-12 19:45:00+00:00,88960.87623274162
2024-11-12 19:46:00+00:00,88966.9677367636
2024-11-12 19:47:00+00:00,89087.96433925048
2024-11-12 19:48:00+00:00,88987.55134926211
2024-11-12 19:49:00+00:00,88938.18223924573
2024-11-12 19:50:00+00:00,88955.95230198753
2024-11-12 19:51:00+00:00,89012.14956300509
2024-11-12 19:52:00+00:00,88832.19484311968
2024-11-12 19:53:00+00:00,88833.72242260618
2024-11-12 19:54:00+00:00,88847.61048160172
2024-11-12 19:55:00+00:00,88880.9002642756
2024-11-12 19:56:00+00:00,88748.53025505718
2024-11-12 19:57:00+00:00,88786.93194809461
2024-11-12 19:58:00+00:00,88705.33462482302
2024-11-12 19:59:00+00:00,88667.61069776714
2024-11-12 20:00:00+00:00,88762.22060572279
2024-11-12 20:01:00+00:00,88777.84885190918
2024-11-12 20:02:00+00:00,88802.32636139485
2024-11-12 20:03:00+00:00,88865.31886977887
2024-11-12 20:04:00+00:00,89015.26793089753
2024-11-12 20:05:00+00:00,88998.72387731142
2024-11-12 20:06:00+00:00,88956.89116391461
2024-11-12 20:07:00+00:00,88980.4498547486
2024-11-12 20:08:00+00:00,89070.81563474388
2024-11-12 20:09:00+00:00,89193.38300513149
2024-11-12 20:10:00+00:00,89282.14720709698
2024-11-12 20:11:00+00:00,89304.49077654516
2024-11-12 20:12:00+00:00,89289.240528613
2024-11-12 20:13:00+00:00,89305.75421380847
2024-11-12 20:14:00+00:00,89235.21978817733
2024-11-12 20:15:00+00:00,89028.80179442509
2024-11-12 20:16:00+00:00,88956.68212008281
2024-11-12 20:17:00+00:00,88983.4025054277
2024-11-12 20:18:00+00:00,89029.19341242452
2024-11-12 20:19:00+00:00,89187.16719387755
2024-11-12 20:20:00+00:00,89271.245874036
2024-11-12 20:21:00+00:00,89316.32483654981
2024-11-12 20:22:00+00:00,89246.26168039037
2024-11-12 20:23:00+00:00,89229.88718764846
2024-11-12 20:24:00+00:00,89281.95524928367
2024-11-12 20:25:00+00:00,89294.90358600584
2024-11-12 20:26:00+00:00,89284.33373979837
2024-11-12 20:27:00+00:00,89402.1775990099
2024-11-12 20:28:00+00:00,89534.01074209246
2024-11-12 20:29:00+00:00,89501.72219251336
2024-11-12 20:30:00+00:00,89445.3801722391
2024-11-12 20:31:00+00:00,89429.7015133999
2024-11-12 20:32:00+00:00,89347.72909242762
2024-11-12 20:33:00+00:00,89422.96620035304
2024-11-12 20:34:00+00:00,89519.92391107453
2024-11-12 20:35:00+00:00,89465.95595020139
2024-11-12 20:36:00+00:00,89460.5846106683
2024-11-12 20:37:00+00:00,89459.26635596626
2024-11-12 20:38:00+00:00,89430.61046062992
2024-11-12 20:39:00+00:00,89449.34657617728
2024-11-12 20:40:00+00:00,89450.99217816937
2024-11-12 20:41:00+00:00,89542.7597135843
2024-11-12 20:42:00+00:00,89642.91130794701
2024-11-12 20:43:00+00:00,89575.62984295613
2024-11-12 20:44:00+00:00,89568.91299003322
2024-11-12 20:45:00+00:00,89641.64209196564
2024-11-12 20:46:00+00:00,89643.48615156647
2024-11-12 20:47:00+00:00,89689.651575985
2024-11-12 20:48:00+00:00,89673.99662487947
2024-11-12 20:49:00+00:00,89685.87793006992
2024-11-12 20:50:00+00:00,89724.12569550466
2024-11-12 20:51:00+00:00,89721.07379539643
2024-11-12 20:52:00+00:00,89632.19514039686
2024-11-12 20:53:00+00:00,89639.97497937293
2024-11-12 20:54:00+00:00,89636.36959941377
2024-11-12 20:55:00+00:00,89786.63224617697
2024-11-12 20:56:00+00:00,89768.0062228057
2024-11-12 20:57:00+00:00,89683.11256355932
2024-11-12 20:58:00+00:00,89503.65945687854
2024-11-12 20:59:00+00:00,89395.63471480308
2024-11-12 21:00:00+00:00,89487.18996873045
2024-11-12 21:01:00+00:00,89648.14818936877
2024-11-12 21:02:00+00:00,89610.74290931223
2024-11-12 21:03:00+00:00,89432.76708928571
2024-11-12 21:04:00+00:00,89153.863131037
2024-11-12 21:05:00+00:00,89107.30197019868
2024-11-12 21:06:00+00:00,89105.3623910841
2024-11-12 21:07:00+00:00,89106.70442531926
2024-11-12 21:08:00+00:00,89033.2248449198
2024-11-12 21:09:00+00:00,89023.83745753426
2024-11-12 21:10:00+00:00,89072.4876274272
2024-11-12 21:11:00+00:00,88972.8010612245
2024-11-12 21:12:00+00:00,88946.1692408377
2024-11-12 21:13:00+00:00,88854.1402031746
2024-11-12 21:14:00+00:00,88877.37072621034
2024-11-12 21:15:00+00:00,88858.8331864589
2024-11-12 21:16:00+00:00,88846.6028607779
2024-11-12 21:17:00+00:00,88745.8464078349
2024-11-12 21:18:00+00:00,88719.97609203069
2024-11-12 21:19:00+00:00,88577.27131416091
2024-11-12 21:20:00+00:00,88782.31160123968
2024-11-12 21:21:00+00:00,88927.0294250364
2024-11-12 21:22:00+00:00,88889.41765613243
2024-11-12 21:23:00+00:00,88781.4012586605
2024-11-12 21:24:00+00:00,88732.1190293589
2024-11-12 21:25:00+00:00,88806.0127672956
2024-11-12 21:26:00+00:00,88889.93949916527
2024-11-12 21:27:00+00:00,88900.71232773109
2024-11-12 21:28:00+00:00,88864.65737765466
2024-11-12 21:29:00+00:00,88872.16249414519
2024-11-12 21:30:00+00:00,88826.84907320348
2024-11-12 21:31:00+00:00,88802.4913859275
2024-11-12 21:32:00+00:00,88844.84197696738
2024-11-12 21:33:00+00:00,88766.34845602605
2024-11-12 21:34:00+00:00,88620.3335016155
2024-11-12 21:35:00+00:00,88530.5569393512
2024-11-12 21:36:00+00:00,88558.22949330784
2024-11-12 21:37:00+00:00,88570.20955186723
2024-11-12 21:38:00+00:00,88492.19028230185
2024-11-12 21:39:00+00:00,88471.1173889322
2024-11-12 21:40:00+00:00,88549.97347089948
2024-11-12 21:41:00+00:00,88607.00324968633
2024-11-12 21:42:00+00:00,88464.23880427291
2024-11-12 21:43:00+00:00,88365.52026639345
2024-11-12 21:44:00+00:00,88366.8467570978
2024-11-12 21:45:00+00:00,88423.70882691203
2024-11-12 21:46:00+00:00,88401.63430502976
2024-11-12 21:47:00+00:00,88505.59021937844
2024-11-12 21:48:00+00:00,88540.99247848538
2024-11-12 21:49:00+00:00,88505.29834920635
2024-11-12 21:50:00+00:00,88567.24527955272
2024-11-12 21:51:00+00:00,88523.07708629442
2024-11-12 21:52:00+00:00,88291.08710973724
2024-11-12 21:53:00+00:00,88238.15506745818
2024-11-12 21:54:00+00:00,88277.84375752365
2024-11-12 21:55:00+00:00,88275.46287507848
2024-11-12 21:56:00+00:00,88236.29895780377
2024-11-12 21:57:00+00:00,88230.27027862209
2024-11-12 21:58:00+00:00,88206.13454991816
2024-11-12 21:59:00+00:00,88247.96708128079
2024-11-12 22:00:00+00:00,88255.22590413943
2024-11-12 22:01:00+00:00,88172.79631782946
2024-11-12 22:02:00+00:00,88155.31235406698
2024-11-12 22:03:00+00:00,88161.12299131807
2024-11-12 22:04:00+00:00,88164.36376445847
2024-11-12 22:05:00+00:00,88054.16366021734
2024-11-12 22:06:00+00:00,87980.56188722147
2024-11-12 22:07:00+00:00,87877.07011033468
2024-11-12 22:08:00+00:00,87778.11087990829
2024-11-12 22:09:00+00:00,87728.41259522962
2024-11-12 22:10:00+00:00,87709.99915598762
2024-11-12 22:11:00+00:00,87669.59201529465
2024-11-12 22:12:00+00:00,87857.63956687291
2024-11-12 22:13:00+00:00,87939.64635352287
2024-11-12 22:14:00+00:00,87979.04883908045
2024-11-12 22:15:00+00:00,87960.07785407724
2024-11-12 22:16:00+00:00,87835.32121374387
2024-11-12 22:17:00+00:00,87892.58874236874
2024-11-12 22:18:00+00:00,87880.12186215236
2024-11-12 22:19:00+00:00,87985.80317218901
2024-11-12 22:20:00+00:00,87998.53298305084
2024-11-12 22:21:00+00:00,88071.87808011049
2024-11-12 22:22:00+00:00,88123.43981620719
2024-11-12 22:23:00+00:00,88227.82297236743
2024-11-12 22:24:00+00:00,88201.51400540055
2024-11-12 22:25:00+00:00,88178.51438652257
2024-11-12 22:26:00+00:00,88130.10554029304
2024-11-12 22:27:00+00:00,88026.10888962327
2024-11-12 22:28:00+00:00,88017.69021105528
2024-11-12 22:29:00+00:00,88057.69060857539
2024-11-12 22:30:00+00:00,88061.06495370371
2024-11-12 22:31:00+00:00,88123.54288425048
2024-11-12 22:32:00+00:00,88206.70662886598
2024-11-12 22:33:00+00:00,88284.71577386468
2024-11-12 22:34:00+00:00,88317.37429535866
2024-11-12 22:35:00+00:00,88287.22971526196
2024-11-12 22:36:00+00:00,88301.46782214157
2024-11-12 22:37:00+00:00,88337.74475113122
2024-11-12 22:38:00+00:00,88371.89574766356
2024-11-12 22:39:00+00:00,88364.39395750331
2024-11-12 22:40:00+00:00,88328.8166197183
2024-11-12 22:41:00+00:00,88395.69993932039
2024-11-12 22:42:00+00:00,88423.60719599428
2024-11-12 22:43:00+00:00,88506.34556213017
2024-11-12 22:44:00+00:00,88537.89748710391
2024-11-12 22:45:00+00:00,88548.7051776266
2024-11-12 22:46:00+00:00,88515.78890272373
2024-11-12 22:47:00+00:00,88461.48652899824
2024-11-12 22:48:00+00:00,88454.25516351119
2024-11-12 22:49:00+00:00,88414.24278097982
2024-11-12 22:50:00+00:00,88413.4333988764
2024-11-12 22:51:00+00:00,88580.45933180778
2024-11-12 22:52:00+00:00,88567.65893032384
2024-11-12 22:53:00+00:00,88560.78783018868
2024-11-12 22:54:00+00:00,88569.34526232115
2024-11-12 22:55:00+00:00,88570.88665991902
2024-11-12 22:56:00+00:00,88575.32040740742
2024-11-12 22:57:00+00:00,88575.8026055313
2024-11-12 22:58:00+00:00,88517.63394516375
2024-11-12 22:59:00+00:00,88560.7269738652
2024-11-12 23:00:00+00:00,88453.7916172647
2024-11-12 23:01:00+00:00,88336.13300125314
2024-11-12 23:02:00+00:00,88276.82815776816
2024-11-12 23:03:00+00:00,88199.54893384363
2024-11-12 23:04:00+00:00,88107.54950504126
2024-11-12 23:05:00+00:00,88118.64569230769
2024-11-12 23:06:00+00:00,88249.403275069
2024-11-12 23:07:00+00:00,88340.70276767676
2024-11-12 23:08:00+00:00,88362.19662949195
2024-11-12 23:09:00+00:00,88376.96856191744
2024-11-12 23:10:00+00:00,88370.21535858179
2024-11-12 23:11:00+00:00,88396.77076205288
2024-11-12 23:12:00+00:00,88418.77317907446
2024-11-12 23:13:00+00:00,88409.81891706648
2024-11-12 23:14:00+00:00,88360.24975088968
2024-11-12 23:15:00+00:00,88367.21795056642
2024-11-12 23:16:00+00:00,88207.73794626865
2024-11-12 23:17:00+00:00,88144.4869089518
2024-11-12 23:18:00+00:00,88103.4446809816
2024-11-12 23:19:00+00:00,87971.45792305184
2024-11-12 23:20:00+00:00,87801.24090227576
2024-11-12 23:21:00+00:00,87521.20385323871
2024-11-12 23:22:00+00:00,87529.4393567753
2024-11-12 23:23:00+00:00,87554.18868604176
2024-11-12 23:24:00+00:00,87578.05397272328
2024-11-12 23:25:00+00:00,87733.94065375303
2024-11-12 23:26:00+00:00,87842.65781471797
2024-11-12 23:27:00+00:00,87880.48363778299
2024-11-12 23:28:00+00:00,87876.21527162977
2024-11-12 23:29:00+00:00,87938.15677172875
2024-11-12 23:30:00+00:00,87911.1290786137
2024-11-12 23:31:00+00:00,88005.7960973527
2024-11-12 23:32:00+00:00,88017.46927896995
2024-11-12 23:33:00+00:00,87900.24222760291
2024-11-12 23:34:00+00:00,87915.25600000001
2024-11-12 23:35:00+00:00,87973.50802117263
2024-11-12 23:36:00+00:00,87920.64380349607
2024-11-12 23:37:00+00:00,87882.17255900621
2024-11-12 23:38:00+00:00,87914.24902303415
2024-11-12 23:39:00+00:00,87969.16696737045
2024-11-12 23:40:00+00:00,87963.63072008114
2024-11-12 23:41:00+00:00,87908.80373540857
2024-11-12 23:42:00+00:00,87805.88420893264
2024-11-12 23:43:00+00:00,87809.6542870999
2024-11-12 23:44:00+00:00,87870.64438166312
2024-11-12 23:45:00+00:00,87893.35791376913
2024-11-12 23:46:00+00:00,87834.49080141845
2024-11-12 23:47:00+00:00,87809.81962783953
2024-11-12 23:48:00+00:00,87879.74112008073
2024-11-12 23:49:00+00:00,87995.64237822349
2024-11-12 23:50:00+00:00,88026.20724362774
2024-11-12 23:51:00+00:00,88062.78085820896
2024-11-12 23:52:00+00:00,88115.57710286458
2024-11-12 23:53:00+00:00,88152.66006809338
2024-11-12 23:54:00+00:00,88135.87002479339
2024-11-12 23:55:00+00:00,88147.31298023715
2024-11-12 23:56:00+00:00,88093.54932698845
2024-11-12 23:57:00+00:00,87964.7382898773
2024-11-12 23:58:00+00:00,87879.78672055427
2024-11-12 23:59:00+00:00,87979.59398628795
2024-11-13 00:00:00+00:00,87948.80517875738
2024-11-13 00:01:00+00:00,87904.78875689591
2024-11-13 00:02:00+00:00,88002.35147411854
2024-11-13 00:03:00+00:00,88116.74887018165
2024-11-13 00:04:00+00:00,88133.74684845006
2024-11-13 00:05:00+00:00,88137.39080755113
2024-11-13 00:06:00+00:00,88054.46405528054
2024-11-13 00:07:00+00:00,88073.72016920474
2024-11-13 00:08:00+00:00,88101.23874015748
2024-11-13 00:09:00+00:00,88073.80805393257
2024-11-13 00:10:00+00:00,88081.67972972973
2024-11-13 00:11:00+00:00,88018.77858146685
2024-11-13 00:12:00+00:00,87849.73678798383
2024-11-13 00:13:00+00:00,87790.91970812752
2024-11-13 00:14:00+00:00,87725.74081119544
2024-11-13 00:15:00+00:00,87751.46431658056
2024-11-13 00:16:00+00:00,87773.42108967488
2024-11-13 00:17:00+00:00,87711.91080822573
2024-11-13 00:18:00+00:00,87718.07448408342
2024-11-13 00:19:00+00:00,87661.27368880271
2024-11-13 00:20:00+00:00,87785.88361191163
2024-11-13 00:21:00+00:00,87778.31002650959
2024-11-13 00:22:00+00:00,87681.5581587057
2024-11-13 00:23:00+00:00,87721.14516483516
2024-11-13 00:24:00+00:00,87792.45821288296
2024-11-13 00:25:00+00:00,87918.2580435431
2024-11-13 00:26:00+00:00,88005.33825200536
2024-11-13 00:27:00+00:00,88062.01824231465
2024-11-13 00:28:00+00:00,88138.06921411108
2024-11-13 00:29:00+00:00,88228.92945838312
2024-11-13 00:30:00+00:00,88236.77218703428
2024-11-13 00:31:00+00:00,88285.37812913906
2024-11-13 00:32:00+00:00,88331.91520755886
2024-11-13 00:33:00+00:00,88318.76189964157
2024-11-13 00:34:00+00:00,88232.70457863502
2024-11-13 00:35:00+00:00,88168.55021559361
2024-11-13 00:36:00+00:00,88157.39790062112
2024-11-13 00:37:00+00:00,88303.78377190376
2024-11-13 00:38:00+00:00,88393.39649246704
2024-11-13 00:39:00+00:00,88422.06942100538
2024-11-13 00:40:00+00:00,88360.32225826007
2024-11-13 00:41:00+00:00,88293.89325178669
2024-11-13 00:42:00+00:00,88218.7588772022
2024-11-13 00:43:00+00:00,88249.93696024297
2024-11-13 00:44:00+00:00,88263.85575611888
2024-11-13 00:45:00+00:00,88302.79748178979
2024-11-13 00:46:00+00:00,88346.69531914893
2024-11-13 00:47:00+00:00,88306.82826268657
2024-11-13 00:48:00+00:00,88261.6578520996
2024-11-13 00:49:00+00:00,88203.51417122947
2024-11-13 00:50:00+00:00,88255.45470922606
2024-11-13 00:51:00+00:00,88355.25625751073
2024-11-13 00:52:00+00:00,88275.33245867769
2024-11-13 00:53:00+00:00,88244.7316543514
2024-11-13 00:54:00+00:00,88235.50360465115
2024-11-13 00:55:00+00:00,88253.36927422116
2024-11-13 00:56:00+00:00,88299.58777265101
2024-11-13 00:57:00+00:00,88092.86701719312
2024-11-13 00:58:00+00:00,88026.74690095847
2024-11-13 00:59:00+00:00,88104.73553340328
2024-11-13 01:00:00+00:00,87942.34735892962
2024-11-13 01:01:00+00:00,87867.02829363884
2024-11-13 01:02:00+00:00,87882.10459514862
2024-11-13 01:03:00+00:00,87955.41100400267
2024-11-13 01:04:00+00:00,88013.15019456681
2024-11-13 01:05:00+00:00,88123.68934602395
2024-11-13 01:06:00+00:00,88200.81773177636
2024-11-13 01:07:00+00:00,88275.47029121863
2024-11-13 01:08:00+00:00,88252.47172720247
2024-11-13 01:09:00+00:00,88285.26519616788
2024-11-13 01:10:00+00:00,88351.02960246534
2024-11-13 01:11:00+00:00,88380.72585561498
2024-11-13 01:12:00+00:00,88398.53008591886
2024-11-13 01:13:00+00:00,88419.58364363943
2024-11-13 01:14:00+00:00,88489.03240929203
2024-11-13 01:15:00+00:00,88485.51725342912
2024-11-13 01:16:00+00:00,88367.53524279615
2024-11-13 01:17:00+00:00,88368.00403662625
2024-11-13 01:18:00+00:00,88338.65140146471
2024-11-13 01:19:00+00:00,88307.97933728981
2024-11-13 01:20:00+00:00,88092.28604928458
2024-11-13 01:21:00+00:00,88026.51815656565
2024-11-13 01:22:00+00:00,87898.05487978963
2024-11-13 01:23:00+00:00,87916.81807337096
2024-11-13 01:24:00+00:00,87832.85363278947
2024-11-13 01:25:00+00:00,87836.1705212014
2024-11-13 01:26:00+00:00,87876.33848731601
2024-11-13 01:27:00+00:00,87980.54432961735
2024-11-13 01:28:00+00:00,87846.1697830424
2024-11-13 01:29:00+00:00,87863.01376628353
2024-11-13 01:30:00+00:00,87964.5075740249
2024-11-13 01:31:00+00:00,87932.44817867833
2024-11-13 01:32:00+00:00,87877.26686352753
2024-11-13 01:33:00+00:00,87878.68201766122
2024-11-13 01:34:00+00:00,87886.60905236108
2024-11-13 01:35:00+00:00,87768.90594045025
2024-11-13 01:36:00+00:00,87839.34056481105
2024-11-13 01:37:00+00:00,87824.511156639
2024-11-13 01:38:00+00:00,87879.64992454863
2024-11-13 01:39:00+00:00,88030.13048929664
2024-11-13 01:40:00+00:00,88105.50500514227
2024-11-13 01:41:00+00:00,87935.85579272255
2024-11-13 01:42:00+00:00,87886.14747533796
2024-11-13 01:43:00+00:00,87962.9785809988
2024-11-13 01:44:00+00:00,88048.53518611459
2024-11-13 01:45:00+00:00,88097.39853191489
2024-11-13 01:46:00+00:00,88171.71416666666
2024-11-13 01:47:00+00:00,88263.24111181102
2024-11-13 01:48:00+00:00,88247.05529321461
2024-11-13 01:49:00+00:00,88276.85264164305
2024-11-13 01:50:00+00:00,88299.71748544397
2024-11-13 01:51:00+00:00,88270.79175463623
2024-11-13 01:52:00+00:00,88176.849210431
2024-11-13 01:53:00+00:00,88257.58748048262
2024-11-13 01:54:00+00:00,88302.94664960446
2024-11-13 01:55:00+00:00,88344.88245682888
2024-11-13 01:56:00+00:00,88270.6795391414
2024-11-13 01:57:00+00:00,88262.29973865199
2024-11-13 01:58:00+00:00,88203.96124039938
2024-11-13 01:59:00+00:00,88223.09854206808
2024-11-13 02:00:00+00:00,88262.59076136364
2024-11-13 02:01:00+00:00,88248.32818291578
2024-11-13 02:02:00+00:00,88170.74460048426
2024-11-13 02:03:00+00:00,88129.2654722955
2024-11-13 02:04:00+00:00,88152.78077979133
2024-11-13 02:05:00+00:00,88133.65640080429
2024-11-13 02:06:00+00:00,88135.47312731769
2024-11-13 02:07:00+00:00,88095.16181601526
2024-11-13 02:08:00+00:00,88079.92566489361
2024-11-13 02:09:00+00:00,88110.22726277371
2024-11-13 02:10:00+00:00,88094.55480478589
2024-11-13 02:11:00+00:00,88088.97662813103
2024-11-13 02:12:00+00:00,88074.44187606112
2024-11-13 02:13:00+00:00,88023.78956814359
2024-11-13 02:14:00+00:00,88003.1789305816
2024-11-13 02:15:00+00:00,88007.18860836083
2024-11-13 02:16:00+00:00,87835.21478939544
2024-11-13 02:17:00+00:00,87740.28465192168
2024-11-13 02:18:00+00:00,87651.81135636447
2024-11-13 02:19:00+00:00,87584.82553513192
2024-11-13 02:20:00+00:00,87541.62772470588
2024-11-13 02:21:00+00:00,87556.1970692673
2024-11-13 02:22:00+00:00,87520.55828033268
2024-11-13 02:23:00+00:00,87372.70219658782
2024-11-13 02:24:00+00:00,87325.20333026255
2024-11-13 02:25:00+00:00,87270.15088408272
2024-11-13 02:26:00+00:00,87273.41989938081
2024-11-13 02:27:00+00:00,87466.10442592094
2024-11-13 02:28:00+00:00,87492.21502188184
2024-11-13 02:29:00+00:00,87511.46223660554
2024-11-13 02:30:00+00:00,87504.30956969697
2024-11-13 02:31:00+00:00,87430.80407071886
2024-11-13 02:32:00+00:00,87327.26028590878
2024-11-13 02:33:00+00:00,87200.05777414562
2024-11-13 02:34:00+00:00,87162.59684525908
2024-11-13 02:35:00+00:00,87115.00273509067
2024-11-13 02:36:00+00:00,87119.56414301017
2024-11-13 02:37:00+00:00,87286.80905836019
2024-11-13 02:38:00+00:00,87322.63241318682
2024-11-13 02:39:00+00:00,87358.2307210693
2024-11-13 02:40:00+00:00,87463.45180266131
2024-11-13 02:41:00+00:00,87573.65323155904
2024-11-13 02:42:00+00:00,87601.88463829787
2024-11-13 02:43:00+00:00,87651.65046475358
2024-11-13 02:44:00+00:00,87646.33534369116
2024-11-13 02:45:00+00:00,87662.71092192692
2024-11-13 02:46:00+00:00,87578.6401238274
2024-11-13 02:47:00+00:00,87594.6324110672
2024-11-13 02:48:00+00:00,87657.17811830461
2024-11-13 02:49:00+00:00,87684.9407888839
2024-11-13 02:50:00+00:00,87705.4669068323
2024-11-13 02:51:00+00:00,87679.11280064138
2024-11-13 02:52:00+00:00,87682.86538181819
2024-11-13 02:53:00+00:00,87720.5701353638
2024-11-13 02:54:00+00:00,87772.96715924426
2024-11-13 02:55:00+00:00,87766.47557142857
2024-11-13 02:56:00+00:00,87770.67774917492
2024-11-13 02:57:00+00:00,87815.19898780488
2024-11-13 02:58:00+00:00,87831.59662700466
2024-11-13 02:59:00+00:00,87879.8957823613
2024-11-13 03:00:00+00:00,87846.79456328646
2024-11-13 03:01:00+00:00,87806.0448019802
2024-11-13 03:02:00+00:00,87846.96946317104
2024-11-13 03:03:00+00:00,87901.97094852517
2024-11-13 03:04:00+00:00,87907.93442996743
2024-11-13 03:05:00+00:00,87784.0180412917
2024-11-13 03:06:00+00:00,87723.12106516291
2024-11-13 03:07:00+00:00,87741.05394500264
2024-11-13 03:08:00+00:00,87761.23321978023
2024-11-13 03:09:00+00:00,87790.67354176175
2024-11-13 03:10:00+00:00,87763.65895670689
2024-11-13 03:11:00+00:00,87850.25973194132
2024-11-13 03:12:00+00:00,87977.0042752
2024-11-13 03:13:00+00:00,88054.26322669104
2024-11-13 03:14:00+00:00,87955.12071228266
2024-11-13 03:15:00+00:00,87963.89544568924
2024-11-13 03:16:00+00:00,87920.38840568271
2024-11-13 03:17:00+00:00,87979.2933457249
2024-11-13 03:18:00+00:00,88105.57475342974
2024-11-13 03:19:00+00:00,88116.9401274186
2024-11-13 03:20:00+00:00,88074.70708219177
2024-11-13 03:21:00+00:00,88017.15473157051
2024-11-13 03:22:00+00:00,87893.4870800187
2024-11-13 03:23:00+00:00,87849.41510807736
2024-11-13 03:24:00+00:00,87773.97630539711
2024-11-13 03:25:00+00:00,87607.3243314849
2024-11-13 03:26:00+00:00,87571.83351823318
2024-11-13 03:27:00+00:00,87519.17705722891
2024-11-13 03:28:00+00:00,87481.90494866531
2024-11-13 03:29:00+00:00,87364.2592713221
2024-11-13 03:30:00+00:00,87373.96840279987
2024-11-13 03:31:00+00:00,87363.107515006
2024-11-13 03:32:00+00:00,87453.47933023873
2024-11-13 03:33:00+00:00,87529.9216871832
2024-11-13 03:34:00+00:00,87535.76902608696
2024-11-13 03:35:00+00:00,87561.84880198633
2024-11-13 03:36:00+00:00,87587.13520732883
2024-11-13 03:37:00+00:00,87563.28461015853
2024-11-13 03:38:00+00:00,87519.15199818759
2024-11-13 03:39:00+00:00,87405.78516775396
2024-11-13 03:40:00+00:00,87356.1200167294
2024-11-13 03:41:00+00:00,87340.21249250535
2024-11-13 03:42:00+00:00,87382.70972275795
2024-11-13 03:43:00+00:00,87390.69871811225
2024-11-13 03:44:00+00:00,87173.77944692239
2024-11-13 03:45:00+00:00,87177.68338339521
2024-11-13 03:46:00+00:00,87287.03203373722
2024-11-13 03:47:00+00:00,87345.64334491747
2024-11-13 03:48:00+00:00,87319.61396678968
2024-11-13 03:49:00+00:00,87359.78757043993
2024-11-13 03:50:00+00:00,87325.32318633111
2024-11-13 03:51:00+00:00,87444.53074109115
2024-11-13 03:52:00+00:00,87455.86343070432
2024-11-13 03:53:00+00:00,87499.28357458564
2024-11-13 03:54:00+00:00,87463.4237592533
2024-11-13 03:55:00+00:00,87456.58431324457
2024-11-13 03:56:00+00:00,87408.79866853259
2024-11-13 03:57:00+00:00,87361.24122033898
2024-11-13 03:58:00+00:00,87170.89290316503
2024-11-13 03:59:00+00:00,87086.3598384926
2024-11-13 04:00:00+00:00,87242.70686485071
2024-11-13 04:01:00+00:00,87240.35008162116
2024-11-13 04:02:00+00:00,87317.91615899761
2024-11-13 04:03:00+00:00,87356.32003668763
2024-11-13 04:04:00+00:00,87439.37327807945
2024-11-13 04:05:00+00:00,87317.98927141714
2024-11-13 04:06:00+00:00,87375.7237514358
2024-11-13 04:07:00+00:00,87450.26363240891
2024-11-13 04:08:00+00:00,87478.43087966587
2024-11-13 04:09:00+00:00,87405.27513734467
2024-11-13 04:10:00+00:00,87455.44717554523
2024-11-13 04:11:00+00:00,87496.29969882352
2024-11-13 04:12:00+00:00,87449.92317931794
2024-11-13 04:13:00+00:00,87418.8577720504
2024-11-13 04:14:00+00:00,87438.81578024797
2024-11-13 04:15:00+00:00,87490.4249427095
2024-11-13 04:16:00+00:00,87501.57234496124
2024-11-13 04:17:00+00:00,87584.81061138709
2024-11-13 04:18:00+00:00,87548.53216425363
2024-11-13 04:19:00+00:00,87600.12518428513
2024-11-13 04:20:00+00:00,87604.20654482157
2024-11-13 04:21:00+00:00,87644.43222937749
2024-11-13 04:22:00+00:00,87622.6233161512
2024-11-13 04:23:00+00:00,87598.84861490957
2024-11-13 04:24:00+00:00,87593.0144190959
2024-11-13 04:25:00+00:00,87429.43796779703
2024-11-13 04:26:00+00:00,87261.63483719782
2024-11-13 04:27:00+00:00,87236.92972329828
2024-11-13 04:28:00+00:00,87188.26070274333
2024-11-13 04:29:00+00:00,87176.41663982823
2024-11-13 04:30:00+00:00,87133.19278996155
2024-11-13 04:31:00+00:00,87017.39948362925
2024-11-13 04:32:00+00:00,87171.17752454043
2024-11-13 04:33:00+00:00,87153.58734006011
2024-11-13 04:34:00+00:00,87102.05026225357
2024-11-13 04:35:00+00:00,86954.22830677714
2024-11-13 04:36:00+00:00,86801.15831913156
2024-11-13 04:37:00+00:00,86621.22559806172
2024-11-13 04:38:00+00:00,86656.23038705584
2024-11-13 04:39:00+00:00,86726.6097842262
2024-11-13 04:40:00+00:00,86598.19482658959
2024-11-13 04:41:00+00:00,86684.80464273505
2024-11-13 04:42:00+00:00,86653.41895354015
2024-11-13 04:43:00+00:00,86686.47978315866
2024-11-13 04:44:00+00:00,86660.14381821913
2024-11-13 04:45:00+00:00,86693.11504028198
2024-11-13 04:46:00+00:00,86661.81089987326
2024-11-13 04:47:00+00:00,86494.86264407684
2024-11-13 04:48:00+00:00,86414.01066607064
2024-11-13 04:49:00+00:00,86384.7208234769
2024-11-13 04:50:00+00:00,86395.36888750519
2024-11-13 04:51:00+00:00,86308.1437835236
2024-11-13 04:52:00+00:00,86426.40570514978
2024-11-13 04:53:00+00:00,86668.0965434918
2024-11-13 04:54:00+00:00,86646.11658514285
2024-11-13 04:55:00+00:00,86792.3622249574
2024-11-13 04:56:00+00:00,86949.48247704367
2024-11-13 04:57:00+00:00,87067.2403170359
2024-11-13 04:58:00+00:00,87128.84130069595
2024-11-13 04:59:00+00:00,87194.28660642571
2024-11-13 05:00:00+00:00,87186.99235896365
2024-11-13 05:01:00+00:00,87235.3486882096
2024-11-13 05:02:00+00:00,87141.76353169783
2024-11-13 05:03:00+00:00,87077.5570909423
2024-11-13 05:04:00+00:00,87025.84095348837
2024-11-13 05:05:00+00:00,87002.73993268659
2024-11-13 05:06:00+00:00,87144.01238339921
2024-11-13 05:07:00+00:00,87093.54115705931
2024-11-13 05:08:00+00:00,87143.91925978046
2024-11-13 05:09:00+00:00,87168.14491843393
2024-11-13 05:10:00+00:00,87123.93175546659
2024-11-13 05:11:00+00:00,87110.6366417704
2024-11-13 05:12:00+00:00,87173.73866392925
2024-11-13 05:13:00+00:00,87140.77541643835
2024-11-13 05:14:00+00:00,87157.6605905307
2024-11-13 05:15:00+00:00,87228.57623411732
2024-11-13 05:16:00+00:00,87308.65536909322
2024-11-13 05:17:00+00:00,87350.52059026447
2024-11-13 05:18:00+00:00,87393.40202988792
2024-11-13 05:19:00+00:00,87401.56194458439
2024-11-13 05:20:00+00:00,87338.6068189567
2024-11-13 05:21:00+00:00,87342.80948752529
2024-11-13 05:22:00+00:00,87358.99976453274
2024-11-13 05:23:00+00:00,87337.19347214076
2024-11-13 05:24:00+00:00,87379.16101412068
2024-11-13 05:25:00+00:00,87387.17221139796
2024-11-13 05:26:00+00:00,87353.8550749354
2024-11-13 05:27:00+00:00,87269.36034814475
2024-11-13 05:28:00+00:00,87307.35399610137
2024-11-13 05:29:00+00:00,87335.92235065943
2024-11-13 05:30:00+00:00,87327.58095144098
2024-11-13 05:31:00+00:00,87341.20999999999
2024-11-13 05:32:00+00:00,87206.03122546418
2024-11-13 05:33:00+00:00,87127.7873476298
2024-11-13 05:34:00+00:00,87150.31561574576
2024-11-13 05:35:00+00:00,87073.51081883554
2024-11-13 05:36:00+00:00,86990.45724126113
2024-11-13 05:37:00+00:00,86894.93772797528
2024-11-13 05:38:00+00:00,86976.84018242122
2024-11-13 05:39:00+00:00,87022.34179286608
2024-11-13 05:40:00+00:00,87042.16048103246
2024-11-13 05:41:00+00:00,86998.7750176792
2024-11-13 05:42:00+00:00,86967.59362664474
2024-11-13 05:43:00+00:00,87041.27496428572
2024-11-13 05:44:00+00:00,86923.16298876404
2024-11-13 05:45:00+00:00,86925.79731881982
2024-11-13 05:46:00+00:00,86867.1884801762
2024-11-13 05:47:00+00:00,86868.10371121224
2024-11-13 05:48:00+00:00,86782.98454801377
2024-11-13 05:49:00+00:00,86714.07414199914
2024-11-13 05:50:00+00:00,86610.59616399888
2024-11-13 05:51:00+00:00,86612.84939261114
2024-11-13 05:52:00+00:00,86651.71406607785
2024-11-13 05:53:00+00:00,86755.05450195738
2024-11-13 05:54:00+00:00,86698.43162610619
2024-11-13 05:55:00+00:00,86663.17826285241
2024-11-13 05:56:00+00:00,86567.20332223148
2024-11-13 05:57:00+00:00,86554.51369917844
2024-11-13 05:58:00+00:00,86554.20330192034
2024-11-13 05:59:00+00:00,86533.65529411765
2024-11-13 06:00:00+00:00,86530.74577341137
2024-11-13 06:01:00+00:00,86515.7440338983
2024-11-13 06:02:00+00:00,86544.60648525628
2024-11-13 06:03:00+00:00,86725.73150566129
2024-11-13 06:04:00+00:00,86801.3879117797
2024-11-13 06:05:00+00:00,86806.18488932669
2024-11-13 06:06:00+00:00,86769.27740059153
2024-11-13 06:07:00+00:00,86717.02136433317
2024-11-13 06:08:00+00:00,86650.79674907294
2024-11-13 06:09:00+00:00,86607.81297685554
2024-11-13 06:10:00+00:00,86610.74200160557
2024-11-13 06:11:00+00:00,86693.59496334758
2024-11-13 06:12:00+00:00,86645.02676638917
2024-11-13 06:13:00+00:00,86596.43076940904
2024-11-13 06:14:00+00:00,86641.94367194503
2024-11-13 06:15:00+00:00,86734.92927023661
2024-11-13 06:16:00+00:00,86725.92207600502
2024-11-13 06:17:00+00:00,86681.96272727272
2024-11-13 06:18:00+00:00,86681.78583275503
2024-11-13 06:19:00+00:00,86705.17135215453
2024-11-13 06:20:00+00:00,86751.96177824266
2024-11-13 06:21:00+00:00,86850.47079344261
2024-11-13 06:22:00+00:00,86927.31038984263
2024-11-13 06:23:00+00:00,86916.12855622396
2024-11-13 06:24:00+00:00,86814.23242831216
2024-11-13 06:25:00+00:00,86704.62976721149
2024-11-13 06:26:00+00:00,86663.56365461847
2024-11-13 06:27:00+00:00,86537.24254003314
2024-11-13 06:28:00+00:00,86477.92042846212
2024-11-13 06:29:00+00:00,86481.35740391958
2024-11-13 06:30:00+00:00,86447.84948496577
2024-11-13 06:31:00+00:00,86329.53460235294
2024-11-13 06:32:00+00:00,86304.9494255928
2024-11-13 06:33:00+00:00,86287.26436664975
2024-11-13 06:34:00+00:00,86214.99680184806
2024-11-13 06:35:00+00:00,86174.21340397098
2024-11-13 06:36:00+00:00,86256.63477499658
2024-11-13 06:37:00+00:00,86342.3714302554
2024-11-13 06:38:00+00:00,86242.17163315351
2024-11-13 06:39:00+00:00,86244.46977971311
2024-11-13 06:40:00+00:00,86349.61355928025
2024-11-13 06:41:00+00:00,86329.87991267354
2024-11-13 06:42:00+00:00,86448.7235049414
2024-11-13 06:43:00+00:00,86540.19902727273
2024-11-13 06:44:00+00:00,86589.04815443214
2024-11-13 06:45:00+00:00,86592.53263412017
2024-11-13 06:46:00+00:00,86657.81849148418
2024-11-13 06:47:00+00:00,86705.96139687342
2024-11-13 06:48:00+00:00,86640.69888637008
2024-11-13 06:49:00+00:00,86610.96694280763
2024-11-13 06:50:00+00:00,86447.72709623631
2024-11-13 06:51:00+00:00,86421.79560747664
2024-11-13 06:52:00+00:00,86453.49158650635
2024-11-13 06:53:00+00:00,86528.10714366357
2024-11-13 06:54:00+00:00,86569.41805245537
2024-11-13 06:55:00+00:00,86582.6064817466
2024-11-13 06:56:00+00:00,86573.79962997226
2024-11-13 06:57:00+00:00,86464.94138038943
2024-11-13 06:58:00+00:00,86484.54392340759
2024-11-13 06:59:00+00:00,86493.4855531915
2024-11-13 07:00:00+00:00,86531.48718118339
2024-11-13 07:01:00+00:00,86577.57991626409
2024-11-13 07:02:00+00:00,86628.47065240642
2024-11-13 07:03:00+00:00,86692.46394720874
2024-11-13 07:04:00+00:00,86766.42053223388
2024-11-13 07:05:00+00:00,86867.8022575803
2024-11-13 07:06:00+00:00,86863.78437963944
2024-11-13 07:07:00+00:00,86793.14913896198
2024-11-13 07:08:00+00:00,86732.0448618267
2024-11-13 07:09:00+00:00,86829.32431086658
2024-11-13 07:10:00+00:00,86922.0402038089
2024-11-13 07:11:00+00:00,86936.4717699776
2024-11-13 07:12:00+00:00,86927.74777829529
2024-11-13 07:13:00+00:00,86978.20949598246
2024-11-13 07:14:00+00:00,86981.00576923077
2024-11-13 07:15:00+00:00,87059.04519874477
2024-11-13 07:16:00+00:00,87154.03495897436
2024-11-13 07:17:00+00:00,87157.98591218305
2024-11-13 07:18:00+00:00,87144.8066266703
2024-11-13 07:19:00+00:00,87077.3067839404
2024-11-13 07:20:00+00:00,87063.95338414634
2024-11-13 07:21:00+00:00,87005.68354959784
2024-11-13 07:22:00+00:00,86922.01127502635
2024-11-13 07:23:00+00:00,87110.30768727082
2024-11-13 07:24:00+00:00,87013.51876401181
2024-11-13 07:25:00+00:00,87016.90698125616
2024-11-13 07:26:00+00:00,87136.07626878131
2024-11-13 07:27:00+00:00,87214.77883503401
2024-11-13 07:28:00+00:00,87179.33062007169
2024-11-13 07:29:00+00:00,87144.4954442558
2024-11-13 07:30:00+00:00,87128.75719710668
2024-11-13 07:31:00+00:00,87201.25416968102
2024-11-13 07:32:00+00:00,87137.43334265176
2024-11-13 07:33:00+00:00,87057.14022668848
2024-11-13 07:34:00+00:00,87002.96529083431
2024-11-13 07:35:00+00:00,87013.31346618358
2024-11-13 07:36:00+00:00,87096.5167937084
2024-11-13 07:37:00+00:00,87199.24795394154
2024-11-13 07:38:00+00:00,87229.66601708488
2024-11-13 07:39:00+00:00,87314.9806198347
2024-11-13 07:40:00+00:00,87423.26702000703
2024-11-13 07:41:00+00:00,87361.85216704289
2024-11-13 07:42:00+00:00,87295.11801748113
2024-11-13 07:43:00+00:00,87371.570006435
2024-11-13 07:44:00+00:00,87361.64504813477
2024-11-13 07:45:00+00:00,87448.83458666666
2024-11-13 07:46:00+00:00,87379.08647206005
2024-11-13 07:47:00+00:00,87342.52504375864
2024-11-13 07:48:00+00:00,87328.38828290766
2024-11-13 07:49:00+00:00,87392.84979015336
2024-11-13 07:50:00+00:00,87434.11917391304
2024-11-13 07:51:00+00:00,87416.81810120706
2024-11-13 07:52:00+00:00,87388.58085819182
2024-11-13 07:53:00+00:00,87308.20877002827
2024-11-13 07:54:00+00:00,87319.52265943012
2024-11-13 07:55:00+00:00,87392.1649854862
2024-11-13 07:56:00+00:00,87401.0595139607
2024-11-13 07:57:00+00:00,87374.82617449664
2024-11-13 07:58:00+00:00,87315.63899709303
2024-11-13 07:59:00+00:00,87360.15670929242
2024-11-13 08:00:00+00:00,87327.57339403135
2024-11-13 08:01:00+00:00,87274.42337240276
2024-11-13 08:02:00+00:00,87223.83596774194
2024-11-13 08:03:00+00:00,87200.6658129176
2024-11-13 08:04:00+00:00,87199.79719260838
2024-11-13 08:05:00+00:00,87230.59308153477
2024-11-13 08:06:00+00:00,87252.48101405623
2024-11-13 08:07:00+00:00,87320.02449424591
2024-11-13 08:08:00+00:00,87325.56693613582
2024-11-13 08:09:00+00:00,87245.98850985222
2024-11-13 08:10:00+00:00,87203.13972520908
2024-11-13 08:11:00+00:00,87192.98318068276
2024-11-13 08:12:00+00:00,87212.30714819428
2024-11-13 08:13:00+00:00,87205.13201090661
2024-11-13 08:14:00+00:00,87335.90169462365
2024-11-13 08:15:00+00:00,87385.1403651539
2024-11-13 08:16:00+00:00,87426.24344072165
2024-11-13 08:17:00+00:00,87422.1460137457
2024-11-13 08:18:00+00:00,87417.28012039661
2024-11-13 08:19:00+00:00,87352.8446309013
2024-11-13 08:20:00+00:00,87384.86820579616
2024-11-13 08:21:00+00:00,87452.56416775033
2024-11-13 08:22:00+00:00,87505.95283649053
2024-11-13 08:23:00+00:00,87526.01976047904
2024-11-13 08:24:00+00:00,87524.53215141612
2024-11-13 08:25:00+00:00,87514.5086972477
2024-11-13 08:26:00+00:00,87540.78114689265
2024-11-13 08:27:00+00:00,87598.63514563107
2024-11-13 08:28:00+00:00,87555.28092592592
2024-11-13 08:29:00+00:00,87521.74588187039
2024-11-13 08:30:00+00:00,87549.79174159962
2024-11-13 08:31:00+00:00,87555.47245810056
2024-11-13 08:32:00+00:00,87597.81543621399
2024-11-13 08:33:00+00:00,87654.68725577625
2024-11-13 08:34:00+00:00,87606.04887578948
2024-11-13 08:35:00+00:00,87548.49503726287
2024-11-13 08:36:00+00:00,87516.29565983803
2024-11-13 08:37:00+00:00,87553.5928858351
2024-11-13 08:38:00+00:00,87572.81331013916
2024-11-13 08:39:00+00:00,87536.90966756514
2024-11-13 08:40:00+00:00,87477.18533146591
2024-11-13 08:41:00+00:00,87328.25231143553
2024-11-13 08:42:00+00:00,87264.88827827192
2024-11-13 08:43:00+00:00,87213.5818887723
2024-11-13 08:44:00+00:00,87194.60185989349
2024-11-13 08:45:00+00:00,87155.8821363789
2024-11-13 08:46:00+00:00,87161.81665174574
2024-11-13 08:47:00+00:00,87228.42251007484
2024-11-13 08:48:00+00:00,87194.85083938953
2024-11-13 08:49:00+00:00,87221.11115671642
2024-11-13 08:50:00+00:00,87275.36987662782
2024-11-13 08:51:00+00:00,87229.37222996516
2024-11-13 08:52:00+00:00,87186.34253112033
2024-11-13 08:53:00+00:00,87249.82101041029
2024-11-13 08:54:00+00:00,87278.24038495189
2024-11-13 08:55:00+00:00,87274.66115232592
2024-11-13 08:56:00+00:00,87271.18750364963
2024-11-13 08:57:00+00:00,87161.79698221284
2024-11-13 08:58:00+00:00,87191.21912031047
2024-11-13 08:59:00+00:00,87217.44010398613
2024-11-13 09:00:00+00:00,87259.56874951905
2024-11-13 09:01:00+00:00,87242.95667684256
2024-11-13 09:02:00+00:00,87249.02038533484
2024-11-13 09:03:00+00:00,87181.33744490579
2024-11-13 09:04:00+00:00,87108.65978104944
2024-11-13 09:05:00+00:00,87156.65328125
2024-11-13 09:06:00+00:00,87186.4429217337
2024-11-13 09:07:00+00:00,87311.29298128342
2024-11-13 09:08:00+00:00,87311.0718491921
2024-11-13 09:09:00+00:00,87301.63038884192
2024-11-13 09:10:00+00:00,87295.37143307086
2024-11-13 09:11:00+00:00,87331.8678909091
2024-11-13 09:12:00+00:00,87404.37129782834
2024-11-13 09:13:00+00:00,87461.67560415123
2024-11-13 09:14:00+00:00,87521.42923591213
2024-11-13 09:15:00+00:00,87504.67352566504
2024-11-13 09:16:00+00:00,87477.50985213756
2024-11-13 09:17:00+00:00,87480.77701548165
2024-11-13 09:18:00+00:00,87511.68809978769
2024-11-13 09:19:00+00:00,87479.26469982848
2024-11-13 09:20:00+00:00,87482.2273323398
2024-11-13 09:21:00+00:00,87459.21639942218
2024-11-13 09:22:00+00:00,87516.21210942249
2024-11-13 09:23:00+00:00,87505.90916309014
2024-11-13 09:24:00+00:00,87507.03058279371
2024-11-13 09:25:00+00:00,87445.46581942338
2024-11-13 09:26:00+00:00,87460.57405581395
2024-11-13 09:27:00+00:00,87498.45093401885
2024-11-13 09:28:00+00:00,87511.38244794597
2024-11-13 09:29:00+00:00,87493.29142857144
2024-11-13 09:30:00+00:00,87490.53540891146
2024-11-13 09:31:00+00:00,87375.57449191206
2024-11-13 09:32:00+00:00,87322.04399899396
2024-11-13 09:33:00+00:00,87307.91567448681
2024-11-13 09:34:00+00:00,87302.06831868776
2024-11-13 09:35:00+00:00,87260.22763756722
2024-11-13 09:36:00+00:00,87218.94997129437
2024-11-13 09:37:00+00:00,87200.96997957517
2024-11-13 09:38:00+00:00,87244.59599860822
2024-11-13 09:39:00+00:00,87203.02248947122
2024-11-13 09:40:00+00:00,87263.21299377477
2024-11-13 09:41:00+00:00,87335.40856153436
2024-11-13 09:42:00+00:00,87426.89177536232
2024-11-13 09:43:00+00:00,87437.1516399287
2024-11-13 09:44:00+00:00,87408.73627294981
2024-11-13 09:45:00+00:00,87445.81598432909
2024-11-13 09:46:00+00:00,87461.47507328072
2024-11-13 09:47:00+00:00,87460.32266792216
2024-11-13 09:48:00+00:00,87486.27798151001
2024-11-13 09:49:00+00:00,87500.31466141733
2024-11-13 09:50:00+00:00,87519.47058864999
2024-11-13 09:51:00+00:00,87506.28668123862
2024-11-13 09:52:00+00:00,87503.3198705967
2024-11-13 09:53:00+00:00,87460.5013624895
2024-11-13 09:54:00+00:00,87427.12251282051
2024-11-13 09:55:00+00:00,87376.52337541163
2024-11-13 09:56:00+00:00,87374.4530116959
2024-11-13 09:57:00+00:00,87372.63847763644
2024-11-13 09:58:00+00:00,87424.45151886792
2024-11-13 09:59:00+00:00,87409.49178617992
2024-11-13 10:00:00+00:00,87411.77133427629
2024-11-13 10:01:00+00:00,87365.91913067864
2024-11-13 10:02:00+00:00,87407.42462962962
2024-11-13 10:03:00+00:00,87435.18898666668
2024-11-13 10:04:00+00:00,87454.3016425532
2024-11-13 10:05:00+00:00,87412.36898931001
2024-11-13 10:06:00+00:00,87334.62001899334
2024-11-13 10:07:00+00:00,87361.18201042118
2024-11-13 10:08:00+00:00,87323.56519394513
2024-11-13 10:09:00+00:00,87272.50024401266
2024-11-13 10:10:00+00:00,87264.36849145552
2024-11-13 10:11:00+00:00,87217.77722644822
2024-11-13 10:12:00+00:00,87203.62365180468
2024-11-13 10:13:00+00:00,87195.86830290011
2024-11-13 10:14:00+00:00,87202.52587088915
2024-11-13 10:15:00+00:00,87239.79883935151
2024-11-13 10:16:00+00:00,87329.1136292835
2024-11-13 10:17:00+00:00,87284.43287141615
2024-11-13 10:18:00+00:00,87308.55835758835
2024-11-13 10:19:00+00:00,87287.1721724351
2024-11-13 10:20:00+00:00,87339.48725231647
2024-11-13 10:21:00+00:00,87333.7129280397
2024-11-13 10:22:00+00:00,87352.75233094263
2024-11-13 10:23:00+00:00,87316.64915645277
2024-11-13 10:24:00+00:00,87327.92632967033
2024-11-13 10:25:00+00:00,87342.75339855818
2024-11-13 10:26:00+00:00,87322.34663426489
2024-11-13 10:27:00+00:00,87343.94836123349
2024-11-13 10:28:00+00:00,87323.6085374415
2024-11-13 10:29:00+00:00,87340.30278195489
2024-11-13 10:30:00+00:00,87313.34543396225
2024-11-13 10:31:00+00:00,87367.94403462051
2024-11-13 10:32:00+00:00,87374.16044919787
2024-11-13 10:33:00+00:00,87333.48599118943
2024-11-13 10:34:00+00:00,87296.92005623721
2024-11-13 10:35:00+00:00,87222.07665270122
2024-11-13 10:36:00+00:00,87249.04158174097
2024-11-13 10:37:00+00:00,87264.08474541751
2024-11-13 10:38:00+00:00,87220.61405197874
2024-11-13 10:39:00+00:00,87165.61859641451
2024-11-13 10:40:00+00:00,87167.24740606062
2024-11-13 10:41:00+00:00,87155.34387320456
2024-11-13 10:42:00+00:00,87162.87919183674
2024-11-13 10:43:00+00:00,87163.11378609626
2024-11-13 10:44:00+00:00,87170.99725431806
2024-11-13 10:45:00+00:00,87180.3375562701
2024-11-13 10:46:00+00:00,87189.96120967742
2024-11-13 10:47:00+00:00,87248.95064204045
2024-11-13 10:48:00+00:00,87328.41138020833
2024-11-13 10:49:00+00:00,87338.73807446808
2024-11-13 10:50:00+00:00,87360.25400204185
2024-11-13 10:51:00+00:00,87501.44530553969
2024-11-13 10:52:00+00:00,87530.0718523316
2024-11-13 10:53:00+00:00,87511.03291647004
2024-11-13 10:54:00+00:00,87488.96746478873
2024-11-13 10:55:00+00:00,87430.55455357143
2024-11-13 10:56:00+00:00,87485.108546471
2024-11-13 10:57:00+00:00,87511.02753286148
2024-11-13 10:58:00+00:00,87530.08925187032
2024-11-13 10:59:00+00:00,87525.75285848172
2024-11-13 11:00:00+00:00,87525.82443920335
2024-11-13 11:01:00+00:00,87500.77491838955
2024-11-13 11:02:00+00:00,87518.86243449782
2024-11-13 11:03:00+00:00,87514.64503363914
2024-11-13 11:04:00+00:00,87543.41386856788
2024-11-13 11:05:00+00:00,87566.3166380894
2024-11-13 11:06:00+00:00,87504.22380017079
2024-11-13 11:07:00+00:00,87496.61745356038
2024-11-13 11:08:00+00:00,87504.6570710572
2024-11-13 11:09:00+00:00,87515.00494450051
2024-11-13 11:10:00+00:00,87522.73927536233
2024-11-13 11:11:00+00:00,87560.52970810811
2024-11-13 11:12:00+00:00,87586.07212882098
2024-11-13 11:13:00+00:00,87733.29827714535
2024-11-13 11:14:00+00:00,87848.69629443128
2024-11-13 11:15:00+00:00,87907.46616138762
2024-11-13 11:16:00+00:00,87867.09823118697
2024-11-13 11:17:00+00:00,87904.4223942626
2024-11-13 11:18:00+00:00,88025.37449173015
2024-11-13 11:19:00+00:00,87986.21261160714
2024-11-13 11:20:00+00:00,87874.20550857842
2024-11-13 11:21:00+00:00,87824.38624028691
2024-11-13 11:22:00+00:00,87743.29148237179
2024-11-13 11:23:00+00:00,87691.28225444957
2024-11-13 11:24:00+00:00,87571.52524577166
2024-11-13 11:25:00+00:00,87572.75797823798
2024-11-13 11:26:00+00:00,87507.65384253819
2024-11-13 11:27:00+00:00,87526.21147721822
2024-11-13 11:28:00+00:00,87555.39336453743
2024-11-13 11:29:00+00:00,87629.0005324232
2024-11-13 11:30:00+00:00,87607.22442641298
2024-11-13 11:31:00+00:00,87573.71360350492
2024-11-13 11:32:00+00:00,87605.21136287626
2024-11-13 11:33:00+00:00,87665.11895211267
2024-11-13 11:34:00+00:00,87712.99872116018
2024-11-13 11:35:00+00:00,87724.13261445118
2024-11-13 11:36:00+00:00,87773.6675644142
2024-11-13 11:37:00+00:00,87810.25537539937
2024-11-13 11:38:00+00:00,87756.30156090445
2024-11-13 11:39:00+00:00,87681.33899792099
2024-11-13 11:40:00+00:00,87711.13313626531
2024-11-13 11:41:00+00:00,87680.66334943639
2024-11-13 11:42:00+00:00,87692.73317393588
2024-11-13 11:43:00+00:00,87664.22274193547
2024-11-13 11:44:00+00:00,87706.67335519126
2024-11-13 11:45:00+00:00,87726.90492581604
2024-11-13 11:46:00+00:00,87714.58954732511
2024-11-13 11:47:00+00:00,87736.02403482587
2024-11-13 11:48:00+00:00,87724.34729946524
2024-11-13 11:49:00+00:00,87729.85405263158
2024-11-13 11:50:00+00:00,87775.85733888889
2024-11-13 11:51:00+00:00,87779.14217391305
2024-11-13 11:52:00+00:00,87792.93682227682
2024-11-13 11:53:00+00:00,87799.60969055374
2024-11-13 11:54:00+00:00,87774.50249999999
2024-11-13 11:55:00+00:00,87769.24801836266
2024-11-13 11:56:00+00:00,87673.41599503721
2024-11-13 11:57:00+00:00,87622.24906724512
2024-11-13 11:58:00+00:00,87689.52561023622
2024-11-13 11:59:00+00:00,87676.51440133037
2024-11-13 12:00:00+00:00,87676.86175721562
2024-11-13 12:01:00+00:00,87627.86617486339
2024-11-13 12:02:00+00:00,87699.57445887446
2024-11-13 12:03:00+00:00,87705.07320450885
2024-11-13 12:04:00+00:00,87661.66944416371
2024-11-13 12:05:00+00:00,87692.45030062394
2024-11-13 12:06:00+00:00,87683.14305242203
2024-11-13 12:07:00+00:00,87677.24892633228
2024-11-13 12:08:00+00:00,87664.71597921662
2024-11-13 12:09:00+00:00,87624.58961772373
2024-11-13 12:10:00+00:00,87618.33565186751
2024-11-13 12:11:00+00:00,87588.59525356125
2024-11-13 12:12:00+00:00,87530.99740235294
2024-11-13 12:13:00+00:00,87574.20715707964
2024-11-13 12:14:00+00:00,87647.21615520283
2024-11-13 12:15:00+00:00,87663.50071387115
2024-11-13 12:16:00+00:00,87623.3444065282
2024-11-13 12:17:00+00:00,87606.52118066562
2024-11-13 12:18:00+00:00,87562.47897058823
2024-11-13 12:19:00+00:00,87548.22528580604
2024-11-13 12:20:00+00:00,87598.71004975124
2024-11-13 12:21:00+00:00,87612.46361988848
2024-11-13 12:22:00+00:00,87664.85886058034
2024-11-13 12:23:00+00:00,87653.7627672956
2024-11-13 12:24:00+00:00,87719.39914795244
2024-11-13 12:25:00+00:00,87758.4810958904
2024-11-13 12:26:00+00:00,87783.21757217847
2024-11-13 12:27:00+00:00,87798.31782752901
2024-11-13 12:28:00+00:00,87803.46425204918
2024-11-13 12:29:00+00:00,87767.3636431624
2024-11-13 12:30:00+00:00,87734.8232839963
2024-11-13 12:31:00+00:00,87674.52359874044
2024-11-13 12:32:00+00:00,87609.85290693221
2024-11-13 12:33:00+00:00,87628.14553107096
2024-11-13 12:34:00+00:00,87682.46253561253
2024-11-13 12:35:00+00:00,87754.25821349383
2024-11-13 12:36:00+00:00,87863.77671823568
2024-11-13 12:37:00+00:00,87824.22729241877
2024-11-13 12:38:00+00:00,87834.1726681741
2024-11-13 12:39:00+00:00,87881.96998480243
2024-11-13 12:40:00+00:00,87939.61481494414
2024-11-13 12:41:00+00:00,87937.51904203821
2024-11-13 12:42:00+00:00,87932.37941697417
2024-11-13 12:43:00+00:00,87896.54962246778
2024-11-13 12:44:00+00:00,87931.00663398694
2024-11-13 12:45:00+00:00,87925.99373466606
2024-11-13 12:46:00+00:00,87881.47739185348
2024-11-13 12:47:00+00:00,87870.22191462168
2024-11-13 12:48:00+00:00,87917.97479940565
2024-11-13 12:49:00+00:00,87939.11066640222
2024-11-13 12:50:00+00:00,87906.38912334353
2024-11-13 12:51:00+00:00,87868.82472039474
2024-11-13 12:52:00+00:00,87822.5540008058
2024-11-13 12:53:00+00:00,87825.773654102
2024-11-13 12:54:00+00:00,87760.55221472394
2024-11-13 12:55:00+00:00,87756.21520337682
2024-11-13 12:56:00+00:00,87733.9250397351
2024-11-13 12:57:00+00:00,87755.86386149585
2024-11-13 12:58:00+00:00,87674.89601668404
2024-11-13 12:59:00+00:00,87660.44985428051
2024-11-13 13:00:00+00:00,87616.1505433901
2024-11-13 13:01:00+00:00,87666.45805138149
2024-11-13 13:02:00+00:00,87707.10711538461
2024-11-13 13:03:00+00:00,87692.4298051948
2024-11-13 13:04:00+00:00,87710.13318918919
2024-11-13 13:05:00+00:00,87697.82731126597
2024-11-13 13:06:00+00:00,87682.92409365559
2024-11-13 13:07:00+00:00,87696.2996700707
2024-11-13 13:08:00+00:00,87658.39334494773
2024-11-13 13:09:00+00:00,87613.57545284198
2024-11-13 13:10:00+00:00,87598.90145454546
2024-11-13 13:11:00+00:00,87610.77014973958
2024-11-13 13:12:00+00:00,87595.16959503593
2024-11-13 13:13:00+00:00,87617.72208255158
2024-11-13 13:14:00+00:00,87650.57314285713
2024-11-13 13:15:00+00:00,87689.98042517007
2024-11-13 13:16:00+00:00,87714.92879781421
2024-11-13 13:17:00+00:00,87738.96493049877
2024-11-13 13:18:00+00:00,87779.25706144256
2024-11-13 13:19:00+00:00,87779.44302025784
2024-11-13 13:20:00+00:00,87820.56514734022
2024-11-13 13:21:00+00:00,87882.17857420609
2024-11-13 13:22:00+00:00,87929.43342971087
2024-11-13 13:23:00+00:00,88034.16067349349
2024-11-13 13:24:00+00:00,88057.95672527474
2024-11-13 13:25:00+00:00,88146.90674397859
2024-11-13 13:26:00+00:00,88165.45589807475
2024-11-13 13:27:00+00:00,88207.59280348144
2024-11-13 13:28:00+00:00,88306.62433263453
2024-11-13 13:29:00+00:00,88261.8705546875
2024-11-13 13:30:00+00:00,88544.59529504552
2024-11-13 13:31:00+00:00,88686.16234935165
2024-11-13 13:32:00+00:00,88513.60567347886
2024-11-13 13:33:00+00:00,88348.64680924854
2024-11-13 13:34:00+00:00,88440.22676015327
2024-11-13 13:35:00+00:00,88473.38890356342
2024-11-13 13:36:00+00:00,88434.94825926835
2024-11-13 13:37:00+00:00,88387.62516993645
2024-11-13 13:38:00+00:00,88451.33616530157
2024-11-13 13:39:00+00:00,88618.68282280746
2024-11-13 13:40:00+00:00,88684.72330111684
2024-11-13 13:41:00+00:00,88803.31763942933
2024-11-13 13:42:00+00:00,88903.09130867709
2024-11-13 13:43:00+00:00,88963.53576712629
2024-11-13 13:44:00+00:00,89045.04469035365
2024-11-13 13:45:00+00:00,89040.44864366163
2024-11-13 13:46:00+00:00,89214.69040576262
2024-11-13 13:47:00+00:00,89398.38140676373
2024-11-13 13:48:00+00:00,89582.88520799422
2024-11-13 13:49:00+00:00,89642.67087340097
2024-11-13 13:50:00+00:00,89541.81522487437
2024-11-13 13:51:00+00:00,89381.02731591811
2024-11-13 13:52:00+00:00,89317.40423008146
2024-11-13 13:53:00+00:00,89445.61758529111
2024-11-13 13:54:00+00:00,89393.13544101124
2024-11-13 13:55:00+00:00,89279.97380815347
2024-11-13 13:56:00+00:00,88979.90918364697
2024-11-13 13:57:00+00:00,88913.13072485206
2024-11-13 13:58:00+00:00,88985.03206060607
2024-11-13 13:59:00+00:00,89167.10615895732
2024-11-13 14:00:00+00:00,89065.93172527195
2024-11-13 14:01:00+00:00,88916.69730161864
2024-11-13 14:02:00+00:00,88756.1321878897
2024-11-13 14:03:00+00:00,88854.84059171597
2024-11-13 14:04:00+00:00,88954.76222689076
2024-11-13 14:05:00+00:00,89037.18633810423
2024-11-13 14:06:00+00:00,89192.18551905795
2024-11-13 14:07:00+00:00,89452.50027228091
2024-11-13 14:08:00+00:00,89564.48656972543
2024-11-13 14:09:00+00:00,89495.97119148937
2024-11-13 14:10:00+00:00,89439.84765743073
2024-11-13 14:11:00+00:00,89363.47226997672
2024-11-13 14:12:00+00:00,89407.09237040527
2024-11-13 14:13:00+00:00,89407.07203554723
2024-11-13 14:14:00+00:00,89420.53480566075
2024-11-13 14:15:00+00:00,89429.59115365613
2024-11-13 14:16:00+00:00,89477.16135658915
2024-11-13 14:17:00+00:00,89481.14250592545
2024-11-13 14:18:00+00:00,89510.26102796674
2024-11-13 14:19:00+00:00,89560.01583234244
2024-11-13 14:20:00+00:00,89694.1316529222
2024-11-13 14:21:00+00:00,89707.40280609256
2024-11-13 14:22:00+00:00,89478.16311136624
2024-11-13 14:23:00+00:00,89488.25778658738
2024-11-13 14:24:00+00:00,89606.27280227595
2024-11-13 14:25:00+00:00,89706.64482488367
2024-11-13 14:26:00+00:00,89712.65496635693
2024-11-13 14:27:00+00:00,89752.0587599025
2024-11-13 14:28:00+00:00,89798.80870519858
2024-11-13 14:29:00+00:00,89829.58016032063
2024-11-13 14:30:00+00:00,89711.5927792672
2024-11-13 14:31:00+00:00,90081.58132830646
2024-11-13 14:32:00+00:00,90375.60098459777
2024-11-13 14:33:00+00:00,90758.29260905205
2024-11-13 14:34:00+00:00,90759.48366170231
2024-11-13 14:35:00+00:00,90653.94473191952
2024-11-13 14:36:00+00:00,90233.24057980387
2024-11-13 14:37:00+00:00,90252.85560827408
2024-11-13 14:38:00+00:00,90269.59435777056
2024-11-13 14:39:00+00:00,90391.58691692735
2024-11-13 14:40:00+00:00,90630.0568107105
2024-11-13 14:41:00+00:00,90748.5498417382
2024-11-13 14:42:00+00:00,90813.82363997925
2024-11-13 14:43:00+00:00,90801.63182458612
2024-11-13 14:44:00+00:00,90838.74259330884
2024-11-13 14:45:00+00:00,90717.68182949889
2024-11-13 14:46:00+00:00,90599.98391779966
2024-11-13 14:47:00+00:00,90761.09577114428
2024-11-13 14:48:00+00:00,90810.97667708334
2024-11-13 14:49:00+00:00,90759.45247465809
2024-11-13 14:50:00+00:00,90896.8383594319
2024-11-13 14:51:00+00:00,91259.94520619983
2024-11-13 14:52:00+00:00,91544.34770111651
2024-11-13 14:53:00+00:00,91648.15592908944
2024-11-13 14:54:00+00:00,91591.76673373728
2024-11-13 14:55:00+00:00,91439.86976872965
2024-11-13 14:56:00+00:00,91474.97956449744
2024-11-13 14:57:00+00:00,91535.58183271832
2024-11-13 14:58:00+00:00,91564.12962168062
2024-11-13 14:59:00+00:00,91512.41146891651
2024-11-13 15:00:00+00:00,91293.12454619883
2024-11-13 15:01:00+00:00,91288.35116235733
2024-11-13 15:02:00+00:00,91134.94066988533
2024-11-13 15:03:00+00:00,90818.19915575866
2024-11-13 15:04:00+00:00,90810.4737729946
2024-11-13 15:05:00+00:00,90834.81173336798
2024-11-13 15:06:00+00:00,90749.25660599112
2024-11-13 15:07:00+00:00,90532.56340802675
2024-11-13 15:08:00+00:00,90699.96246621056
2024-11-13 15:09:00+00:00,90836.03648430356
2024-11-13 15:10:00+00:00,91076.67673502704
2024-11-13 15:11:00+00:00,91226.05600861556
2024-11-13 15:12:00+00:00,91280.42339989671
2024-11-13 15:13:00+00:00,91274.6763162293
2024-11-13 15:14:00+00:00,91185.96866254265
2024-11-13 15:15:00+00:00,91159.52343492291
2024-11-13 15:16:00+00:00,91141.6516845283
2024-11-13 15:17:00+00:00,91196.27039081475
2024-11-13 15:18:00+00:00,91372.42068340306
2024-11-13 15:19:00+00:00,91454.99405709993
2024-11-13 15:20:00+00:00,91449.01641109744
2024-11-13 15:21:00+00:00,91599.93615758557
2024-11-13 15:22:00+00:00,91567.8164166804
2024-11-13 15:23:00+00:00,91705.15306245435
2024-11-13 15:24:00+00:00,91776.85193955207
2024-11-13 15:25:00+00:00,91626.49686217008
2024-11-13 15:26:00+00:00,91632.88977237721
2024-11-13 15:27:00+00:00,91633.3900150118
2024-11-13 15:28:00+00:00,91715.58970067196
2024-11-13 15:29:00+00:00,91746.3431147541
2024-11-13 15:30:00+00:00,91831.46834301815
2024-11-13 15:31:00+00:00,91650.52290469462
2024-11-13 15:32:00+00:00,91546.71101274052
2024-11-13 15:33:00+00:00,91462.22697994109
2024-11-13 15:34:00+00:00,91542.96713516631
2024-11-13 15:35:00+00:00,91365.80495503337
2024-11-13 15:36:00+00:00,91483.01478342309
2024-11-13 15:37:00+00:00,91569.35875227273
2024-11-13 15:38:00+00:00,91487.67236529318
2024-11-13 15:39:00+00:00,91392.84651243781
2024-11-13 15:40:00+00:00,91235.82506024097
2024-11-13 15:41:00+00:00,91348.62181535648
2024-11-13 15:42:00+00:00,91618.26521465743
2024-11-13 15:43:00+00:00,91778.72071055381
2024-11-13 15:44:00+00:00,91915.9403769066
2024-11-13 15:45:00+00:00,92041.88057242529
2024-11-13 15:46:00+00:00,92229.97101789831
2024-11-13 15:47:00+00:00,92344.04221042109
2024-11-13 15:48:00+00:00,92507.91796613506
2024-11-13 15:49:00+00:00,92438.72783155626
2024-11-13 15:50:00+00:00,92457.98971021321
2024-11-13 15:51:00+00:00,92418.64874712113
2024-11-13 15:52:00+00:00,92251.02182559598
2024-11-13 15:53:00+00:00,92213.00588855422
2024-11-13 15:54:00+00:00,92333.6368083447
2024-11-13 15:55:00+00:00,92504.37577237282
2024-11-13 15:56:00+00:00,92490.37637595553
2024-11-13 15:57:00+00:00,92537.26834465409
2024-11-13 15:58:00+00:00,92611.76151597092
2024-11-13 15:59:00+00:00,92532.95333212866
2024-11-13 16:00:00+00:00,92544.04853385463
2024-11-13 16:01:00+00:00,92489.40004578154
2024-11-13 16:02:00+00:00,92491.66384283402
2024-11-13 16:03:00+00:00,92551.40400960133
2024-11-13 16:04:00+00:00,92502.5529003099
2024-11-13 16:05:00+00:00,92272.71428204689
2024-11-13 16:06:00+00:00,92398.43048973786
2024-11-13 16:07:00+00:00,92490.97827613942
2024-11-13 16:08:00+00:00,92523.95169612636
2024-11-13 16:09:00+00:00,92610.0825024178
2024-11-13 16:10:00+00:00,92660.24888867995
2024-11-13 16:11:00+00:00,92872.84307418112
2024-11-13 16:12:00+00:00,93025.60560228082
2024-11-13 16:13:00+00:00,93156.2003902663
2024-11-13 16:14:00+00:00,93139.3504041421
2024-11-13 16:15:00+00:00,93124.4300571356
2024-11-13 16:16:00+00:00,93068.20746565609
2024-11-13 16:17:00+00:00,92877.5420285841
2024-11-13 16:18:00+00:00,92780.15889496233
2024-11-13 16:19:00+00:00,92885.60283687944
2024-11-13 16:20:00+00:00,92938.55468978806
2024-11-13 16:21:00+00:00,92931.78468103905
2024-11-13 16:22:00+00:00,92843.68752986022
2024-11-13 16:23:00+00:00,92857.85807444667
2024-11-13 16:24:00+00:00,92941.45177476
2024-11-13 16:25:00+00:00,92867.78366652117
2024-11-13 16:26:00+00:00,92711.94662040992
2024-11-13 16:27:00+00:00,92710.26521638331
2024-11-13 16:28:00+00:00,92909.44774548657
2024-11-13 16:29:00+00:00,92886.83871854209
2024-11-13 16:30:00+00:00,92932.9406271777
2024-11-13 16:31:00+00:00,92817.9054704861
2024-11-13 16:32:00+00:00,92677.96219860973
2024-11-13 16:33:00+00:00,92562.45050895588
2024-11-13 16:34:00+00:00,92397.91764075067
2024-11-13 16:35:00+00:00,92362.89695318698
2024-11-13 16:36:00+00:00,92186.90835049962
2024-11-13 16:37:00+00:00,91967.74832875606
2024-11-13 16:38:00+00:00,92148.94988013699
2024-11-13 16:39:00+00:00,91914.85471134805
2024-11-13 16:40:00+00:00,91750.60940394684
2024-11-13 16:41:00+00:00,91730.61730150919
2024-11-13 16:42:00+00:00,91780.12597566214
2024-11-13 16:43:00+00:00,91628.41546477289
2024-11-13 16:44:00+00:00,91768.48101752403
2024-11-13 16:45:00+00:00,91989.51444296323
2024-11-13 16:46:00+00:00,92030.95470748919
2024-11-13 16:47:00+00:00,92180.73758317261
2024-11-13 16:48:00+00:00,92280.70958368377
2024-11-13 16:49:00+00:00,92326.7925617284
2024-11-13 16:50:00+00:00,92402.58202963797
2024-11-13 16:51:00+00:00,92435.63382804352
2024-11-13 16:52:00+00:00,92289.25429256595
2024-11-13 16:53:00+00:00,92316.68576267433
2024-11-13 16:54:00+00:00,92369.47131240822
2024-11-13 16:55:00+00:00,92301.22824203188
2024-11-13 16:56:00+00:00,92332.34502925606
2024-11-13 16:57:00+00:00,92216.51364834674
2024-11-13 16:58:00+00:00,92284.0195902931
2024-11-13 16:59:00+00:00,92309.96402204724
2024-11-13 17:00:00+00:00,92301.55048710603
2024-11-13 17:01:00+00:00,92462.2949897471
2024-11-13 17:02:00+00:00,92453.72299303483
2024-11-13 17:03:00+00:00,92636.09713629773
2024-11-13 17:04:00+00:00,92592.01824635456
2024-11-13 17:05:00+00:00,92658.73934290581
2024-11-13 17:06:00+00:00,92763.74956395349
2024-11-13 17:07:00+00:00,92666.56798217696
2024-11-13 17:08:00+00:00,92677.37300728155
2024-11-13 17:09:00+00:00,92519.69186915888
2024-11-13 17:10:00+00:00,92502.9706178258
2024-11-13 17:11:00+00:00,92534.74234422363
2024-11-13 17:12:00+00:00,92574.11287181186
2024-11-13 17:13:00+00:00,92678.39347614707
2024-11-13 17:14:00+00:00,92708.10849621061
2024-11-13 17:15:00+00:00,92728.71718037319
2024-11-13 17:16:00+00:00,92770.80345425867
2024-11-13 17:17:00+00:00,92670.20281465746
2024-11-13 17:18:00+00:00,92676.85324922533
2024-11-13 17:19:00+00:00,92587.31120142744
2024-11-13 17:20:00+00:00,92462.12492063493
2024-11-13 17:21:00+00:00,92268.7856934629
2024-11-13 17:22:00+00:00,92223.11926829269
2024-11-13 17:23:00+00:00,92250.2744002258
2024-11-13 17:24:00+00:00,92327.68034371643
2024-11-13 17:25:00+00:00,92316.460503924
2024-11-13 17:26:00+00:00,92328.95677083333
2024-11-13 17:27:00+00:00,92304.91055075593
2024-11-13 17:28:00+00:00,92307.53429341069
2024-11-13 17:29:00+00:00,92250.74440305635
2024-11-13 17:30:00+00:00,92097.16087493143
2024-11-13 17:31:00+00:00,92070.01559096946
2024-11-13 17:32:00+00:00,92073.01951741158
2024-11-13 17:33:00+00:00,91999.54036283799
2024-11-13 17:34:00+00:00,92070.21446438746
2024-11-13 17:35:00+00:00,92215.1631078861
2024-11-13 17:36:00+00:00,92207.64399205561
2024-11-13 17:37:00+00:00,92068.8892305296
2024-11-13 17:38:00+00:00,92076.09124625749
2024-11-13 17:39:00+00:00,92149.63185499422
2024-11-13 17:40:00+00:00,92025.34642630744
2024-11-13 17:41:00+00:00,91957.09217830352
2024-11-13 17:42:00+00:00,91883.41138519924
2024-11-13 17:43:00+00:00,91939.62945975148
2024-11-13 17:44:00+00:00,91885.20439670139
2024-11-13 17:45:00+00:00,91860.80859110995
2024-11-13 17:46:00+00:00,91864.59594985784
2024-11-13 17:47:00+00:00,91811.6137847563
2024-11-13 17:48:00+00:00,91951.24249218528
2024-11-13 17:49:00+00:00,92036.78957763474
2024-11-13 17:50:00+00:00,92072.02543520309
2024-11-13 17:51:00+00:00,92086.75785762559
2024-11-13 17:52:00+00:00,92081.95426189508
2024-11-13 17:53:00+00:00,92117.45667169812
2024-11-13 17:54:00+00:00,92163.29262243287
2024-11-13 17:55:00+00:00,92209.6183717893
2024-11-13 17:56:00+00:00,92122.67343508168
2024-11-13 17:57:00+00:00,92128.9839022498
2024-11-13 17:58:00+00:00,92127.71651556957
2024-11-13 17:59:00+00:00,92116.13212444444
2024-11-13 18:00:00+00:00,92226.02065071369
2024-11-13 18:01:00+00:00,92205.95216258631
2024-11-13 18:02:00+00:00,92355.73779251169
2024-11-13 18:03:00+00:00,92393.66357970027
2024-11-13 18:04:00+00:00,92433.10925662317
2024-11-13 18:05:00+00:00,92422.63313131314
2024-11-13 18:06:00+00:00,92351.77015096619
2024-11-13 18:07:00+00:00,92355.33398264642
2024-11-13 18:08:00+00:00,92289.48983224604
2024-11-13 18:09:00+00:00,92282.55302961275
2024-11-13 18:10:00+00:00,92341.7599415774
2024-11-13 18:11:00+00:00,92392.26089980354
2024-11-13 18:12:00+00:00,92343.79195269382
2024-11-13 18:13:00+00:00,92393.7258349452
2024-11-13 18:14:00+00:00,92371.4133262891
2024-11-13 18:15:00+00:00,92390.30183127572
2024-11-13 18:16:00+00:00,92339.13710377768
2024-11-13 18:17:00+00:00,92182.20208019127
2024-11-13 18:18:00+00:00,92140.21523306948
2024-11-13 18:19:00+00:00,92276.54243395562
2024-11-13 18:20:00+00:00,92566.61310106138
2024-11-13 18:21:00+00:00,92659.69338926175
2024-11-13 18:22:00+00:00,92722.1451676582
2024-11-13 18:23:00+00:00,92768.45777825343
2024-11-13 18:24:00+00:00,92730.5658918262
2024-11-13 18:25:00+00:00,92643.7115240128
2024-11-13 18:26:00+00:00,92566.2749646931
2024-11-13 18:27:00+00:00,92614.71769859282
2024-11-13 18:28:00+00:00,92648.45397277227
2024-11-13 18:29:00+00:00,92612.1163571108
2024-11-13 18:30:00+00:00,92670.90155879363
2024-11-13 18:31:00+00:00,92640.20874090477
2024-11-13 18:32:00+00:00,92721.17517720307
2024-11-13 18:33:00+00:00,92657.2996385542
2024-11-13 18:34:00+00:00,92687.41219926199
2024-11-13 18:35:00+00:00,92622.2864573991
2024-11-13 18:36:00+00:00,92598.04415584415
2024-11-13 18:37:00+00:00,92584.63745011971
2024-11-13 18:38:00+00:00,92631.79875470407
2024-11-13 18:39:00+00:00,92497.1094512377
2024-11-13 18:40:00+00:00,92385.3353327311
2024-11-13 18:41:00+00:00,92414.62916282642
2024-11-13 18:42:00+00:00,92565.89611781076
2024-11-13 18:43:00+00:00,92650.78753766477
2024-11-13 18:44:00+00:00,92680.66340898116
2024-11-13 18:45:00+00:00,92720.17919768405
2024-11-13 18:46:00+00:00,92642.51376920329
2024-11-13 18:47:00+00:00,92620.75724721604
2024-11-13 18:48:00+00:00,92774.8537083547
2024-11-13 18:49:00+00:00,92939.58031312356
2024-11-13 18:50:00+00:00,92995.3530873494
2024-11-13 18:51:00+00:00,92993.71615869484
2024-11-13 18:52:00+00:00,92963.62117971714
2024-11-13 18:53:00+00:00,93042.257154047
2024-11-13 18:54:00+00:00,93095.61970323065
2024-11-13 18:55:00+00:00,93089.12575817251
2024-11-13 18:56:00+00:00,93026.03654666666
2024-11-13 18:57:00+00:00,92882.98727497936
2024-11-13 18:58:00+00:00,92782.4906508079
2024-11-13 18:59:00+00:00,92817.68282594524
2024-11-13 19:00:00+00:00,92804.02431716751
2024-11-13 19:01:00+00:00,92639.86401123596
2024-11-13 19:02:00+00:00,92593.21913491897
2024-11-13 19:03:00+00:00,92420.13233100629
2024-11-13 19:04:00+00:00,92268.27815631744
2024-11-13 19:05:00+00:00,91888.64079323059
2024-11-13 19:06:00+00:00,91876.18012063377
2024-11-13 19:07:00+00:00,91543.6399482286
2024-11-13 19:08:00+00:00,91574.60431155779
2024-11-13 19:09:00+00:00,91690.56517638589
2024-11-13 19:10:00+00:00,91351.74635655414
2024-11-13 19:11:00+00:00,91321.58927655025
2024-11-13 19:12:00+00:00,91207.63478065803
2024-11-13 19:13:00+00:00,91077.76614032769
2024-11-13 19:14:00+00:00,90962.03292124945
2024-11-13 19:15:00+00:00,91149.88243911174
2024-11-13 19:16:00+00:00,91189.02530747837
2024-11-13 19:17:00+00:00,90934.13624406175
2024-11-13 19:18:00+00:00,90656.02212585202
2024-11-13 19:19:00+00:00,90380.07492987771
2024-11-13 19:20:00+00:00,90365.38010202924
2024-11-13 19:21:00+00:00,90733.38001437469
2024-11-13 19:22:00+00:00,91050.34558156173
2024-11-13 19:23:00+00:00,91151.03957748476
2024-11-13 19:24:00+00:00,91218.10471943616
2024-11-13 19:25:00+00:00,91021.39415420697
2024-11-13 19:26:00+00:00,90793.54918494898
2024-11-13 19:27:00+00:00,90488.76959197476
2024-11-13 19:28:00+00:00,90483.7183511254
2024-11-13 19:29:00+00:00,90875.75331362242
2024-11-13 19:30:00+00:00,91033.58646706586
2024-11-13 19:31:00+00:00,90824.19861158566
2024-11-13 19:32:00+00:00,90776.30627510848
2024-11-13 19:33:00+00:00,90767.71209423234
2024-11-13 19:34:00+00:00,90398.47436516405
2024-11-13 19:35:00+00:00,90195.10150211194
2024-11-13 19:36:00+00:00,90111.70399263351
2024-11-13 19:37:00+00:00,90232.42255770817
2024-11-13 19:38:00+00:00,90485.08767321456
2024-11-13 19:39:00+00:00,90420.66483078859
2024-11-13 19:40:00+00:00,90159.02895898605
2024-11-13 19:41:00+00:00,90228.18714360587
2024-11-13 19:42:00+00:00,90089.16282825278
2024-11-13 19:43:00+00:00,90082.12768954918
2024-11-13 19:44:00+00:00,90465.17064028994
2024-11-13 19:45:00+00:00,90770.39223689877
2024-11-13 19:46:00+00:00,90778.22003700849
2024-11-13 19:47:00+00:00,90812.54651095635
2024-11-13 19:48:00+00:00,90773.39743146498
2024-11-13 19:49:00+00:00,90663.05651025056
2024-11-13 19:50:00+00:00,90670.97951268224
2024-11-13 19:51:00+00:00,90715.68705139567
2024-11-13 19:52:00+00:00,90624.77392849357
2024-11-13 19:53:00+00:00,90565.8825680866
2024-11-13 19:54:00+00:00,90719.3330339666
2024-11-13 19:55:00+00:00,90432.93040583275
2024-11-13 19:56:00+00:00,90299.26855384617
2024-11-13 19:57:00+00:00,90252.72013909378
2024-11-13 19:58:00+00:00,90401.11496975485
2024-11-13 19:59:00+00:00,90242.38067324954
2024-11-13 20:00:00+00:00,90061.28783129752
2024-11-13 20:01:00+00:00,89881.16743322475
2024-11-13 20:02:00+00:00,89566.26790124622
2024-11-13 20:03:00+00:00,89477.63303323086
2024-11-13 20:04:00+00:00,89443.83709173455
2024-11-13 20:05:00+00:00,89660.32013043479
2024-11-13 20:06:00+00:00,89775.36754423774
2024-11-13 20:07:00+00:00,90077.70956337031
2024-11-13 20:08:00+00:00,90288.24305925316
2024-11-13 20:09:00+00:00,90453.3077936146
2024-11-13 20:10:00+00:00,90485.34549913807
2024-11-13 20:11:00+00:00,90533.02756853933
2024-11-13 20:12:00+00:00,90561.46442408377
2024-11-13 20:13:00+00:00,90729.09580096189
2024-11-13 20:14:00+00:00,90743.41405564063
2024-11-13 20:15:00+00:00,90748.89660168195
2024-11-13 20:16:00+00:00,90780.79323049235
2024-11-13 20:17:00+00:00,90858.5626405254
2024-11-13 20:18:00+00:00,90666.00714729753
2024-11-13 20:19:00+00:00,90691.88191957511
2024-11-13 20:20:00+00:00,90857.25917654531
2024-11-13 20:21:00+00:00,90843.76311498399
2024-11-13 20:22:00+00:00,90795.97803663423
2024-11-13 20:23:00+00:00,90848.11380149079
2024-11-13 20:24:00+00:00,90801.30601684103
2024-11-13 20:25:00+00:00,90789.09650184342
2024-11-13 20:26:00+00:00,90757.79011866028
2024-11-13 20:27:00+00:00,90622.53436675461
2024-11-13 20:28:00+00:00,90520.29633907363
2024-11-13 20:29:00+00:00,90561.2210315355
2024-11-13 20:30:00+00:00,90620.91572501253
2024-11-13 20:31:00+00:00,90621.66530762166
2024-11-13 20:32:00+00:00,90756.52256027555
2024-11-13 20:33:00+00:00,90835.77655551037
2024-11-13 20:34:00+00:00,90999.5190627253
2024-11-13 20:35:00+00:00,91019.63552080706
2024-11-13 20:36:00+00:00,91058.93814022874
2024-11-13 20:37:00+00:00,90975.35760430995
2024-11-13 20:38:00+00:00,90934.9825590872
2024-11-13 20:39:00+00:00,90907.66508499096
2024-11-13 20:40:00+00:00,90905.51880415561
2024-11-13 20:41:00+00:00,90880.69839936608
2024-11-13 20:42:00+00:00,90794.50062696822
2024-11-13 20:43:00+00:00,90647.7752653438
2024-11-13 20:44:00+00:00,90733.29217509026
2024-11-13 20:45:00+00:00,90711.53503977724
2024-11-13 20:46:00+00:00,90657.24554120013
2024-11-13 20:47:00+00:00,90579.05617318436
2024-11-13 20:48:00+00:00,90557.66089923726
2024-11-13 20:49:00+00:00,90499.50811862836
2024-11-13 20:50:00+00:00,90448.36805596465
2024-11-13 20:51:00+00:00,90376.10901574804
2024-11-13 20:52:00+00:00,90401.66652679474
2024-11-13 20:53:00+00:00,90305.08220841299
2024-11-13 20:54:00+00:00,90123.56440687517
2024-11-13 20:55:00+00:00,89986.82039287584
2024-11-13 20:56:00+00:00,89877.37506314582
2024-11-13 20:57:00+00:00,89726.0164738897
2024-11-13 20:58:00+00:00,89620.71036946903
2024-11-13 20:59:00+00:00,89677.35240856739
2024-11-13 21:00:00+00:00,89719.86070901035
2024-11-13 21:01:00+00:00,89526.65912173914
2024-11-13 21:02:00+00:00,89539.6237115022
2024-11-13 21:03:00+00:00,89457.67993854749
2024-11-13 21:04:00+00:00,89111.50502119302
2024-11-13 21:05:00+00:00,88816.29439016097
2024-11-13 21:06:00+00:00,88789.27569161922
2024-11-13 21:07:00+00:00,88794.13138096083
2024-11-13 21:08:00+00:00,88517.6366830628
2024-11-13 21:09:00+00:00,88676.3347576627
2024-11-13 21:10:00+00:00,88704.38430541675
2024-11-13 21:11:00+00:00,88914.71316313822
2024-11-13 21:12:00+00:00,89021.86294343891
2024-11-13 21:13:00+00:00,88817.38980520856
2024-11-13 21:14:00+00:00,88660.76545261167
2024-11-13 21:15:00+00:00,88626.3338806829
2024-11-13 21:16:00+00:00,88652.64431809301
2024-11-13 21:17:00+00:00,88404.11555037153
2024-11-13 21:18:00+00:00,88432.36909669211
2024-11-13 21:19:00+00:00,88147.6151944373
2024-11-13 21:20:00+00:00,88185.33690909091
2024-11-13 21:21:00+00:00,88022.21928026172
2024-11-13 21:22:00+00:00,88280.29956363003
2024-11-13 21:23:00+00:00,88482.95218714402
2024-11-13 21:24:00+00:00,88635.52877213695
2024-11-13 21:25:00+00:00,88710.34672264356
2024-11-13 21:26:00+00:00,88680.45330359355
2024-11-13 21:27:00+00:00,88617.1392198771
2024-11-13 21:28:00+00:00,88851.8669957806
2024-11-13 21:29:00+00:00,88754.18411588411
2024-11-13 21:30:00+00:00,88885.9843923567
2024-11-13 21:31:00+00:00,88929.66821333976
2024-11-13 21:32:00+00:00,89027.95452040552
2024-11-13 21:33:00+00:00,89095.23287484511
2024-11-13 21:34:00+00:00,89201.56346453089
2024-11-13 21:35:00+00:00,89248.21129085873
2024-11-13 21:36:00+00:00,89301.29263691683
2024-11-13 21:37:00+00:00,89365.4325993455
2024-11-13 21:38:00+00:00,89333.93527148128
2024-11-13 21:39:00+00:00,89353.12413972888
2024-11-13 21:40:00+00:00,89337.61649535265
2024-11-13 21:41:00+00:00,89184.20505596418
2024-11-13 21:42:00+00:00,89192.10781473533
2024-11-13 21:43:00+00:00,89333.49754823152
2024-11-13 21:44:00+00:00,89390.78927331886
2024-11-13 21:45:00+00:00,89325.97659541189
2024-11-13 21:46:00+00:00,89214.58117538177
2024-11-13 21:47:00+00:00,88996.9732780338
2024-11-13 21:48:00+00:00,89150.34501260353
2024-11-13 21:49:00+00:00,88950.76551006711
2024-11-13 21:50:00+00:00,88845.47648765844
2024-11-13 21:51:00+00:00,88941.24766583748
2024-11-13 21:52:00+00:00,88884.83455965293
2024-11-13 21:53:00+00:00,88940.66764561919
2024-11-13 21:54:00+00:00,88898.91253807108
2024-11-13 21:55:00+00:00,88832.4660812582
2024-11-13 21:56:00+00:00,88682.96551181102
2024-11-13 21:57:00+00:00,88647.51090956613
2024-11-13 21:58:00+00:00,88644.27690740742
2024-11-13 21:59:00+00:00,88543.01845649799
2024-11-13 22:00:00+00:00,88489.9916324099
2024-11-13 22:01:00+00:00,88467.03231557377
2024-11-13 22:02:00+00:00,88713.50101811063
2024-11-13 22:03:00+00:00,88699.5934659257
2024-11-13 22:04:00+00:00,88946.69624367089
2024-11-13 22:05:00+00:00,89056.9684262656
2024-11-13 22:06:00+00:00,89070.33688858696
2024-11-13 22:07:00+00:00,89170.33773283858
2024-11-13 22:08:00+00:00,89185.66989941972
2024-11-13 22:09:00+00:00,89261.65258304696
2024-11-13 22:10:00+00:00,89252.41215481951
2024-11-13 22:11:00+00:00,89279.92330352707
2024-11-13 22:12:00+00:00,89383.56194949495
2024-11-13 22:13:00+00:00,89443.95914728682
2024-11-13 22:14:00+00:00,89409.60895948435
2024-11-13 22:15:00+00:00,89306.79777708204
2024-11-13 22:16:00+00:00,89298.97308724833
2024-11-13 22:17:00+00:00,89321.18388535031
2024-11-13 22:18:00+00:00,89419.48359722222
2024-11-13 22:19:00+00:00,89427.73318881118
2024-11-13 22:20:00+00:00,89425.75342151675
2024-11-13 22:21:00+00:00,89425.29216407356
2024-11-13 22:22:00+00:00,89425.87979087453
2024-11-13 22:23:00+00:00,89531.08167814113
2024-11-13 22:24:00+00:00,89573.8174736842
2024-11-13 22:25:00+00:00,89590.58539078156
2024-11-13 22:26:00+00:00,89630.37214717742
2024-11-13 22:27:00+00:00,89651.80232577665
2024-11-13 22:28:00+00:00,89661.61171666667
2024-11-13 22:29:00+00:00,89625.96089887641
2024-11-13 22:30:00+00:00,89586.80474377745
2024-11-13 22:31:00+00:00,89723.37321036107
2024-11-13 22:32:00+00:00,89678.85417594654
2024-11-13 22:33:00+00:00,89763.46390595009
2024-11-13 22:34:00+00:00,89821.43755787902
2024-11-13 22:35:00+00:00,89773.40120232172
2024-11-13 22:36:00+00:00,89711.3832873807
2024-11-13 22:37:00+00:00,89695.96734661354
2024-11-13 22:38:00+00:00,89680.2461747851
2024-11-13 22:39:00+00:00,89581.20641878669
2024-11-13 22:40:00+00:00,89544.1904885655
2024-11-13 22:41:00+00:00,89457.30921540655
2024-11-13 22:42:00+00:00,89408.88461448599
2024-11-13 22:43:00+00:00,89504.32143946616
2024-11-13 22:44:00+00:00,89650.70472613459
2024-11-13 22:45:00+00:00,89652.87704040404
2024-11-13 22:46:00+00:00,89756.11464754099
2024-11-13 22:47:00+00:00,89746.50273708558
2024-11-13 22:48:00+00:00,89740.73908
2024-11-13 22:49:00+00:00,89709.3584853853
2024-11-13 22:50:00+00:00,89672.09510576923
2024-11-13 22:51:00+00:00,89666.04534078212
2024-11-13 22:52:00+00:00,89627.58759229534
2024-11-13 22:53:00+00:00,89633.47685267858
2024-11-13 22:54:00+00:00,89713.71893764434
2024-11-13 22:55:00+00:00,89727.20142372881
2024-11-13 22:56:00+00:00,89669.29024390243
2024-11-13 22:57:00+00:00,89621.23056999162
2024-11-13 22:58:00+00:00,89633.96097560975
2024-11-13 22:59:00+00:00,89698.81759233926
2024-11-13 23:00:00+00:00,89655.75091855481
2024-11-13 23:01:00+00:00,89569.2365268189
2024-11-13 23:02:00+00:00,89470.99588900863
2024-11-13 23:03:00+00:00,89348.82861308118
2024-11-13 23:04:00+00:00,89322.68018943742
2024-11-13 23:05:00+00:00,89387.69221460068
2024-11-13 23:06:00+00:00,89469.7458887734
2024-11-13 23:07:00+00:00,89339.75547157622
2024-11-13 23:08:00+00:00,89289.8891913215
2024-11-13 23:09:00+00:00,89330.4299
2024-11-13 23:10:00+00:00,89417.19699435029
2024-11-13 23:11:00+00:00,89483.75639470783
2024-11-13 23:12:00+00:00,89606.15477753466
2024-11-13 23:13:00+00:00,89584.59841524574
2024-11-13 23:14:00+00:00,89579.00242339833
2024-11-13 23:15:00+00:00,89564.34984915705
2024-11-13 23:16:00+00:00,89672.84128536783
2024-11-13 23:17:00+00:00,89756.84346803378
2024-11-13 23:18:00+00:00,89894.7146270196
2024-11-13 23:19:00+00:00,89958.70708289612
2024-11-13 23:20:00+00:00,90021.54617522375
2024-11-13 23:21:00+00:00,90040.27994597249
2024-11-13 23:22:00+00:00,89941.81982515131
2024-11-13 23:23:00+00:00,90013.58757961783
2024-11-13 23:24:00+00:00,90172.73008513932
2024-11-13 23:25:00+00:00,90099.56751677852
2024-11-13 23:26:00+00:00,89967.58798571429
2024-11-13 23:27:00+00:00,89979.38661423221
2024-11-13 23:28:00+00:00,90047.74805642634
2024-11-13 23:29:00+00:00,90194.47326001128
2024-11-13 23:30:00+00:00,90176.71030388692
2024-11-13 23:31:00+00:00,90244.33633163698
2024-11-13 23:32:00+00:00,90318.1771785871
2024-11-13 23:33:00+00:00,90348.44254730713
2024-11-13 23:34:00+00:00,90370.83412794207
2024-11-13 23:35:00+00:00,90296.00937974683
2024-11-13 23:36:00+00:00,90311.09463434022
2024-11-13 23:37:00+00:00,90375.67228200371
2024-11-13 23:38:00+00:00,90435.66243137255
2024-11-13 23:39:00+00:00,90423.1062507608
2024-11-13 23:40:00+00:00,90415.86641735918
2024-11-13 23:41:00+00:00,90430.75881993007
2024-11-13 23:42:00+00:00,90380.96996891192
2024-11-13 23:43:00+00:00,90287.85788288289
2024-11-13 23:44:00+00:00,90361.91900968784
2024-11-13 23:45:00+00:00,90452.99930409914
2024-11-13 23:46:00+00:00,90475.2373438801
2024-11-13 23:47:00+00:00,90389.9683899127
2024-11-13 23:48:00+00:00,90336.09820595333
2024-11-13 23:49:00+00:00,90371.5263559322
2024-11-13 23:50:00+00:00,90287.15624076029
2024-11-13 23:51:00+00:00,90369.9859780727
2024-11-13 23:52:00+00:00,90403.76357664233
2024-11-13 23:53:00+00:00,90368.939009324
2024-11-13 23:54:00+00:00,90319.01572890025
2024-11-13 23:55:00+00:00,90340.28716455697
2024-11-13 23:56:00+00:00,90376.02550805887
2024-11-13 23:57:00+00:00,90380.69188700564
2024-11-13 23:58:00+00:00,90474.3016627907
2024-11-13 23:59:00+00:00,90412.34262773722
2024-11-14 00:00:00+00:00,90450.51186762442
2024-11-14 00:01:00+00:00,90394.76889508928
2024-11-14 00:02:00+00:00,90255.25396151497
2024-11-14 00:03:00+00:00,90188.6626119403
2024-11-14 00:04:00+00:00,90251.12350511074
2024-11-14 00:05:00+00:00,90290.16391737033
2024-11-14 00:06:00+00:00,90307.71392651756
2024-11-14 00:07:00+00:00,90330.88484721161
2024-11-14 00:08:00+00:00,90283.33366161617
2024-11-14 00:09:00+00:00,90195.99760791367
2024-11-14 00:10:00+00:00,90160.1690776446
2024-11-14 00:11:00+00:00,90231.14920260095
2024-11-14 00:12:00+00:00,90190.27873284539
2024-11-14 00:13:00+00:00,90169.79250993377
2024-11-14 00:14:00+00:00,90156.30077354959
2024-11-14 00:15:00+00:00,90148.89685256411
2024-11-14 00:16:00+00:00,90096.47022339562
2024-11-14 00:17:00+00:00,90100.28626070991
2024-11-14 00:18:00+00:00,90012.77738020832
2024-11-14 00:19:00+00:00,90025.41859662576
2024-11-14 00:20:00+00:00,90268.57493755445
2024-11-14 00:21:00+00:00,90257.23110534124
2024-11-14 00:22:00+00:00,90261.82324315298
2024-11-14 00:23:00+00:00,90148.96499795334
2024-11-14 00:24:00+00:00,90112.15887176325
2024-11-14 00:25:00+00:00,90145.55592503987
2024-11-14 00:26:00+00:00,90131.86485530547
2024-11-14 00:27:00+00:00,90128.22988045978
2024-11-14 00:28:00+00:00,90113.454877571
2024-11-14 00:29:00+00:00,90033.99764427626
2024-11-14 00:30:00+00:00,89968.11291993038
2024-11-14 00:31:00+00:00,89844.13335043612
2024-11-14 00:32:00+00:00,89897.98333729687
2024-11-14 00:33:00+00:00,89914.27254059217
2024-11-14 00:34:00+00:00,90019.66364301075
2024-11-14 00:35:00+00:00,90095.46162529752
2024-11-14 00:36:00+00:00,90202.09341905564
2024-11-14 00:37:00+00:00,90260.7196005386
2024-11-14 00:38:00+00:00,90090.82216542216
2024-11-14 00:39:00+00:00,89993.70370958593
2024-11-14 00:40:00+00:00,89948.11355677154
2024-11-14 00:41:00+00:00,89912.8021756487
2024-11-14 00:42:00+00:00,89892.4296420963
2024-11-14 00:43:00+00:00,89785.1594869137
2024-11-14 00:44:00+00:00,89764.5250213169
2024-11-14 00:45:00+00:00,89751.18100587084
2024-11-14 00:46:00+00:00,89804.13932665205
2024-11-14 00:47:00+00:00,89873.92587147887
2024-11-14 00:48:00+00:00,89830.84665625
2024-11-14 00:49:00+00:00,89857.86138944826
2024-11-14 00:50:00+00:00,89858.09280892104
2024-11-14 00:51:00+00:00,89950.67516601984
2024-11-14 00:52:00+00:00,90138.07051649928
2024-11-14 00:53:00+00:00,90190.59229234088
2024-11-14 00:54:00+00:00,90081.16519247594
2024-11-14 00:55:00+00:00,90012.94121536524
2024-11-14 00:56:00+00:00,90040.99199154532
2024-11-14 00:57:00+00:00,90136.32004518072
2024-11-14 00:58:00+00:00,90184.28250727651
2024-11-14 00:59:00+00:00,90145.87376423515
2024-11-14 01:00:00+00:00,90108.24356410257
2024-11-14 01:01:00+00:00,89968.11808093582
2024-11-14 01:02:00+00:00,90076.65663150237
2024-11-14 01:03:00+00:00,90225.52757549612
2024-11-14 01:04:00+00:00,90191.9252211934
2024-11-14 01:05:00+00:00,90164.5556027088
2024-11-14 01:06:00+00:00,90095.7680447306
2024-11-14 01:07:00+00:00,90155.26377012522
2024-11-14 01:08:00+00:00,90301.52823126664
2024-11-14 01:09:00+00:00,90258.40157235853
2024-11-14 01:10:00+00:00,90195.78506953224
2024-11-14 01:11:00+00:00,90234.94807906741
2024-11-14 01:12:00+00:00,90345.90522094927
2024-11-14 01:13:00+00:00,90372.93556274901
2024-11-14 01:14:00+00:00,90216.69843909217
2024-11-14 01:15:00+00:00,90202.06877607026
2024-11-14 01:16:00+00:00,90177.72400081567
2024-11-14 01:17:00+00:00,90187.40756597086
2024-11-14 01:18:00+00:00,90184.27025479815
2024-11-14 01:19:00+00:00,90127.918254089
2024-11-14 01:20:00+00:00,90101.73927628779
2024-11-14 01:21:00+00:00,90017.71020665324
2024-11-14 01:22:00+00:00,89879.00843553693
2024-11-14 01:23:00+00:00,89771.6059004188
2024-11-14 01:24:00+00:00,89761.36096014493
2024-11-14 01:25:00+00:00,89809.58769418321
2024-11-14 01:26:00+00:00,89912.16764256849
2024-11-14 01:27:00+00:00,90050.07698506425
2024-11-14 01:28:00+00:00,89997.12218258133
2024-11-14 01:29:00+00:00,89809.30142261353
2024-11-14 01:30:00+00:00,89681.7502631579
2024-11-14 01:31:00+00:00,89554.76146679882
2024-11-14 01:32:00+00:00,89577.51532550993
2024-11-14 01:33:00+00:00,89644.58231514816
2024-11-14 01:34:00+00:00,89685.48678953189
2024-11-14 01:35:00+00:00,89667.12286474502
2024-11-14 01:36:00+00:00,89835.56407069555
2024-11-14 01:37:00+00:00,89851.21544973545
2024-11-14 01:38:00+00:00,89708.46206883925
2024-11-14 01:39:00+00:00,89688.32562134026
2024-11-14 01:40:00+00:00,89733.14898224044
2024-11-14 01:41:00+00:00,89701.62770652802
2024-11-14 01:42:00+00:00,89665.99194563663
2024-11-14 01:43:00+00:00,89789.85300059772
2024-11-14 01:44:00+00:00,89795.35266124661
2024-11-14 01:45:00+00:00,89799.80423009879
2024-11-14 01:46:00+00:00,89784.33481810833
2024-11-14 01:47:00+00:00,89773.63941331327
2024-11-14 01:48:00+00:00,89715.0613405797
2024-11-14 01:49:00+00:00,89775.43856307842
2024-11-14 01:50:00+00:00,89877.23159675236
2024-11-14 01:51:00+00:00,89937.03960588794
2024-11-14 01:52:00+00:00,90056.86790300853
2024-11-14 01:53:00+00:00,90066.15936116152
2024-11-14 01:54:00+00:00,90028.33147181009
2024-11-14 01:55:00+00:00,90160.43417069243
2024-11-14 01:56:00+00:00,90243.22612478031
2024-11-14 01:57:00+00:00,90331.8533816241
2024-11-14 01:58:00+00:00,90301.82743842364
2024-11-14 01:59:00+00:00,90363.38636266477
2024-11-14 02:00:00+00:00,90312.01571557562
2024-11-14 02:01:00+00:00,90140.68120668059
2024-11-14 02:02:00+00:00,90114.53823728814
2024-11-14 02:03:00+00:00,90191.6841590214
2024-11-14 02:04:00+00:00,90166.13668653158
2024-11-14 02:05:00+00:00,90319.47254619199
2024-11-14 02:06:00+00:00,90478.75037995595
2024-11-14 02:07:00+00:00,90404.55956327703
2024-11-14 02:08:00+00:00,90371.45192088092
2024-11-14 02:09:00+00:00,90354.52882736156
2024-11-14 02:10:00+00:00,90316.94658630666
2024-11-14 02:11:00+00:00,90293.8880793854
2024-11-14 02:12:00+00:00,90201.85667032364
2024-11-14 02:13:00+00:00,90126.75726921218
2024-11-14 02:14:00+00:00,90087.49194930597
2024-11-14 02:15:00+00:00,90150.24132917466
2024-11-14 02:16:00+00:00,90192.6126278409
2024-11-14 02:17:00+00:00,90194.65986734295
2024-11-14 02:18:00+00:00,90222.34422854133
2024-11-14 02:19:00+00:00,90215.54422960724
2024-11-14 02:20:00+00:00,90247.86934997399
2024-11-14 02:21:00+00:00,90185.51854457831
2024-11-14 02:22:00+00:00,90196.65348214286
2024-11-14 02:23:00+00:00,90203.18008510639
2024-11-14 02:24:00+00:00,90162.91929364279
2024-11-14 02:25:00+00:00,90024.83872144113
2024-11-14 02:26:00+00:00,89935.5837745098
2024-11-14 02:27:00+00:00,89829.10371402043
2024-11-14 02:28:00+00:00,89891.36737987987
2024-11-14 02:29:00+00:00,89904.54025435072
2024-11-14 02:30:00+00:00,89930.42157068063
2024-11-14 02:31:00+00:00,89904.39050165015
2024-11-14 02:32:00+00:00,89891.40759388925
2024-11-14 02:33:00+00:00,89932.0849137931
2024-11-14 02:34:00+00:00,89981.9552946679
2024-11-14 02:35:00+00:00,89883.22747352497
2024-11-14 02:36:00+00:00,89788.98798423423
2024-11-14 02:37:00+00:00,89740.9601119403
2024-11-14 02:38:00+00:00,89756.66052282158
2024-11-14 02:39:00+00:00,89804.64206163655
2024-11-14 02:40:00+00:00,89725.97497058823
2024-11-14 02:41:00+00:00,89740.43544672719
2024-11-14 02:42:00+00:00,89708.00541577824
2024-11-14 02:43:00+00:00,89812.85068415052
2024-11-14 02:44:00+00:00,89775.32445871561
2024-11-14 02:45:00+00:00,89757.78223010644
2024-11-14 02:46:00+00:00,89787.1673088685
2024-11-14 02:47:00+00:00,89854.32188985507
2024-11-14 02:48:00+00:00,89841.66759649123
2024-11-14 02:49:00+00:00,89832.67367924529
2024-11-14 02:50:00+00:00,89830.05310518731
2024-11-14 02:51:00+00:00,89840.73415680473
2024-11-14 02:52:00+00:00,89839.51818658892
2024-11-14 02:53:00+00:00,89926.46839469808
2024-11-14 02:54:00+00:00,90033.5895319532
2024-11-14 02:55:00+00:00,90031.02109589042
2024-11-14 02:56:00+00:00,89990.96178939617
2024-11-14 02:57:00+00:00,90005.635256917
2024-11-14 02:58:00+00:00,90143.28784676355
2024-11-14 02:59:00+00:00,90131.35351134847
2024-11-14 03:00:00+00:00,90144.74726920595
2024-11-14 03:01:00+00:00,90170.9053407935
2024-11-14 03:02:00+00:00,90054.98807086614
2024-11-14 03:03:00+00:00,89989.9792409241
2024-11-14 03:04:00+00:00,89898.09657142857
2024-11-14 03:05:00+00:00,89801.2736091003
2024-11-14 03:06:00+00:00,89790.35547479484
2024-11-14 03:07:00+00:00,89856.53739100345
2024-11-14 03:08:00+00:00,89874.89214414415
2024-11-14 03:09:00+00:00,89896.87045760431
2024-11-14 03:10:00+00:00,89901.11670926517
2024-11-14 03:11:00+00:00,89757.61899942163
2024-11-14 03:12:00+00:00,89795.5200838223
2024-11-14 03:13:00+00:00,89825.01898804781
2024-11-14 03:14:00+00:00,89803.78665089876
2024-11-14 03:15:00+00:00,89727.00432009627
2024-11-14 03:16:00+00:00,89628.34030712531
2024-11-14 03:17:00+00:00,89587.8400069808
2024-11-14 03:18:00+00:00,89573.13181204276
2024-11-14 03:19:00+00:00,89609.7656662665
2024-11-14 03:20:00+00:00,89725.11586007701
2024-11-14 03:21:00+00:00,89841.7923076923
2024-11-14 03:22:00+00:00,89855.03450867052
2024-11-14 03:23:00+00:00,89971.26332786212
2024-11-14 03:24:00+00:00,89978.94868868869
2024-11-14 03:25:00+00:00,89917.80947402597
2024-11-14 03:26:00+00:00,89933.84484511516
2024-11-14 03:27:00+00:00,89841.0660200154
2024-11-14 03:28:00+00:00,89805.27026933101
2024-11-14 03:29:00+00:00,89892.30743372216
2024-11-14 03:30:00+00:00,89876.0587424111
2024-11-14 03:31:00+00:00,89870.49296943231
2024-11-14 03:32:00+00:00,89842.45804628999
2024-11-14 03:33:00+00:00,89891.41970917226
2024-11-14 03:34:00+00:00,89847.47578002245
2024-11-14 03:35:00+00:00,89811.12467924529
2024-11-14 03:36:00+00:00,89787.3000421941
2024-11-14 03:37:00+00:00,89781.29706797707
2024-11-14 03:38:00+00:00,89788.76124463518
2024-11-14 03:39:00+00:00,89760.40189189189
2024-11-14 03:40:00+00:00,89793.0412962963
2024-11-14 03:41:00+00:00,89851.61651499484
2024-11-14 03:42:00+00:00,89802.272870229
2024-11-14 03:43:00+00:00,89803.79379172229
2024-11-14 03:44:00+00:00,89840.70603268946
2024-11-14 03:45:00+00:00,89877.80915646258
2024-11-14 03:46:00+00:00,89976.37304474707
2024-11-14 03:47:00+00:00,90008.75304721031
2024-11-14 03:48:00+00:00,90058.81039673279
2024-11-14 03:49:00+00:00,89993.62646840149
2024-11-14 03:50:00+00:00,89979.82230015472
2024-11-14 03:51:00+00:00,89942.65767094017
2024-11-14 03:52:00+00:00,89980.44748613679
2024-11-14 03:53:00+00:00,89997.99789800995
2024-11-14 03:54:00+00:00,89995.76492957746
2024-11-14 03:55:00+00:00,89999.65200949367
2024-11-14 03:56:00+00:00,89998.57949216897
2024-11-14 03:57:00+00:00,89936.14394853594
2024-11-14 03:58:00+00:00,89949.21439174107
2024-11-14 03:59:00+00:00,89940.47034602077
2024-11-14 04:00:00+00:00,89861.31357433565
2024-11-14 04:01:00+00:00,89777.71871657752
2024-11-14 04:02:00+00:00,89712.68706200788
2024-11-14 04:03:00+00:00,89680.6270017133
2024-11-14 04:04:00+00:00,89730.27966035271
2024-11-14 04:05:00+00:00,89804.70281590763
2024-11-14 04:06:00+00:00,89716.62401749454
2024-11-14 04:07:00+00:00,89711.4114624506
2024-11-14 04:08:00+00:00,89784.19149253731
2024-11-14 04:09:00+00:00,89837.5313235294
2024-11-14 04:10:00+00:00,89821.35703296703
2024-11-14 04:11:00+00:00,89882.51135313531
2024-11-14 04:12:00+00:00,89885.72645064055
2024-11-14 04:13:00+00:00,89787.78918474197
2024-11-14 04:14:00+00:00,89819.70305962855
2024-11-14 04:15:00+00:00,89877.41872222222
2024-11-14 04:16:00+00:00,89833.6828774784
2024-11-14 04:17:00+00:00,89848.31905711206
2024-11-14 04:18:00+00:00,89860.11449652778
2024-11-14 04:19:00+00:00,89840.04389679714
2024-11-14 04:20:00+00:00,89817.118009901
2024-11-14 04:21:00+00:00,89764.94087397086
2024-11-14 04:22:00+00:00,89757.72113723347
2024-11-14 04:23:00+00:00,89759.77602531646
2024-11-14 04:24:00+00:00,89760.81069343066
2024-11-14 04:25:00+00:00,89727.64710526315
2024-11-14 04:26:00+00:00,89740.88440596928
2024-11-14 04:27:00+00:00,89687.33254975591
2024-11-14 04:28:00+00:00,89645.01545253863
2024-11-14 04:29:00+00:00,89658.73521523179
2024-11-14 04:30:00+00:00,89668.62108077995
2024-11-14 04:31:00+00:00,89633.68508740634
2024-11-14 04:32:00+00:00,89617.3589626556
2024-11-14 04:33:00+00:00,89580.53779641411
2024-11-14 04:34:00+00:00,89621.01471973094
2024-11-14 04:35:00+00:00,89565.94100072516
2024-11-14 04:36:00+00:00,89567.76331496063
2024-11-14 04:37:00+00:00,89444.70415704387
2024-11-14 04:38:00+00:00,89376.80490096495
2024-11-14 04:39:00+00:00,89499.91627507164
2024-11-14 04:40:00+00:00,89556.58137908061
2024-11-14 04:41:00+00:00,89567.22947622885
2024-11-14 04:42:00+00:00,89684.59289700996
2024-11-14 04:43:00+00:00,89762.37694106642
2024-11-14 04:44:00+00:00,89808.46202804746
2024-11-14 04:45:00+00:00,89866.8264828614
2024-11-14 04:46:00+00:00,89901.68614285714
2024-11-14 04:47:00+00:00,89893.51913159652
2024-11-14 04:48:00+00:00,89891.75947494034
2024-11-14 04:49:00+00:00,89944.91343327455
2024-11-14 04:50:00+00:00,89980.19563239875
2024-11-14 04:51:00+00:00,89993.17249291785
2024-11-14 04:52:00+00:00,89990.44107093185
2024-11-14 04:53:00+00:00,90012.0334448711
2024-11-14 04:54:00+00:00,90139.49254536539
2024-11-14 04:55:00+00:00,90114.85058947369
2024-11-14 04:56:00+00:00,90054.74607302534
2024-11-14 04:57:00+00:00,90067.00107268465
2024-11-14 04:58:00+00:00,90077.41174661746
2024-11-14 04:59:00+00:00,90085.92638395792
2024-11-14 05:00:00+00:00,90086.22377734564
2024-11-14 05:01:00+00:00,90063.5573573452
2024-11-14 05:02:00+00:00,90027.57898505604
2024-11-14 05:03:00+00:00,90028.94316879952
2024-11-14 05:04:00+00:00,90036.04759916493
2024-11-14 05:05:00+00:00,90035.42576470588
2024-11-14 05:06:00+00:00,90042.89742940603
2024-11-14 05:07:00+00:00,90033.18178041544
2024-11-14 05:08:00+00:00,90069.37436501261
2024-11-14 05:09:00+00:00,89986.56351351352
2024-11-14 05:10:00+00:00,89919.73415242165
2024-11-14 05:11:00+00:00,89869.64135888501
2024-11-14 05:12:00+00:00,89827.66467094704
2024-11-14 05:13:00+00:00,89820.22036378334
2024-11-14 05:14:00+00:00,89774.39957724826
2024-11-14 05:15:00+00:00,89730.97361010831
2024-11-14 05:16:00+00:00,89732.74055427252
2024-11-14 05:17:00+00:00,89780.46095519865
2024-11-14 05:18:00+00:00,89860.12559888579
2024-11-14 05:19:00+00:00,89868.68181958365
2024-11-14 05:20:00+00:00,89913.83442288049
2024-11-14 05:21:00+00:00,89914.15056851311
2024-11-14 05:22:00+00:00,89919.23087099812
2024-11-14 05:23:00+00:00,90010.3166799117
2024-11-14 05:24:00+00:00,89888.8006088683
2024-11-14 05:25:00+00:00,89893.15276908924
2024-11-14 05:26:00+00:00,89893.86724669603
2024-11-14 05:27:00+00:00,89845.68388790035
2024-11-14 05:28:00+00:00,89848.5866321731
2024-11-14 05:29:00+00:00,89879.31891100702
2024-11-14 05:30:00+00:00,89898.25903986981
2024-11-14 05:31:00+00:00,89974.21074034335
2024-11-14 05:32:00+00:00,89981.45533333333
2024-11-14 05:33:00+00:00,89970.58069097888
2024-11-14 05:34:00+00:00,89983.41510664995
2024-11-14 05:35:00+00:00,89826.22645954404
2024-11-14 05:36:00+00:00,89668.28784488676
2024-11-14 05:37:00+00:00,89693.5505319149
2024-11-14 05:38:00+00:00,89755.19758190327
2024-11-14 05:39:00+00:00,89820.7332300885
2024-11-14 05:40:00+00:00,89779.89406269992
2024-11-14 05:41:00+00:00,89799.79984585741
2024-11-14 05:42:00+00:00,89795.08596977331
2024-11-14 05:43:00+00:00,89783.60393915756
2024-11-14 05:44:00+00:00,89792.31039767216
2024-11-14 05:45:00+00:00,89813.89375275938
2024-11-14 05:46:00+00:00,89862.30528008299
2024-11-14 05:47:00+00:00,89850.05479191439
2024-11-14 05:48:00+00:00,89831.80934351144
2024-11-14 05:49:00+00:00,89875.83289449956
2024-11-14 05:50:00+00:00,89896.7608674464
2024-11-14 05:51:00+00:00,89928.45695286195
2024-11-14 05:52:00+00:00,89952.5354192229
2024-11-14 05:53:00+00:00,89993.64403125
2024-11-14 05:54:00+00:00,89998.07841246291
2024-11-14 05:55:00+00:00,89936.37650663297
2024-11-14 05:56:00+00:00,89895.55471741638
2024-11-14 05:57:00+00:00,89930.42553571428
2024-11-14 05:58:00+00:00,89925.83098169717
2024-11-14 05:59:00+00:00,89958.92584795321
2024-11-14 06:00:00+00:00,89944.17116465863
2024-11-14 06:01:00+00:00,90031.82224906066
2024-11-14 06:02:00+00:00,90047.4785131744
2024-11-14 06:03:00+00:00,90049.728248
2024-11-14 06:04:00+00:00,90094.566512
2024-11-14 06:05:00+00:00,90146.04011037528
2024-11-14 06:06:00+00:00,90096.29657635467
2024-11-14 06:07:00+00:00,90205.02954517133
2024-11-14 06:08:00+00:00,90244.54938868612
2024-11-14 06:09:00+00:00,90234.93299872123
2024-11-14 06:10:00+00:00,90222.86013043478
2024-11-14 06:11:00+00:00,90127.39334869431
2024-11-14 06:12:00+00:00,90106.19528582615
2024-11-14 06:13:00+00:00,90151.65850863422
2024-11-14 06:14:00+00:00,90060.2895173454
2024-11-14 06:15:00+00:00,90093.28237226277
2024-11-14 06:16:00+00:00,90197.18996428572
2024-11-14 06:17:00+00:00,90277.93256949662
2024-11-14 06:18:00+00:00,90246.7547532656
2024-11-14 06:19:00+00:00,90200.24911338447
2024-11-14 06:20:00+00:00,90135.53896759258
2024-11-14 06:21:00+00:00,90107.15169308356
2024-11-14 06:22:00+00:00,90037.64771072796
2024-11-14 06:23:00+00:00,90055.85841491842
2024-11-14 06:24:00+00:00,90072.53998076923
2024-11-14 06:25:00+00:00,90077.47018120045
2024-11-14 06:26:00+00:00,90046.28457142858
2024-11-14 06:27:00+00:00,90016.88925438597
2024-11-14 06:28:00+00:00,90000.74596273291
2024-11-14 06:29:00+00:00,89994.63310869565
2024-11-14 06:30:00+00:00,89977.12285714287
2024-11-14 06:31:00+00:00,89963.72158636026
2024-11-14 06:32:00+00:00,89938.65994572591
2024-11-14 06:33:00+00:00,89923.64968289086
2024-11-14 06:34:00+00:00,89903.65604316547
2024-11-14 06:35:00+00:00,89873.31278217821
2024-11-14 06:36:00+00:00,89889.93338028168
2024-11-14 06:37:00+00:00,89907.09463620982
2024-11-14 06:38:00+00:00,89893.84334821429
2024-11-14 06:39:00+00:00,89874.28788065843
2024-11-14 06:40:00+00:00,89855.55291721418
2024-11-14 06:41:00+00:00,89831.94661654136
2024-11-14 06:42:00+00:00,89832.05877461706
2024-11-14 06:43:00+00:00,89813.5849689441
2024-11-14 06:44:00+00:00,89844.25682487726
2024-11-14 06:45:00+00:00,89856.86505668935
2024-11-14 06:46:00+00:00,89782.43101634683
2024-11-14 06:47:00+00:00,89801.85159959758
2024-11-14 06:48:00+00:00,89801.85328976034
2024-11-14 06:49:00+00:00,89784.03430493273
2024-11-14 06:50:00+00:00,89748.65122941822
2024-11-14 06:51:00+00:00,89676.35344011143
2024-11-14 06:52:00+00:00,89658.68623
2024-11-14 06:53:00+00:00,89607.63746919432
2024-11-14 06:54:00+00:00,89626.08495977012
2024-11-14 06:55:00+00:00,89620.79764430577
2024-11-14 06:56:00+00:00,89561.6447151277
2024-11-14 06:57:00+00:00,89516.96685570711
2024-11-14 06:58:00+00:00,89374.87512626921
2024-11-14 06:59:00+00:00,89382.59850439077
2024-11-14 07:00:00+00:00,89220.96164819214
2024-11-14 07:01:00+00:00,89384.1809304454
2024-11-14 07:02:00+00:00,89510.81369145103
2024-11-14 07:03:00+00:00,89477.94229184925
2024-11-14 07:04:00+00:00,89430.02792264233
2024-11-14 07:05:00+00:00,89574.08214382632
2024-11-14 07:06:00+00:00,89477.97913136499
2024-11-14 07:07:00+00:00,89410.23960023008
2024-11-14 07:08:00+00:00,89366.66949612403
2024-11-14 07:09:00+00:00,89403.043194707
2024-11-14 07:10:00+00:00,89468.50532352942
2024-11-14 07:11:00+00:00,89532.507187669
2024-11-14 07:12:00+00:00,89535.65552825553
2024-11-14 07:13:00+00:00,89609.982460267
2024-11-14 07:14:00+00:00,89632.54064285714
2024-11-14 07:15:00+00:00,89649.12746954078
2024-11-14 07:16:00+00:00,89706.69318916558
2024-11-14 07:17:00+00:00,89728.63900835655
2024-11-14 07:18:00+00:00,89689.83938437662
2024-11-14 07:19:00+00:00,89679.94703761756
2024-11-14 07:20:00+00:00,89608.3766929134
2024-11-14 07:21:00+00:00,89678.54678752107
2024-11-14 07:22:00+00:00,89608.45254557293
2024-11-14 07:23:00+00:00,89584.87551948053
2024-11-14 07:24:00+00:00,89603.33464788731
2024-11-14 07:25:00+00:00,89567.55204179363
2024-11-14 07:26:00+00:00,89623.03584070796
2024-11-14 07:27:00+00:00,89605.65130458817
2024-11-14 07:28:00+00:00,89611.09735465115
2024-11-14 07:29:00+00:00,89747.2783197556
2024-11-14 07:30:00+00:00,89772.57540298507
2024-11-14 07:31:00+00:00,89746.18073148973
2024-11-14 07:32:00+00:00,89766.75231661311
2024-11-14 07:33:00+00:00,89714.35399582137
2024-11-14 07:34:00+00:00,89753.01623239437
2024-11-14 07:35:00+00:00,89802.78318746893
2024-11-14 07:36:00+00:00,89832.95150159743
2024-11-14 07:37:00+00:00,89851.55873703478
2024-11-14 07:38:00+00:00,89921.7017266187
2024-11-14 07:39:00+00:00,89949.42956794424
2024-11-14 07:40:00+00:00,90012.24826259197
2024-11-14 07:41:00+00:00,89997.61086629001
2024-11-14 07:42:00+00:00,90005.98807940906
2024-11-14 07:43:00+00:00,90030.11662783925
2024-11-14 07:44:00+00:00,90082.44465277779
2024-11-14 07:45:00+00:00,90079.62734050179
2024-11-14 07:46:00+00:00,90117.78246679317
2024-11-14 07:47:00+00:00,90194.6967509837
2024-11-14 07:48:00+00:00,90297.98949726776
2024-11-14 07:49:00+00:00,90340.61670419651
2024-11-14 07:50:00+00:00,90403.84031542056
2024-11-14 07:51:00+00:00,90376.72039930556
2024-11-14 07:52:00+00:00,90450.462848
2024-11-14 07:53:00+00:00,90623.62913264717
2024-11-14 07:54:00+00:00,90800.78223560637
2024-11-14 07:55:00+00:00,90762.82681907678
2024-11-14 07:56:00+00:00,90802.32213548676
2024-11-14 07:57:00+00:00,90835.58722524483
2024-11-14 07:58:00+00:00,90801.3777266289
2024-11-14 07:59:00+00:00,90815.004945284
2024-11-14 08:00:00+00:00,90714.09772027374
2024-11-14 08:01:00+00:00,90705.65993506495
2024-11-14 08:02:00+00:00,90827.30676799541
2024-11-14 08:03:00+00:00,90916.76295794726
2024-11-14 08:04:00+00:00,91052.64180419061
2024-11-14 08:05:00+00:00,91089.62651382184
2024-11-14 08:06:00+00:00,91061.71334127254
2024-11-14 08:07:00+00:00,91030.58324036511
2024-11-14 08:08:00+00:00,91149.04626829269
2024-11-14 08:09:00+00:00,91226.3452082507
2024-11-14 08:10:00+00:00,91138.47620903955
2024-11-14 08:11:00+00:00,91247.7028127286
2024-11-14 08:12:00+00:00,91295.96405856918
2024-11-14 08:13:00+00:00,91293.20509589041
2024-11-14 08:14:00+00:00,91381.24599772599
2024-11-14 08:15:00+00:00,91361.31795659596
2024-11-14 08:16:00+00:00,91301.341160221
2024-11-14 08:17:00+00:00,91135.67639499305
2024-11-14 08:18:00+00:00,91099.9038387597
2024-11-14 08:19:00+00:00,91106.97210547504
2024-11-14 08:20:00+00:00,90987.66723247233
2024-11-14 08:21:00+00:00,90957.57428130784
2024-11-14 08:22:00+00:00,90993.64341406614
2024-11-14 08:23:00+00:00,91012.15939263323
2024-11-14 08:24:00+00:00,91010.71307406029
2024-11-14 08:25:00+00:00,91143.32953319918
2024-11-14 08:26:00+00:00,91158.65979506483
2024-11-14 08:27:00+00:00,91175.00205870686
2024-11-14 08:28:00+00:00,91195.34038416306
2024-11-14 08:29:00+00:00,91184.52439484978
2024-11-14 08:30:00+00:00,91005.35472137405
2024-11-14 08:31:00+00:00,91016.76331319235
2024-11-14 08:32:00+00:00,91032.20969818914
2024-11-14 08:33:00+00:00,91047.56713337357
2024-11-14 08:34:00+00:00,91064.54712753279
2024-11-14 08:35:00+00:00,91118.71614908258
2024-11-14 08:36:00+00:00,91011.14872908367
2024-11-14 08:37:00+00:00,91002.46489108911
2024-11-14 08:38:00+00:00,90890.31216576691
2024-11-14 08:39:00+00:00,90900.30062020083
2024-11-14 08:40:00+00:00,90946.50351097179
2024-11-14 08:41:00+00:00,90909.42548136646
2024-11-14 08:42:00+00:00,90871.75263929619
2024-11-14 08:43:00+00:00,90884.52792003808
2024-11-14 08:44:00+00:00,90928.01123549232
2024-11-14 08:45:00+00:00,90813.30156373193
2024-11-14 08:46:00+00:00,90725.90200272479
2024-11-14 08:47:00+00:00,90525.82058530033
2024-11-14 08:48:00+00:00,90467.54125820147
2024-11-14 08:49:00+00:00,90625.28798748697
2024-11-14 08:50:00+00:00,90665.02089280942
2024-11-14 08:51:00+00:00,90704.29733762598
2024-11-14 08:52:00+00:00,90767.87988095237
2024-11-14 08:53:00+00:00,90736.11922238732
2024-11-14 08:54:00+00:00,90640.58632846427
2024-11-14 08:55:00+00:00,90650.45531980591
2024-11-14 08:56:00+00:00,90618.3968275346
2024-11-14 08:57:00+00:00,90603.18902487562
2024-11-14 08:58:00+00:00,90612.78511949017
2024-11-14 08:59:00+00:00,90616.39762248997
2024-11-14 09:00:00+00:00,90575.58508676093
2024-11-14 09:01:00+00:00,90533.34128827039
2024-11-14 09:02:00+00:00,90497.89211428571
2024-11-14 09:03:00+00:00,90493.3434854151
2024-11-14 09:04:00+00:00,90523.5445411542
2024-11-14 09:05:00+00:00,90681.41319777159
2024-11-14 09:06:00+00:00,90848.51138858598
2024-11-14 09:07:00+00:00,90812.10572760439
2024-11-14 09:08:00+00:00,90701.28937048065
2024-11-14 09:09:00+00:00,90736.00201904007
2024-11-14 09:10:00+00:00,90696.00565052232
2024-11-14 09:11:00+00:00,90699.3392569511
2024-11-14 09:12:00+00:00,90662.241151993
2024-11-14 09:13:00+00:00,90658.76217330211
2024-11-14 09:14:00+00:00,90632.37113298663
2024-11-14 09:15:00+00:00,90648.70451811874
2024-11-14 09:16:00+00:00,90524.11901503165
2024-11-14 09:17:00+00:00,90465.72978975924
2024-11-14 09:18:00+00:00,90455.60038756389
2024-11-14 09:19:00+00:00,90529.60184886648
2024-11-14 09:20:00+00:00,90571.99501797842
2024-11-14 09:21:00+00:00,90592.89417145382
2024-11-14 09:22:00+00:00,90726.2006348123
2024-11-14 09:23:00+00:00,90733.65939155333
2024-11-14 09:24:00+00:00,90763.03057937427
2024-11-14 09:25:00+00:00,90720.30305744888
2024-11-14 09:26:00+00:00,90704.76913938754
2024-11-14 09:27:00+00:00,90651.32384363296
2024-11-14 09:28:00+00:00,90643.30092913387
2024-11-14 09:29:00+00:00,90616.8620075047
2024-11-14 09:30:00+00:00,90637.02595348838
2024-11-14 09:31:00+00:00,90606.51688101266
2024-11-14 09:32:00+00:00,90596.99070843091
2024-11-14 09:33:00+00:00,90472.57936639118
2024-11-14 09:34:00+00:00,90431.6775187567
2024-11-14 09:35:00+00:00,90409.89366430261
2024-11-14 09:36:00+00:00,90463.93047773656
2024-11-14 09:37:00+00:00,90475.16325739215
2024-11-14 09:38:00+00:00,90427.36805691419
2024-11-14 09:39:00+00:00,90443.51083584338
2024-11-14 09:40:00+00:00,90452.58736326531
2024-11-14 09:41:00+00:00,90529.15983775811
2024-11-14 09:42:00+00:00,90517.9390544157
2024-11-14 09:43:00+00:00,90632.94714229406
2024-11-14 09:44:00+00:00,90631.18501650165
2024-11-14 09:45:00+00:00,90563.40836114422
2024-11-14 09:46:00+00:00,90586.20432415117
2024-11-14 09:47:00+00:00,90566.67982154238
2024-11-14 09:48:00+00:00,90529.35524757282
2024-11-14 09:49:00+00:00,90569.13380448583
2024-11-14 09:50:00+00:00,90681.5767426348
2024-11-14 09:51:00+00:00,90684.36444740853
2024-11-14 09:52:00+00:00,90680.32285903083
2024-11-14 09:53:00+00:00,90684.0148021309
2024-11-14 09:54:00+00:00,90716.33136290322
2024-11-14 09:55:00+00:00,90717.54976209358
2024-11-14 09:56:00+00:00,90803.25474816072
2024-11-14 09:57:00+00:00,90862.08726448011
2024-11-14 09:58:00+00:00,90885.19165160644
2024-11-14 09:59:00+00:00,90895.52059945505
2024-11-14 10:00:00+00:00,90888.53182929874
2024-11-14 10:01:00+00:00,90950.22373721229
2024-11-14 10:02:00+00:00,90994.86254467037
2024-11-14 10:03:00+00:00,91005.08491071429
2024-11-14 10:04:00+00:00,91090.72592379959
2024-11-14 10:05:00+00:00,91144.18198095936
2024-11-14 10:06:00+00:00,91160.28075949367
2024-11-14 10:07:00+00:00,91225.0872065514
2024-11-14 10:08:00+00:00,91341.16888082275
2024-11-14 10:09:00+00:00,91386.12399841333
2024-11-14 10:10:00+00:00,91380.84248589563
2024-11-14 10:11:00+00:00,91334.47979942693
2024-11-14 10:12:00+00:00,91279.1580902215
2024-11-14 10:13:00+00:00,91305.7235330993
2024-11-14 10:14:00+00:00,91327.15256989551
2024-11-14 10:15:00+00:00,91261.29727350427
2024-11-14 10:16:00+00:00,91208.39937288518
2024-11-14 10:17:00+00:00,91253.37409748134
2024-11-14 10:18:00+00:00,91240.11697851388
2024-11-14 10:19:00+00:00,91269.98781264007
2024-11-14 10:20:00+00:00,91203.43171505137
2024-11-14 10:21:00+00:00,91158.74712982833
2024-11-14 10:22:00+00:00,91099.53963941449
2024-11-14 10:23:00+00:00,91160.78240554155
2024-11-14 10:24:00+00:00,91134.74509919572
2024-11-14 10:25:00+00:00,91177.21599887132
2024-11-14 10:26:00+00:00,91168.75711058265
2024-11-14 10:27:00+00:00,91191.21980207351
2024-11-14 10:28:00+00:00,91200.91695294996
2024-11-14 10:29:00+00:00,91146.51876033057
2024-11-14 10:30:00+00:00,91130.43299398948
2024-11-14 10:31:00+00:00,91166.04685729006
2024-11-14 10:32:00+00:00,91259.57226100967
2024-11-14 10:33:00+00:00,91360.49016941883
2024-11-14 10:34:00+00:00,91369.8568415874
2024-11-14 10:35:00+00:00,91195.13320754717
2024-11-14 10:36:00+00:00,91074.1174881603
2024-11-14 10:37:00+00:00,90901.66814690351
2024-11-14 10:38:00+00:00,90961.75103950777
2024-11-14 10:39:00+00:00,91100.32039339274
2024-11-14 10:40:00+00:00,91117.86308789693
2024-11-14 10:41:00+00:00,91026.22297337277
2024-11-14 10:42:00+00:00,90947.6842272621
2024-11-14 10:43:00+00:00,91028.1017955001
2024-11-14 10:44:00+00:00,91041.54632140137
2024-11-14 10:45:00+00:00,91023.11771245186
2024-11-14 10:46:00+00:00,91115.32561450044
2024-11-14 10:47:00+00:00,91120.01034097109
2024-11-14 10:48:00+00:00,91165.56080808082
2024-11-14 10:49:00+00:00,91188.96543613708
2024-11-14 10:50:00+00:00,91143.88733391355
2024-11-14 10:51:00+00:00,91133.1475245098
2024-11-14 10:52:00+00:00,91165.5221881582
2024-11-14 10:53:00+00:00,91258.26664778093
2024-11-14 10:54:00+00:00,91322.8207750911
2024-11-14 10:55:00+00:00,91239.18681113572
2024-11-14 10:56:00+00:00,91109.30829385514
2024-11-14 10:57:00+00:00,91006.84095224227
2024-11-14 10:58:00+00:00,91111.02282689701
2024-11-14 10:59:00+00:00,91072.01673092158
2024-11-14 11:00:00+00:00,91143.25576946473
2024-11-14 11:01:00+00:00,91120.30131807418
2024-11-14 11:02:00+00:00,90917.49348797576
2024-11-14 11:03:00+00:00,90934.07644228598
2024-11-14 11:04:00+00:00,90894.99411643694
2024-11-14 11:05:00+00:00,90832.46903416733
2024-11-14 11:06:00+00:00,90795.37532522925
2024-11-14 11:07:00+00:00,90599.7226973001
2024-11-14 11:08:00+00:00,90658.8132782369
2024-11-14 11:09:00+00:00,90639.75004016799
2024-11-14 11:10:00+00:00,90668.34933128205
2024-11-14 11:11:00+00:00,90597.15508636787
2024-11-14 11:12:00+00:00,90678.20282261369
2024-11-14 11:13:00+00:00,90694.51980551626
2024-11-14 11:14:00+00:00,90816.689276411
2024-11-14 11:15:00+00:00,90890.60463634654
2024-11-14 11:16:00+00:00,90887.1412262797
2024-11-14 11:17:00+00:00,90704.6573458445
2024-11-14 11:18:00+00:00,90527.02789105552
2024-11-14 11:19:00+00:00,90668.89908793148
2024-11-14 11:20:00+00:00,90687.0812438854
2024-11-14 11:21:00+00:00,90688.97830762037
2024-11-14 11:22:00+00:00,90759.55480123505
2024-11-14 11:23:00+00:00,90744.30404648132
2024-11-14 11:24:00+00:00,90844.17191087613
2024-11-14 11:25:00+00:00,91038.04987376925
2024-11-14 11:26:00+00:00,91154.84980890337
2024-11-14 11:27:00+00:00,91164.09108243298
2024-11-14 11:28:00+00:00,91164.91071821516
2024-11-14 11:29:00+00:00,91174.43607674002
2024-11-14 11:30:00+00:00,91116.39270325203
2024-11-14 11:31:00+00:00,91060.21945889939
2024-11-14 11:32:00+00:00,91004.95543390105
2024-11-14 11:33:00+00:00,91006.17158336374
2024-11-14 11:34:00+00:00,90962.82664285714
2024-11-14 11:35:00+00:00,90873.22010413167
2024-11-14 11:36:00+00:00,90902.41772707706
2024-11-14 11:37:00+00:00,90951.8022468758
2024-11-14 11:38:00+00:00,90950.30084718374
2024-11-14 11:39:00+00:00,90850.08509030101
2024-11-14 11:40:00+00:00,90846.83510970995
2024-11-14 11:41:00+00:00,90782.03880363294
2024-11-14 11:42:00+00:00,90916.78586729857
2024-11-14 11:43:00+00:00,90944.40920408908
2024-11-14 11:44:00+00:00,91056.45505130228
2024-11-14 11:45:00+00:00,91106.50080129241
2024-11-14 11:46:00+00:00,91149.00363828886
2024-11-14 11:47:00+00:00,91152.7176873385
2024-11-14 11:48:00+00:00,91196.1878612209
2024-11-14 11:49:00+00:00,91319.10428624674
2024-11-14 11:50:00+00:00,91463.90084279273
2024-11-14 11:51:00+00:00,91537.10722558922
2024-11-14 11:52:00+00:00,91493.64531886917
2024-11-14 11:53:00+00:00,91522.80926624406
2024-11-14 11:54:00+00:00,91537.00925502052
2024-11-14 11:55:00+00:00,91507.9991764385
2024-11-14 11:56:00+00:00,91570.83394890309
2024-11-14 11:57:00+00:00,91587.28882628263
2024-11-14 11:58:00+00:00,91544.79028953837
2024-11-14 11:59:00+00:00,91496.22420700637
2024-11-14 12:00:00+00:00,91455.45972737492
2024-11-14 12:01:00+00:00,91364.24473756905
2024-11-14 12:02:00+00:00,91377.62864897834
2024-11-14 12:03:00+00:00,91313.14173296753
2024-11-14 12:04:00+00:00,91308.9953739931
2024-11-14 12:05:00+00:00,91195.24748710735
2024-11-14 12:06:00+00:00,91244.11330207637
2024-11-14 12:07:00+00:00,91266.07416382252
2024-11-14 12:08:00+00:00,91328.32672373706
2024-11-14 12:09:00+00:00,91259.5784231223
2024-11-14 12:10:00+00:00,91293.52819015279
2024-11-14 12:11:00+00:00,91347.84795584863
2024-11-14 12:12:00+00:00,91383.4091745446
2024-11-14 12:13:00+00:00,91395.6776998289
2024-11-14 12:14:00+00:00,91504.85098437793
2024-11-14 12:15:00+00:00,91533.77472363779
2024-11-14 12:16:00+00:00,91509.62283236995
2024-11-14 12:17:00+00:00,91454.60378828678
2024-11-14 12:18:00+00:00,91508.13491885965
2024-11-14 12:19:00+00:00,91559.41351887964
2024-11-14 12:20:00+00:00,91522.3856151114
2024-11-14 12:21:00+00:00,91422.71077442703
2024-11-14 12:22:00+00:00,91407.11156090445
2024-11-14 12:23:00+00:00,91448.56914611005
2024-11-14 12:24:00+00:00,91388.0062036389
2024-11-14 12:25:00+00:00,91340.71323690773
2024-11-14 12:26:00+00:00,91304.37654845016
2024-11-14 12:27:00+00:00,91285.05322291853
2024-11-14 12:28:00+00:00,91232.94026722338
2024-11-14 12:29:00+00:00,91242.85642857142
2024-11-14 12:30:00+00:00,91226.49546511628
2024-11-14 12:31:00+00:00,91155.65251421608
2024-11-14 12:32:00+00:00,91128.072368
2024-11-14 12:33:00+00:00,91138.01831686661
2024-11-14 12:34:00+00:00,91181.09317144245
2024-11-14 12:35:00+00:00,91116.56498787389
2024-11-14 12:36:00+00:00,91043.77235863094
2024-11-14 12:37:00+00:00,91020.92396385035
2024-11-14 12:38:00+00:00,91026.41999422466
2024-11-14 12:39:00+00:00,91122.12741016108
2024-11-14 12:40:00+00:00,91203.47323995129
2024-11-14 12:41:00+00:00,91189.7010995671
2024-11-14 12:42:00+00:00,91191.54694425789
2024-11-14 12:43:00+00:00,91170.10382619973
2024-11-14 12:44:00+00:00,91149.79784269663
2024-11-14 12:45:00+00:00,91112.65297904192
2024-11-14 12:46:00+00:00,91157.53959522229
2024-11-14 12:47:00+00:00,91146.1176691332
2024-11-14 12:48:00+00:00,91143.61908644401
2024-11-14 12:49:00+00:00,91152.28578611898
2024-11-14 12:50:00+00:00,91129.37716777835
2024-11-14 12:51:00+00:00,91097.85197133519
2024-11-14 12:52:00+00:00,91171.40203281677
2024-11-14 12:53:00+00:00,91154.21743940336
2024-11-14 12:54:00+00:00,91177.29088348272
2024-11-14 12:55:00+00:00,91216.44365450398
2024-11-14 12:56:00+00:00,91247.85967902995
2024-11-14 12:57:00+00:00,91266.331975
2024-11-14 12:58:00+00:00,91291.7024970484
2024-11-14 12:59:00+00:00,91264.46089908257
2024-11-14 13:00:00+00:00,91243.86945168539
2024-11-14 13:01:00+00:00,91267.35576858108
2024-11-14 13:02:00+00:00,91340.38247885491
2024-11-14 13:03:00+00:00,91306.64590738423
2024-11-14 13:04:00+00:00,91304.93970731707
2024-11-14 13:05:00+00:00,91207.57836760281
2024-11-14 13:06:00+00:00,91185.79840919332
2024-11-14 13:07:00+00:00,91228.76787366046
2024-11-14 13:08:00+00:00,91318.35401246106
2024-11-14 13:09:00+00:00,91231.48147314577
2024-11-14 13:10:00+00:00,91176.87312823164
2024-11-14 13:11:00+00:00,91109.59619722849
2024-11-14 13:12:00+00:00,91098.71290458016
2024-11-14 13:13:00+00:00,91103.94971596998
2024-11-14 13:14:00+00:00,91180.3652396373
2024-11-14 13:15:00+00:00,91166.34237643337
2024-11-14 13:16:00+00:00,91126.97899665551
2024-11-14 13:17:00+00:00,91076.53228658537
2024-11-14 13:18:00+00:00,91016.3084645529
2024-11-14 13:19:00+00:00,90974.42169631348
2024-11-14 13:20:00+00:00,91001.30387804878
2024-11-14 13:21:00+00:00,90998.11223160435
2024-11-14 13:22:00+00:00,90943.45876817792
2024-11-14 13:23:00+00:00,90961.42484900777
2024-11-14 13:24:00+00:00,91004.16124211547
2024-11-14 13:25:00+00:00,90968.5139539978
2024-11-14 13:26:00+00:00,90964.82395649218
2024-11-14 13:27:00+00:00,90982.37208121827
2024-11-14 13:28:00+00:00,90990.37818181817
2024-11-14 13:29:00+00:00,90956.24603404256
2024-11-14 13:30:00+00:00,90905.97213429926
2024-11-14 13:31:00+00:00,90948.90764705882
2024-11-14 13:32:00+00:00,90838.64902354145
2024-11-14 13:33:00+00:00,90734.01968426371
2024-11-14 13:34:00+00:00,90834.20273232723
2024-11-14 13:35:00+00:00,90834.08669214437
2024-11-14 13:36:00+00:00,90811.52884403137
2024-11-14 13:37:00+00:00,90707.05279629093
2024-11-14 13:38:00+00:00,90613.08765616363
2024-11-14 13:39:00+00:00,90769.93225997718
2024-11-14 13:40:00+00:00,90750.47581011352
2024-11-14 13:41:00+00:00,90719.57715643274
2024-11-14 13:42:00+00:00,90865.33112103981
2024-11-14 13:43:00+00:00,91096.22833466294
2024-11-14 13:44:00+00:00,90984.37489313194
2024-11-14 13:45:00+00:00,90943.6280550224
2024-11-14 13:46:00+00:00,90850.47355427252
2024-11-14 13:47:00+00:00,90881.57923680084
2024-11-14 13:48:00+00:00,90948.88154650228
2024-11-14 13:49:00+00:00,90916.05644586895
2024-11-14 13:50:00+00:00,90841.48441907321
2024-11-14 13:51:00+00:00,90781.75944555113
2024-11-14 13:52:00+00:00,90784.40029783394
2024-11-14 13:53:00+00:00,90776.43120975305
2024-11-14 13:54:00+00:00,90721.81972183973
2024-11-14 13:55:00+00:00,90672.8817863354
2024-11-14 13:56:00+00:00,90697.75170701808
2024-11-14 13:57:00+00:00,90675.66217692976
2024-11-14 13:58:00+00:00,90738.14511198009
2024-11-14 13:59:00+00:00,90760.40828683523
2024-11-14 14:00:00+00:00,90703.05347921829
2024-11-14 14:01:00+00:00,90660.04721602787
2024-11-14 14:02:00+00:00,90625.41968459151
2024-11-14 14:03:00+00:00,90665.8694664511
2024-11-14 14:04:00+00:00,90694.11280604378
2024-11-14 14:05:00+00:00,90678.57089175258
2024-11-14 14:06:00+00:00,90728.19397649082
2024-11-14 14:07:00+00:00,90760.64402581686
2024-11-14 14:08:00+00:00,90753.56317062819
2024-11-14 14:09:00+00:00,90780.33291932457
2024-11-14 14:10:00+00:00,90766.60219900498
2024-11-14 14:11:00+00:00,90854.10631698974
2024-11-14 14:12:00+00:00,90970.07429238985
2024-11-14 14:13:00+00:00,90998.84438130642
2024-11-14 14:14:00+00:00,90932.50354927365
2024-11-14 14:15:00+00:00,90878.12703739523
2024-11-14 14:16:00+00:00,90737.81075979659
2024-11-14 14:17:00+00:00,90830.32890000001
2024-11-14 14:18:00+00:00,90950.63629989586
2024-11-14 14:19:00+00:00,90995.99648311688
2024-11-14 14:20:00+00:00,91025.50157271702
2024-11-14 14:21:00+00:00,90944.94598884598
2024-11-14 14:22:00+00:00,90854.45348593657
2024-11-14 14:23:00+00:00,90872.16576973857
2024-11-14 14:24:00+00:00,90855.99188109161
2024-11-14 14:25:00+00:00,90991.19328445748
2024-11-14 14:26:00+00:00,91062.80246433841
2024-11-14 14:27:00+00:00,91160.84758593126
2024-11-14 14:28:00+00:00,91235.69770907566
2024-11-14 14:29:00+00:00,91262.53198375585
2024-11-14 14:30:00+00:00,91382.9662491846
2024-11-14 14:31:00+00:00,91436.95032236249
2024-11-14 14:32:00+00:00,91500.1030149413
2024-11-14 14:33:00+00:00,91644.00909901367
2024-11-14 14:34:00+00:00,91661.10107778072
2024-11-14 14:35:00+00:00,91566.31549411162
2024-11-14 14:36:00+00:00,91223.55870745542
2024-11-14 14:37:00+00:00,91021.088391581
2024-11-14 14:38:00+00:00,90414.26615263645
2024-11-14 14:39:00+00:00,90474.12246478873
2024-11-14 14:40:00+00:00,90362.77923444976
2024-11-14 14:41:00+00:00,90053.72977198698
2024-11-14 14:42:00+00:00,89778.46941905208
2024-11-14 14:43:00+00:00,89570.70532741664
2024-11-14 14:44:00+00:00,89693.94385564572
2024-11-14 14:45:00+00:00,89593.20902924967
2024-11-14 14:46:00+00:00,89301.52780895123
2024-11-14 14:47:00+00:00,89042.51982771725
2024-11-14 14:48:00+00:00,89241.92568517217
2024-11-14 14:49:00+00:00,89062.09896580396
2024-11-14 14:50:00+00:00,89263.36088135281
2024-11-14 14:51:00+00:00,89380.11045271282
2024-11-14 14:52:00+00:00,89172.05242718446
2024-11-14 14:53:00+00:00,89045.90524527188
2024-11-14 14:54:00+00:00,89195.06494912699
2024-11-14 14:55:00+00:00,89250.98386749717
2024-11-14 14:56:00+00:00,89169.99831555306
2024-11-14 14:57:00+00:00,89154.17527070736
2024-11-14 14:58:00+00:00,89058.2522036581
2024-11-14 14:59:00+00:00,88858.97544571095
2024-11-14 15:00:00+00:00,88574.61866507675
2024-11-14 15:01:00+00:00,88420.57832120452
2024-11-14 15:02:00+00:00,88766.00908155447
2024-11-14 15:03:00+00:00,88936.85642419601
2024-11-14 15:04:00+00:00,89083.02677902622
2024-11-14 15:05:00+00:00,89021.41583815028
2024-11-14 15:06:00+00:00,88997.00432258064
2024-11-14 15:07:00+00:00,89062.5005980827
2024-11-14 15:08:00+00:00,89238.88296275631
2024-11-14 15:09:00+00:00,89165.5956293067
2024-11-14 15:10:00+00:00,89045.58073231425
2024-11-14 15:11:00+00:00,89085.8517905746
2024-11-14 15:12:00+00:00,89144.54157100689
2024-11-14 15:13:00+00:00,89331.89234838709
2024-11-14 15:14:00+00:00,89351.21307730062
2024-11-14 15:15:00+00:00,89476.231659084
2024-11-14 15:16:00+00:00,89479.8838056503
2024-11-14 15:17:00+00:00,89321.21119166029
2024-11-14 15:18:00+00:00,89124.65984019105
2024-11-14 15:19:00+00:00,88951.39909372454
2024-11-14 15:20:00+00:00,88945.49407505812
2024-11-14 15:21:00+00:00,88687.11462315006
2024-11-14 15:22:00+00:00,88706.24700969896
2024-11-14 15:23:00+00:00,88762.84001267426
2024-11-14 15:24:00+00:00,88614.73203155542
2024-11-14 15:25:00+00:00,88559.16307839127
2024-11-14 15:26:00+00:00,88680.85201017004
2024-11-14 15:27:00+00:00,88867.59636538797
2024-11-14 15:28:00+00:00,88937.0542898635
2024-11-14 15:29:00+00:00,89060.38042280186
2024-11-14 15:30:00+00:00,89073.04057235834
2024-11-14 15:31:00+00:00,88946.80766266331
2024-11-14 15:32:00+00:00,88600.73516001877
2024-11-14 15:33:00+00:00,88589.06252318791
2024-11-14 15:34:00+00:00,88773.2407686018
2024-11-14 15:35:00+00:00,88841.90519836957
2024-11-14 15:36:00+00:00,88851.01779902756
2024-11-14 15:37:00+00:00,88858.47710432665
2024-11-14 15:38:00+00:00,88983.81859740647
2024-11-14 15:39:00+00:00,89003.10687473461
2024-11-14 15:40:00+00:00,88954.51591029762
2024-11-14 15:41:00+00:00,88841.51117425825
2024-11-14 15:42:00+00:00,88746.4028041342
2024-11-14 15:43:00+00:00,88713.6674389002
2024-11-14 15:44:00+00:00,88761.00498135322
2024-11-14 15:45:00+00:00,88656.90817068906
2024-11-14 15:46:00+00:00,88630.80053291084
2024-11-14 15:47:00+00:00,88576.66569104268
2024-11-14 15:48:00+00:00,88527.55117523609
2024-11-14 15:49:00+00:00,88219.05801772834
2024-11-14 15:50:00+00:00,88280.20903753734
2024-11-14 15:51:00+00:00,88127.90804135079
2024-11-14 15:52:00+00:00,88180.47495635912
2024-11-14 15:53:00+00:00,88236.6291168543
2024-11-14 15:54:00+00:00,88197.08041508959
2024-11-14 15:55:00+00:00,88117.96394217208
2024-11-14 15:56:00+00:00,88044.46147241992
2024-11-14 15:57:00+00:00,88071.03211643687
2024-11-14 15:58:00+00:00,88045.05867195243
2024-11-14 15:59:00+00:00,87951.6812787689
2024-11-14 16:00:00+00:00,87991.05228248588
2024-11-14 16:01:00+00:00,88139.12917394757
2024-11-14 16:02:00+00:00,88036.1796226084
2024-11-14 16:03:00+00:00,87847.04201948503
2024-11-14 16:04:00+00:00,87656.01430386052
2024-11-14 16:05:00+00:00,87982.12556051246
2024-11-14 16:06:00+00:00,88101.85098982294
2024-11-14 16:07:00+00:00,88084.95199157747
2024-11-14 16:08:00+00:00,88044.70900322153
2024-11-14 16:09:00+00:00,88129.84165389815
2024-11-14 16:10:00+00:00,88046.2913570241
2024-11-14 16:11:00+00:00,87821.51323535723
2024-11-14 16:12:00+00:00,87816.02109702093
2024-11-14 16:13:00+00:00,87774.96245829675
2024-11-14 16:14:00+00:00,87757.3726493566
2024-11-14 16:15:00+00:00,87753.22965474975
2024-11-14 16:16:00+00:00,87938.9071716418
2024-11-14 16:17:00+00:00,88074.59624074074
2024-11-14 16:18:00+00:00,88140.585770751
2024-11-14 16:19:00+00:00,88232.67460083449
2024-11-14 16:20:00+00:00,88278.60848189957
2024-11-14 16:21:00+00:00,88260.72218584346
2024-11-14 16:22:00+00:00,88424.63082355815
2024-11-14 16:23:00+00:00,88418.6844543974
2024-11-14 16:24:00+00:00,88461.23740899972
2024-11-14 16:25:00+00:00,88441.747580098
2024-11-14 16:26:00+00:00,88437.87431356944
2024-11-14 16:27:00+00:00,88380.89467452587
2024-11-14 16:28:00+00:00,88347.99950057187
2024-11-14 16:29:00+00:00,88297.18122954652
2024-11-14 16:30:00+00:00,88257.7880987203
2024-11-14 16:31:00+00:00,88327.57349169564
2024-11-14 16:32:00+00:00,88405.19914947521
2024-11-14 16:33:00+00:00,88377.46374284456
2024-11-14 16:34:00+00:00,88328.39325276243
2024-11-14 16:35:00+00:00,88309.81101346298
2024-11-14 16:36:00+00:00,88406.53817531305
2024-11-14 16:37:00+00:00,88409.04111978284
2024-11-14 16:38:00+00:00,88445.52317208904
2024-11-14 16:39:00+00:00,88541.77875853507
2024-11-14 16:40:00+00:00,88600.37428668019
2024-11-14 16:41:00+00:00,88792.51714344011
2024-11-14 16:42:00+00:00,88889.31375078931
2024-11-14 16:43:00+00:00,88780.6567714373
2024-11-14 16:44:00+00:00,88795.63143139191
2024-11-14 16:45:00+00:00,88792.07091588785
2024-11-14 16:46:00+00:00,88648.46082494316
2024-11-14 16:47:00+00:00,88580.88703543914
2024-11-14 16:48:00+00:00,88701.87607784431
2024-11-14 16:49:00+00:00,88805.49768192969
2024-11-14 16:50:00+00:00,88766.84503887448
2024-11-14 16:51:00+00:00,88876.73562820513
2024-11-14 16:52:00+00:00,88836.7961368053
2024-11-14 16:53:00+00:00,88870.782578125
2024-11-14 16:54:00+00:00,88959.17777888778
2024-11-14 16:55:00+00:00,89111.97630574713
2024-11-14 16:56:00+00:00,89196.35548247199
2024-11-14 16:57:00+00:00,89125.97942140792
2024-11-14 16:58:00+00:00,89111.53373714797
2024-11-14 16:59:00+00:00,89158.37431657355
2024-11-14 17:00:00+00:00,89095.90277974504
2024-11-14 17:01:00+00:00,88942.87769620253
2024-11-14 17:02:00+00:00,88929.2949001536
2024-11-14 17:03:00+00:00,88971.54832912672
2024-11-14 17:04:00+00:00,88979.66257080609
2024-11-14 17:05:00+00:00,88984.66677028452
2024-11-14 17:06:00+00:00,88991.82629431764
2024-11-14 17:07:00+00:00,89153.45689347913
2024-11-14 17:08:00+00:00,89195.6165917782
2024-11-14 17:09:00+00:00,89168.39532744074
2024-11-14 17:10:00+00:00,89130.4733286052
2024-11-14 17:11:00+00:00,89056.73030690537
2024-11-14 17:12:00+00:00,89113.79885265701
2024-11-14 17:13:00+00:00,89100.80735947711
2024-11-14 17:14:00+00:00,88876.29273088685
2024-11-14 17:15:00+00:00,88828.63847861179
2024-11-14 17:16:00+00:00,88736.67609862462
2024-11-14 17:17:00+00:00,88792.4451409836
2024-11-14 17:18:00+00:00,88864.09367454068
2024-11-14 17:19:00+00:00,88886.01133444076
2024-11-14 17:20:00+00:00,88889.66951434035
2024-11-14 17:21:00+00:00,88896.90380486158
2024-11-14 17:22:00+00:00,88893.78451790634
2024-11-14 17:23:00+00:00,88902.87298780488
2024-11-14 17:24:00+00:00,88908.56051804424
2024-11-14 17:25:00+00:00,88918.51364089776
2024-11-14 17:26:00+00:00,88936.7955079765
2024-11-14 17:27:00+00:00,88834.56023576512
2024-11-14 17:28:00+00:00,88717.62846841812
2024-11-14 17:29:00+00:00,88632.85791936287
2024-11-14 17:30:00+00:00,88654.95174828375
2024-11-14 17:31:00+00:00,88650.42054236202
2024-11-14 17:32:00+00:00,88654.0117242851
2024-11-14 17:33:00+00:00,88630.36723809523
2024-11-14 17:34:00+00:00,88665.3311399882
2024-11-14 17:35:00+00:00,88779.35793763289
2024-11-14 17:36:00+00:00,88836.25958662332
2024-11-14 17:37:00+00:00,88939.56631073145
2024-11-14 17:38:00+00:00,88898.46316079295
2024-11-14 17:39:00+00:00,88929.0885111921
2024-11-14 17:40:00+00:00,89010.24964517525
2024-11-14 17:41:00+00:00,89064.01305898491
2024-11-14 17:42:00+00:00,89124.15109459459
2024-11-14 17:43:00+00:00,89048.5410057708
2024-11-14 17:44:00+00:00,89016.02848502304
2024-11-14 17:45:00+00:00,89067.09036659877
2024-11-14 17:46:00+00:00,89162.06263490726
2024-11-14 17:47:00+00:00,89270.94558362036
2024-11-14 17:48:00+00:00,89281.30428735632
2024-11-14 17:49:00+00:00,89166.68002004811
2024-11-14 17:50:00+00:00,89121.34101811907
2024-11-14 17:51:00+00:00,89167.4528284983
2024-11-14 17:52:00+00:00,89261.03688166311
2024-11-14 17:53:00+00:00,89270.96485301977
2024-11-14 17:54:00+00:00,89334.48816747854
2024-11-14 17:55:00+00:00,89037.61848745696
2024-11-14 17:56:00+00:00,89031.22828667413
2024-11-14 17:57:00+00:00,89182.14499709809
2024-11-14 17:58:00+00:00,89266.21446047317
2024-11-14 17:59:00+00:00,89240.67439303212
2024-11-14 18:00:00+00:00,89206.57280985374
2024-11-14 18:01:00+00:00,89166.61978593272
2024-11-14 18:02:00+00:00,89192.00769736842
2024-11-14 18:03:00+00:00,89298.59747389359
2024-11-14 18:04:00+00:00,89402.26810047847
2024-11-14 18:05:00+00:00,89468.82549952876
2024-11-14 18:06:00+00:00,89567.66329383885
2024-11-14 18:07:00+00:00,89605.46781449275
2024-11-14 18:08:00+00:00,89614.03296568627
2024-11-14 18:09:00+00:00,89637.78543302852
2024-11-14 18:10:00+00:00,89585.12004790419
2024-11-14 18:11:00+00:00,89624.69927111926
2024-11-14 18:12:00+00:00,89491.29145425702
2024-11-14 18:13:00+00:00,89589.48139496718
2024-11-14 18:14:00+00:00,89602.69339234252
2024-11-14 18:15:00+00:00,89622.80954876938
2024-11-14 18:16:00+00:00,89545.85167561121
2024-11-14 18:17:00+00:00,89496.92296889727
2024-11-14 18:18:00+00:00,89479.72027043269
2024-11-14 18:19:00+00:00,89480.23172362555
2024-11-14 18:20:00+00:00,89518.3816374269
2024-11-14 18:21:00+00:00,89502.00931905546
2024-11-14 18:22:00+00:00,89426.13084770823
2024-11-14 18:23:00+00:00,89488.1853034682
2024-11-14 18:24:00+00:00,89476.75065439672
2024-11-14 18:25:00+00:00,89446.59204890946
2024-11-14 18:26:00+00:00,89373.75917241379
2024-11-14 18:27:00+00:00,89404.51794849022
2024-11-14 18:28:00+00:00,89377.8873658872
2024-11-14 18:29:00+00:00,89334.91399293287
2024-11-14 18:30:00+00:00,89352.75398069964
2024-11-14 18:31:00+00:00,89251.27197320342
2024-11-14 18:32:00+00:00,89148.59354355017
2024-11-14 18:33:00+00:00,89186.59162386082
2024-11-14 18:34:00+00:00,89193.98926864246
2024-11-14 18:35:00+00:00,89215.59292713567
2024-11-14 18:36:00+00:00,89356.41851248266
2024-11-14 18:37:00+00:00,89231.61559099438
2024-11-14 18:38:00+00:00,89096.65992733372
2024-11-14 18:39:00+00:00,89019.57569602273
2024-11-14 18:40:00+00:00,89034.35933223413
2024-11-14 18:41:00+00:00,88967.11646646645
2024-11-14 18:42:00+00:00,89034.35561293985
2024-11-14 18:43:00+00:00,89101.38070473877
2024-11-14 18:44:00+00:00,89098.11697728596
2024-11-14 18:45:00+00:00,89099.36182966776
2024-11-14 18:46:00+00:00,89094.32882596685
2024-11-14 18:47:00+00:00,89081.97503912363
2024-11-14 18:48:00+00:00,89153.77477867203
2024-11-14 18:49:00+00:00,89097.02188729875
2024-11-14 18:50:00+00:00,89108.08954782608
2024-11-14 18:51:00+00:00,89127.2399703616
2024-11-14 18:52:00+00:00,89172.75742505764
2024-11-14 18:53:00+00:00,89197.35901525659
2024-11-14 18:54:00+00:00,89264.97980049875
2024-11-14 18:55:00+00:00,89223.86239744758
2024-11-14 18:56:00+00:00,89131.48312144211
2024-11-14 18:57:00+00:00,89083.58242240726
2024-11-14 18:58:00+00:00,89111.60490703314
2024-11-14 18:59:00+00:00,89101.45006543075
2024-11-14 19:00:00+00:00,89174.47528936743
2024-11-14 19:01:00+00:00,89287.43439869281
2024-11-14 19:02:00+00:00,89361.98620612815
2024-11-14 19:03:00+00:00,89450.51580048271
2024-11-14 19:04:00+00:00,89479.14860831235
2024-11-14 19:05:00+00:00,89543.89138828633
2024-11-14 19:06:00+00:00,89550.16654425612
2024-11-14 19:07:00+00:00,89494.95454545454
2024-11-14 19:08:00+00:00,89413.84873279545
2024-11-14 19:09:00+00:00,89362.42890027323
2024-11-14 19:10:00+00:00,89426.20396805897
2024-11-14 19:11:00+00:00,89453.65476128188
2024-11-14 19:12:00+00:00,89426.77466192172
2024-11-14 19:13:00+00:00,89440.59010981469
2024-11-14 19:14:00+00:00,89500.46632135307
2024-11-14 19:15:00+00:00,89486.63540432803
2024-11-14 19:16:00+00:00,89441.34115260786
2024-11-14 19:17:00+00:00,89538.48779320248
2024-11-14 19:18:00+00:00,89537.69724414716
2024-11-14 19:19:00+00:00,89545.74990243903
2024-11-14 19:20:00+00:00,89555.30190555096
2024-11-14 19:21:00+00:00,89495.51487399465
2024-11-14 19:22:00+00:00,89574.7263088058
2024-11-14 19:23:00+00:00,89556.15568240343
2024-11-14 19:24:00+00:00,89470.02741
2024-11-14 19:25:00+00:00,89358.35375573921
2024-11-14 19:26:00+00:00,89397.89913978495
2024-11-14 19:27:00+00:00,89479.80634382568
2024-11-14 19:28:00+00:00,89504.64794197031
2024-11-14 19:29:00+00:00,89508.32618279569
2024-11-14 19:30:00+00:00,89508.3860700389
2024-11-14 19:31:00+00:00,89475.62049795919
2024-11-14 19:32:00+00:00,89492.45541186513
2024-11-14 19:33:00+00:00,89438.91183653846
2024-11-14 19:34:00+00:00,89404.60103603604
2024-11-14 19:35:00+00:00,89399.51443758573
2024-11-14 19:36:00+00:00,89382.47430686405
2024-11-14 19:37:00+00:00,89360.02354430381
2024-11-14 19:38:00+00:00,89318.74741192412
2024-11-14 19:39:00+00:00,89273.63747812252
2024-11-14 19:40:00+00:00,89387.30459042985
2024-11-14 19:41:00+00:00,89349.35332790886
2024-11-14 19:42:00+00:00,89302.62275386314
2024-11-14 19:43:00+00:00,89381.72534372135
2024-11-14 19:44:00+00:00,89430.11551942186
2024-11-14 19:45:00+00:00,89471.00336229947
2024-11-14 19:46:00+00:00,89403.15265547877
2024-11-14 19:47:00+00:00,89316.81004651163
2024-11-14 19:48:00+00:00,89221.10423047763
2024-11-14 19:49:00+00:00,89217.77514450866
2024-11-14 19:50:00+00:00,89251.91620245004
2024-11-14 19:51:00+00:00,89331.26007819288
2024-11-14 19:52:00+00:00,89452.89073711676
2024-11-14 19:53:00+00:00,89451.4571031746
2024-11-14 19:54:00+00:00,89458.19912946428
2024-11-14 19:55:00+00:00,89516.55036352434
2024-11-14 19:56:00+00:00,89604.18002452483
2024-11-14 19:57:00+00:00,89472.51514072373
2024-11-14 19:58:00+00:00,89426.31264568765
2024-11-14 19:59:00+00:00,89462.59816017316
2024-11-14 20:00:00+00:00,89313.65723574632
2024-11-14 20:01:00+00:00,89147.52839933994
2024-11-14 20:02:00+00:00,89120.7682037736
2024-11-14 20:03:00+00:00,89110.86668529904
2024-11-14 20:04:00+00:00,89057.57157823129
2024-11-14 20:05:00+00:00,88958.16678489327
2024-11-14 20:06:00+00:00,88855.08180571107
2024-11-14 20:07:00+00:00,88618.91548159278
2024-11-14 20:08:00+00:00,88478.5563627907
2024-11-14 20:09:00+00:00,88488.737353566
2024-11-14 20:10:00+00:00,88259.34377619048
2024-11-14 20:11:00+00:00,88108.42842299378
2024-11-14 20:12:00+00:00,88253.86488358029
2024-11-14 20:13:00+00:00,88334.60953194476
2024-11-14 20:14:00+00:00,88244.73143599145
2024-11-14 20:15:00+00:00,88209.20782237558
2024-11-14 20:16:00+00:00,88393.34508937538
2024-11-14 20:17:00+00:00,88510.31123471308
2024-11-14 20:18:00+00:00,88556.47852812591
2024-11-14 20:19:00+00:00,88574.91325601013
2024-11-14 20:20:00+00:00,88581.92347375459
2024-11-14 20:21:00+00:00,88494.10777335984
2024-11-14 20:22:00+00:00,88428.77166715499
2024-11-14 20:23:00+00:00,88538.584032908
2024-11-14 20:24:00+00:00,88586.73706692914
2024-11-14 20:25:00+00:00,88526.10592255893
2024-11-14 20:26:00+00:00,88479.86505279035
2024-11-14 20:27:00+00:00,88477.52947056138
2024-11-14 20:28:00+00:00,88502.35506420134
2024-11-14 20:29:00+00:00,88505.31471246007
2024-11-14 20:30:00+00:00,88404.95109894408
2024-11-14 20:31:00+00:00,88310.23750534875
2024-11-14 20:32:00+00:00,88224.22329328915
2024-11-14 20:33:00+00:00,88164.41528388747
2024-11-14 20:34:00+00:00,88153.21441860465
2024-11-14 20:35:00+00:00,88135.06371935316
2024-11-14 20:36:00+00:00,88175.50964189554
2024-11-14 20:37:00+00:00,88081.40984697272
2024-11-14 20:38:00+00:00,87940.27916786226
2024-11-14 20:39:00+00:00,87888.76939107612
2024-11-14 20:40:00+00:00,87995.37289037433
2024-11-14 20:41:00+00:00,87963.24895348838
2024-11-14 20:42:00+00:00,87950.4317735849
2024-11-14 20:43:00+00:00,88002.25780261723
2024-11-14 20:44:00+00:00,87934.26001682086
2024-11-14 20:45:00+00:00,87995.52202964306
2024-11-14 20:46:00+00:00,87955.5586036961
2024-11-14 20:47:00+00:00,88059.47285117804
2024-11-14 20:48:00+00:00,87971.6974896511
2024-11-14 20:49:00+00:00,87838.96843797856
2024-11-14 20:50:00+00:00,87877.95062853342
2024-11-14 20:51:00+00:00,88000.04330197132
2024-11-14 20:52:00+00:00,87962.63638053798
2024-11-14 20:53:00+00:00,87905.79293507121
2024-11-14 20:54:00+00:00,87865.16538383221
2024-11-14 20:55:00+00:00,87830.43354037267
2024-11-14 20:56:00+00:00,87931.28301886792
2024-11-14 20:57:00+00:00,87807.20066522835
2024-11-14 20:58:00+00:00,87677.64456563706
2024-11-14 20:59:00+00:00,87615.46310968627
2024-11-14 21:00:00+00:00,87672.47778168188
2024-11-14 21:01:00+00:00,87797.01286493424
2024-11-14 21:02:00+00:00,87896.02693316412
2024-11-14 21:03:00+00:00,87779.38272319426
2024-11-14 21:04:00+00:00,87698.58599225557
2024-11-14 21:05:00+00:00,87710.55232136381
2024-11-14 21:06:00+00:00,87551.50097472924
2024-11-14 21:07:00+00:00,87364.07118356663
2024-11-14 21:08:00+00:00,87366.73948638477
2024-11-14 21:09:00+00:00,87169.00549529359
2024-11-14 21:10:00+00:00,87099.4231095868
2024-11-14 21:11:00+00:00,87131.96072896282
2024-11-14 21:12:00+00:00,87276.08425008313
2024-11-14 21:13:00+00:00,87299.3991363274
2024-11-14 21:14:00+00:00,87406.23689093484
2024-11-14 21:15:00+00:00,87547.34361642294
2024-11-14 21:16:00+00:00,87652.8295518797
2024-11-14 21:17:00+00:00,87763.0846439523
2024-11-14 21:18:00+00:00,87803.96572431634
2024-11-14 21:19:00+00:00,87844.10028896916
2024-11-14 21:20:00+00:00,87894.96256124722
2024-11-14 21:21:00+00:00,87961.1212777974
2024-11-14 21:22:00+00:00,87991.61684304931
2024-11-14 21:23:00+00:00,87978.28819786097
2024-11-14 21:24:00+00:00,88001.78922200199
2024-11-14 21:25:00+00:00,87983.78834895458
2024-11-14 21:26:00+00:00,88023.59400497512
2024-11-14 21:27:00+00:00,87997.46858201058
2024-11-14 21:28:00+00:00,88063.5911738649
2024-11-14 21:29:00+00:00,88060.38296825398
2024-11-14 21:30:00+00:00,88159.52218164498
2024-11-14 21:31:00+00:00,88134.63682438582
2024-11-14 21:32:00+00:00,88122.70677015756
2024-11-14 21:33:00+00:00,88042.1612211838
2024-11-14 21:34:00+00:00,88043.65192907801
2024-11-14 21:35:00+00:00,87962.54976175145
2024-11-14 21:36:00+00:00,87973.24659324523
2024-11-14 21:37:00+00:00,87964.96444933921
2024-11-14 21:38:00+00:00,87989.58772727272
2024-11-14 21:39:00+00:00,87968.24175865295
2024-11-14 21:40:00+00:00,87942.86241935483
2024-11-14 21:41:00+00:00,87816.53098731884
2024-11-14 21:42:00+00:00,87831.65609122119
2024-11-14 21:43:00+00:00,87920.0972426206
2024-11-14 21:44:00+00:00,87973.62470552519
2024-11-14 21:45:00+00:00,88000.00337780472
2024-11-14 21:46:00+00:00,88088.77003861005
2024-11-14 21:47:00+00:00,88165.56697052775
2024-11-14 21:48:00+00:00,88093.42002979737
2024-11-14 21:49:00+00:00,88106.659225
2024-11-14 21:50:00+00:00,88094.33619667389
2024-11-14 21:51:00+00:00,88208.61650259067
2024-11-14 21:52:00+00:00,88179.10594100074
2024-11-14 21:53:00+00:00,88145.82419089413
2024-11-14 21:54:00+00:00,88153.58600128371
2024-11-14 21:55:00+00:00,88181.40064528446
2024-11-14 21:56:00+00:00,88211.26176503972
2024-11-14 21:57:00+00:00,88193.2988213628
2024-11-14 21:58:00+00:00,88192.92270248597
2024-11-14 21:59:00+00:00,88242.19265027322
2024-11-14 22:00:00+00:00,88274.2372064057
2024-11-14 22:01:00+00:00,88310.55014810045
2024-11-14 22:02:00+00:00,88331.70227634194
2024-11-14 22:03:00+00:00,88322.64774746688
2024-11-14 22:04:00+00:00,88268.61880341881
2024-11-14 22:05:00+00:00,88220.90506797584
2024-11-14 22:06:00+00:00,88187.43952117863
2024-11-14 22:07:00+00:00,88147.58883838385
2024-11-14 22:08:00+00:00,88034.64892352655
2024-11-14 22:09:00+00:00,87809.57758871437
2024-11-14 22:10:00+00:00,87569.66021733636
2024-11-14 22:11:00+00:00,87610.30861491628
2024-11-14 22:12:00+00:00,87760.39460903085
2024-11-14 22:13:00+00:00,87842.49053485577
2024-11-14 22:14:00+00:00,87864.97625646924
2024-11-14 22:15:00+00:00,88023.49652871622
2024-11-14 22:16:00+00:00,88145.31136206897
2024-11-14 22:17:00+00:00,88125.46962668785
2024-11-14 22:18:00+00:00,87924.84496562261
2024-11-14 22:19:00+00:00,87878.58899784017
2024-11-14 22:20:00+00:00,87980.98878031879
2024-11-14 22:21:00+00:00,87977.36757038582
2024-11-14 22:22:00+00:00,87950.96978260869
2024-11-14 22:23:00+00:00,87991.48307603686
2024-11-14 22:24:00+00:00,87997.31295993458
2024-11-14 22:25:00+00:00,87881.50866273353
2024-11-14 22:26:00+00:00,87913.61008426966
2024-11-14 22:27:00+00:00,87865.53941253263
2024-11-14 22:28:00+00:00,87799.68542288557
2024-11-14 22:29:00+00:00,87764.1868005739
2024-11-14 22:30:00+00:00,87764.65972431077
2024-11-14 22:31:00+00:00,87595.76510775862
2024-11-14 22:32:00+00:00,87562.37076409944
2024-11-14 22:33:00+00:00,87345.15892470966
2024-11-14 22:34:00+00:00,87137.69798122066
2024-11-14 22:35:00+00:00,87092.2793357488
2024-11-14 22:36:00+00:00,87325.17098650051
2024-11-14 22:37:00+00:00,87419.79836111111
2024-11-14 22:38:00+00:00,87458.32221435316
2024-11-14 22:39:00+00:00,87494.18795902285
2024-11-14 22:40:00+00:00,87395.11062547099
2024-11-14 22:41:00+00:00,87646.1037537994
2024-11-14 22:42:00+00:00,87782.35173512748
2024-11-14 22:43:00+00:00,87839.86726443768
2024-11-14 22:44:00+00:00,87863.42148695653
2024-11-14 22:45:00+00:00,87808.0631974249
2024-11-14 22:46:00+00:00,87796.03625310173
2024-11-14 22:47:00+00:00,87826.45643086816
2024-11-14 22:48:00+00:00,87962.62392553885
2024-11-14 22:49:00+00:00,87980.11604553903
2024-11-14 22:50:00+00:00,87988.05322580645
2024-11-14 22:51:00+00:00,88055.1348442211
2024-11-14 22:52:00+00:00,88090.90712809916
2024-11-14 22:53:00+00:00,88103.20743034055
2024-11-14 22:54:00+00:00,88046.41634285713
2024-11-14 22:55:00+00:00,87971.27103135888
2024-11-14 22:56:00+00:00,87870.32940273038
2024-11-14 22:57:00+00:00,87786.2656855151
2024-11-14 22:58:00+00:00,87650.46029092488
2024-11-14 22:59:00+00:00,87666.77090909092
2024-11-14 23:00:00+00:00,87686.36790836653
2024-11-14 23:01:00+00:00,87572.77813655761
2024-11-14 23:02:00+00:00,87516.90766069294
2024-11-14 23:03:00+00:00,87408.91018518517
2024-11-14 23:04:00+00:00,87382.51365653807
2024-11-14 23:05:00+00:00,87312.49315900131
2024-11-14 23:06:00+00:00,87239.17160407726
2024-11-14 23:07:00+00:00,87187.67354904833
2024-11-14 23:08:00+00:00,87352.4189376054
2024-11-14 23:09:00+00:00,87363.49626984127
2024-11-14 23:10:00+00:00,87219.80972109761
2024-11-14 23:11:00+00:00,87092.51785945073
2024-11-14 23:12:00+00:00,87074.15065873016
2024-11-14 23:13:00+00:00,87073.89576967592
2024-11-14 23:14:00+00:00,87008.07577881911
2024-11-14 23:15:00+00:00,87072.95780589544
2024-11-14 23:16:00+00:00,87230.59910536243
2024-11-14 23:17:00+00:00,87321.19573493976
2024-11-14 23:18:00+00:00,87436.84715265248
2024-11-14 23:19:00+00:00,87447.46462911322
2024-11-14 23:20:00+00:00,87512.63969818021
2024-11-14 23:21:00+00:00,87590.57433589462
2024-11-14 23:22:00+00:00,87500.60798979591
2024-11-14 23:23:00+00:00,87295.53870714986
2024-11-14 23:24:00+00:00,87164.51091257669
2024-11-14 23:25:00+00:00,87138.19142120075
2024-11-14 23:26:00+00:00,87060.9884580627
2024-11-14 23:27:00+00:00,87233.9460276873
2024-11-14 23:28:00+00:00,87200.76799210144
2024-11-14 23:29:00+00:00,87356.64655745063
2024-11-14 23:30:00+00:00,87375.91976349101
2024-11-14 23:31:00+00:00,87293.97336864407
2024-11-14 23:32:00+00:00,87118.10274749066
2024-11-14 23:33:00+00:00,87077.24478207863
2024-11-14 23:34:00+00:00,87065.05668175645
2024-11-14 23:35:00+00:00,87001.15098630136
2024-11-14 23:36:00+00:00,87047.90159075458
2024-11-14 23:37:00+00:00,87020.94411356209
2024-11-14 23:38:00+00:00,87066.09905272983
2024-11-14 23:39:00+00:00,86977.7356056491
2024-11-14 23:40:00+00:00,86881.43140975336
2024-11-14 23:41:00+00:00,86760.28536854552
2024-11-14 23:42:00+00:00,86969.857079906
2024-11-14 23:43:00+00:00,87099.16721921516
2024-11-14 23:44:00+00:00,87245.23873824452
2024-11-14 23:45:00+00:00,87260.54807010635
2024-11-14 23:46:00+00:00,87188.16950966253
2024-11-14 23:47:00+00:00,87296.66260507246
2024-11-14 23:48:00+00:00,87336.02187499999
2024-11-14 23:49:00+00:00,87310.55579003748
2024-11-14 23:50:00+00:00,87235.51001128032
2024-11-14 23:51:00+00:00,87197.28897114862
2024-11-14 23:52:00+00:00,87064.97245063879
2024-11-14 23:53:00+00:00,87211.05915646853
2024-11-14 23:54:00+00:00,87326.5567948718
2024-11-14 23:55:00+00:00,87341.94196428571
2024-11-14 23:56:00+00:00,87221.9011922141
2024-11-14 23:57:00+00:00,87116.79306907742
2024-11-14 23:58:00+00:00,87219.64689213895
2024-11-14 23:59:00+00:00,87305.91392778994
2024-11-15 00:00:00+00:00,87297.09314144737
2024-11-15 00:01:00+00:00,87524.07878896884
2024-11-15 00:02:00+00:00,87573.2786251497
2024-11-15 00:03:00+00:00,87593.80062090573
2024-11-15 00:04:00+00:00,87660.16556370915
2024-11-15 00:05:00+00:00,87782.60654330265
2024-11-15 00:06:00+00:00,87855.39808902878
2024-11-15 00:07:00+00:00,87864.49155998713
2024-11-15 00:08:00+00:00,87957.16010729615
2024-11-15 00:09:00+00:00,87940.78546369898
2024-11-15 00:10:00+00:00,88042.87736208345
2024-11-15 00:11:00+00:00,87975.51245974956
2024-11-15 00:12:00+00:00,88016.54800431499
2024-11-15 00:13:00+00:00,88177.62622671634
2024-11-15 00:14:00+00:00,88200.04944378228
2024-11-15 00:15:00+00:00,88177.25084856848
2024-11-15 00:16:00+00:00,88295.1174930748
2024-11-15 00:17:00+00:00,88243.41320618556
2024-11-15 00:18:00+00:00,88290.38312640575
2024-11-15 00:19:00+00:00,88234.88390092879
2024-11-15 00:20:00+00:00,88173.12892036754
2024-11-15 00:21:00+00:00,88138.83196445277
2024-11-15 00:22:00+00:00,88130.492413584
2024-11-15 00:23:00+00:00,88111.49409707724
2024-11-15 00:24:00+00:00,88002.00315501264
2024-11-15 00:25:00+00:00,88066.5939881495
2024-11-15 00:26:00+00:00,88107.22245112238
2024-11-15 00:27:00+00:00,88230.10846637335
2024-11-15 00:28:00+00:00,88180.05219910012
2024-11-15 00:29:00+00:00,88198.66923497267
2024-11-15 00:30:00+00:00,88254.15605473204
2024-11-15 00:31:00+00:00,88207.23432825485
2024-11-15 00:32:00+00:00,88261.75823398742
2024-11-15 00:33:00+00:00,88290.7430945946
2024-11-15 00:34:00+00:00,88338.0650058072
2024-11-15 00:35:00+00:00,88394.84145733042
2024-11-15 00:36:00+00:00,88315.9750256082
2024-11-15 00:37:00+00:00,88277.39688903566
2024-11-15 00:38:00+00:00,88247.66878646442
2024-11-15 00:39:00+00:00,88255.72420475319
2024-11-15 00:40:00+00:00,88230.3014647378
2024-11-15 00:41:00+00:00,88136.65194648829
2024-11-15 00:42:00+00:00,88113.445528
2024-11-15 00:43:00+00:00,88095.75074985003
2024-11-15 00:44:00+00:00,88058.46168625147
2024-11-15 00:45:00+00:00,88111.41508429458
2024-11-15 00:46:00+00:00,88107.47556557946
2024-11-15 00:47:00+00:00,88088.7489527897
2024-11-15 00:48:00+00:00,88070.66817410715
2024-11-15 00:49:00+00:00,87951.46870811073
2024-11-15 00:50:00+00:00,87917.86328911432
2024-11-15 00:51:00+00:00,87970.39339102565
2024-11-15 00:52:00+00:00,87967.35952759383
2024-11-15 00:53:00+00:00,88033.81005301524
2024-11-15 00:54:00+00:00,88000.55654688869
2024-11-15 00:55:00+00:00,88015.46567253653
2024-11-15 00:56:00+00:00,87990.97590034966
2024-11-15 00:57:00+00:00,87936.6743573382
2024-11-15 00:58:00+00:00,87879.32557847533
2024-11-15 00:59:00+00:00,87872.99693665627
2024-11-15 01:00:00+00:00,87928.2920931174
2024-11-15 01:01:00+00:00,87948.45756297598
2024-11-15 01:02:00+00:00,87827.4527620566
2024-11-15 01:03:00+00:00,87888.12578759484
2024-11-15 01:04:00+00:00,88032.53104785478
2024-11-15 01:05:00+00:00,88111.04810862134
2024-11-15 01:06:00+00:00,88075.39625383828
2024-11-15 01:07:00+00:00,88117.61211364843
2024-11-15 01:08:00+00:00,88090.78012354152
2024-11-15 01:09:00+00:00,88058.606795609
2024-11-15 01:10:00+00:00,88007.53598455599
2024-11-15 01:11:00+00:00,87834.48245578911
2024-11-15 01:12:00+00:00,87695.68035310095
2024-11-15 01:13:00+00:00,87711.51126369613
2024-11-15 01:14:00+00:00,87787.2130400782
2024-11-15 01:15:00+00:00,87797.50802216835
2024-11-15 01:16:00+00:00,87858.32817170113
2024-11-15 01:17:00+00:00,87958.91494158878
2024-11-15 01:18:00+00:00,87939.03983819908
2024-11-15 01:19:00+00:00,87917.58171277998
2024-11-15 01:20:00+00:00,87955.73767555556
2024-11-15 01:21:00+00:00,87806.37123815967
2024-11-15 01:22:00+00:00,87766.17254382215
2024-11-15 01:23:00+00:00,87749.11417484008
2024-11-15 01:24:00+00:00,87765.39368613139
2024-11-15 01:25:00+00:00,87694.15232514178
2024-11-15 01:26:00+00:00,87615.71945887446
2024-11-15 01:27:00+00:00,87493.82698313783
2024-11-15 01:28:00+00:00,87441.18518172724
2024-11-15 01:29:00+00:00,87595.33365591397
2024-11-15 01:30:00+00:00,87646.21707980383
2024-11-15 01:31:00+00:00,87696.7081315331
2024-11-15 01:32:00+00:00,87680.34418884433
2024-11-15 01:33:00+00:00,87846.31464035412
2024-11-15 01:34:00+00:00,87822.2588148148
2024-11-15 01:35:00+00:00,87880.0517884517
2024-11-15 01:36:00+00:00,87866.71603406327
2024-11-15 01:37:00+00:00,87722.61641666667
2024-11-15 01:38:00+00:00,87813.9069076923
2024-11-15 01:39:00+00:00,87873.90113528213
2024-11-15 01:40:00+00:00,87867.48996064541
2024-11-15 01:41:00+00:00,87967.4463354394
2024-11-15 01:42:00+00:00,87920.50382113822
2024-11-15 01:43:00+00:00,87955.31966049383
2024-11-15 01:44:00+00:00,87934.50285714286
2024-11-15 01:45:00+00:00,87964.90763011153
2024-11-15 01:46:00+00:00,87978.65084398977
2024-11-15 01:47:00+00:00,88084.2424219178
2024-11-15 01:48:00+00:00,88009.03985642498
2024-11-15 01:49:00+00:00,87974.81044303798
2024-11-15 01:50:00+00:00,87951.62317060637
2024-11-15 01:51:00+00:00,87922.13511373209
2024-11-15 01:52:00+00:00,87913.254375
2024-11-15 01:53:00+00:00,87879.4370967742
2024-11-15 01:54:00+00:00,87935.59765027322
2024-11-15 01:55:00+00:00,87968.811292517
2024-11-15 01:56:00+00:00,88026.3232799246
2024-11-15 01:57:00+00:00,88112.50681881697
2024-11-15 01:58:00+00:00,88103.79070019723
2024-11-15 01:59:00+00:00,88084.28381870782
2024-11-15 02:00:00+00:00,88109.18988433229
2024-11-15 02:01:00+00:00,88062.27344915255
2024-11-15 02:02:00+00:00,87997.65766627772
2024-11-15 02:03:00+00:00,87906.81541454082
2024-11-15 02:04:00+00:00,87885.65597886886
2024-11-15 02:05:00+00:00,88024.61824602251
2024-11-15 02:06:00+00:00,88034.1509879725
2024-11-15 02:07:00+00:00,88061.29614360162
2024-11-15 02:08:00+00:00,88101.58390243903
2024-11-15 02:09:00+00:00,88169.35718105423
2024-11-15 02:10:00+00:00,88143.68216329378
2024-11-15 02:11:00+00:00,88153.50001054296
2024-11-15 02:12:00+00:00,88141.69661381653
2024-11-15 02:13:00+00:00,88139.67945770065
2024-11-15 02:14:00+00:00,88058.51926360726
2024-11-15 02:15:00+00:00,88070.68092969204
2024-11-15 02:16:00+00:00,88081.28972002435
2024-11-15 02:17:00+00:00,88116.6426943942
2024-11-15 02:18:00+00:00,88049.57378103839
2024-11-15 02:19:00+00:00,88014.09851553045
2024-11-15 02:20:00+00:00,87960.97056129032
2024-11-15 02:21:00+00:00,87813.50483176313
2024-11-15 02:22:00+00:00,87791.80768898487
2024-11-15 02:23:00+00:00,87830.47708135861
2024-11-15 02:24:00+00:00,87871.65570526315
2024-11-15 02:25:00+00:00,87861.6481858407
2024-11-15 02:26:00+00:00,87873.36519064126
2024-11-15 02:27:00+00:00,88012.81403420524
2024-11-15 02:28:00+00:00,88059.26030252101
2024-11-15 02:29:00+00:00,88038.56468930635
2024-11-15 02:30:00+00:00,88047.34134459037
2024-11-15 02:31:00+00:00,88033.46011615629
2024-11-15 02:32:00+00:00,88008.78630613536
2024-11-15 02:33:00+00:00,88046.38472586873
2024-11-15 02:34:00+00:00,88089.98961098398
2024-11-15 02:35:00+00:00,88207.34980354391
2024-11-15 02:36:00+00:00,88314.47211663068
2024-11-15 02:37:00+00:00,88298.11683879973
2024-11-15 02:38:00+00:00,88271.19182481752
2024-11-15 02:39:00+00:00,88264.56823953823
2024-11-15 02:40:00+00:00,88274.53527308193
2024-11-15 02:41:00+00:00,88341.26309102605
2024-11-15 02:42:00+00:00,88368.0338137558
2024-11-15 02:43:00+00:00,88347.01302393747
2024-11-15 02:44:00+00:00,88358.0205086072
2024-11-15 02:45:00+00:00,88377.81402761795
2024-11-15 02:46:00+00:00,88418.6364017094
2024-11-15 02:47:00+00:00,88398.43894960966
2024-11-15 02:48:00+00:00,88379.45227362856
2024-11-15 02:49:00+00:00,88327.40988625593
2024-11-15 02:50:00+00:00,88307.56950302215
2024-11-15 02:51:00+00:00,88350.59605263158
2024-11-15 02:52:00+00:00,88339.69828987731
2024-11-15 02:53:00+00:00,88377.89829697987
2024-11-15 02:54:00+00:00,88412.77084379358
2024-11-15 02:55:00+00:00,88416.06370265152
2024-11-15 02:56:00+00:00,88381.32436038514
2024-11-15 02:57:00+00:00,88369.90354285714
2024-11-15 02:58:00+00:00,88370.06926715176
2024-11-15 02:59:00+00:00,88389.33341410878
2024-11-15 03:00:00+00:00,88329.66804587156
2024-11-15 03:01:00+00:00,88364.55212071778
2024-11-15 03:02:00+00:00,88303.2843768257
2024-11-15 03:03:00+00:00,88299.43764444444
2024-11-15 03:04:00+00:00,88366.83864833906
2024-11-15 03:05:00+00:00,88293.16302924791
2024-11-15 03:06:00+00:00,88268.18626613704
2024-11-15 03:07:00+00:00,88260.12585410895
2024-11-15 03:08:00+00:00,88227.40425548589
2024-11-15 03:09:00+00:00,88202.10771232877
2024-11-15 03:10:00+00:00,88183.97644937586
2024-11-15 03:11:00+00:00,88200.55166830226
2024-11-15 03:12:00+00:00,88267.47866877972
2024-11-15 03:13:00+00:00,88256.31011597939
2024-11-15 03:14:00+00:00,88219.35682593856
2024-11-15 03:15:00+00:00,88219.02875661376
2024-11-15 03:16:00+00:00,88220.21228291317
2024-11-15 03:17:00+00:00,88226.48016129032
2024-11-15 03:18:00+00:00,88228.73828162292
2024-11-15 03:19:00+00:00,88279.15019323672
2024-11-15 03:20:00+00:00,88325.74858212948
2024-11-15 03:21:00+00:00,88266.52903387704
2024-11-15 03:22:00+00:00,88205.50367346939
2024-11-15 03:23:00+00:00,88157.89386383731
2024-11-15 03:24:00+00:00,88179.54246575342
2024-11-15 03:25:00+00:00,88135.59759179266
2024-11-15 03:26:00+00:00,88164.83601368692
2024-11-15 03:27:00+00:00,88237.8180683031
2024-11-15 03:28:00+00:00,88235.39575757575
2024-11-15 03:29:00+00:00,88235.62150121065
2024-11-15 03:30:00+00:00,88244.81361918605
2024-11-15 03:31:00+00:00,88267.51703448276
2024-11-15 03:32:00+00:00,88230.05326771655
2024-11-15 03:33:00+00:00,88205.34261501211
2024-11-15 03:34:00+00:00,88219.59411167512
2024-11-15 03:35:00+00:00,88301.31897208987
2024-11-15 03:36:00+00:00,88291.3492159091
2024-11-15 03:37:00+00:00,88295.20023474179
2024-11-15 03:38:00+00:00,88330.29698357549
2024-11-15 03:39:00+00:00,88274.2311781889
2024-11-15 03:40:00+00:00,88246.39884408603
2024-11-15 03:41:00+00:00,88347.73391221375
2024-11-15 03:42:00+00:00,88441.48116462976
2024-11-15 03:43:00+00:00,88425.66235498841
2024-11-15 03:44:00+00:00,88396.89695493302
2024-11-15 03:45:00+00:00,88378.93170639899
2024-11-15 03:46:00+00:00,88328.38402420575
2024-11-15 03:47:00+00:00,88294.4240469738
2024-11-15 03:48:00+00:00,88304.22777988615
2024-11-15 03:49:00+00:00,88278.43578378379
2024-11-15 03:50:00+00:00,88260.26657480314
2024-11-15 03:51:00+00:00,88264.30018311292
2024-11-15 03:52:00+00:00,88217.68535962877
2024-11-15 03:53:00+00:00,88257.0999566474
2024-11-15 03:54:00+00:00,88304.72658018868
2024-11-15 03:55:00+00:00,88327.16587846764
2024-11-15 03:56:00+00:00,88317.1238976378
2024-11-15 03:57:00+00:00,88283.03828804348
2024-11-15 03:58:00+00:00,88245.20574183976
2024-11-15 03:59:00+00:00,88208.92339506173
2024-11-15 04:00:00+00:00,88193.31740184758
2024-11-15 04:01:00+00:00,88193.16968454259
2024-11-15 04:02:00+00:00,88217.87153846154
2024-11-15 04:03:00+00:00,88167.53009049775
2024-11-15 04:04:00+00:00,88141.2297810219
2024-11-15 04:05:00+00:00,88167.22861940299
2024-11-15 04:06:00+00:00,88173.90968817205
2024-11-15 04:07:00+00:00,88141.66871086556
2024-11-15 04:08:00+00:00,88210.38655209451
2024-11-15 04:09:00+00:00,88183.13609638554
2024-11-15 04:10:00+00:00,88201.0366523605
2024-11-15 04:11:00+00:00,88202.54662674651
2024-11-15 04:12:00+00:00,88173.645283237
2024-11-15 04:13:00+00:00,88141.45258701786
2024-11-15 04:14:00+00:00,88095.69661654135
2024-11-15 04:15:00+00:00,88051.18920251836
2024-11-15 04:16:00+00:00,88078.70084536081
2024-11-15 04:17:00+00:00,88090.69668639054
2024-11-15 04:18:00+00:00,88040.88828817735
2024-11-15 04:19:00+00:00,87964.33089562765
2024-11-15 04:20:00+00:00,87941.20608195543
2024-11-15 04:21:00+00:00,87897.11483619345
2024-11-15 04:22:00+00:00,87873.6269776482
2024-11-15 04:23:00+00:00,87785.26597956731
2024-11-15 04:24:00+00:00,87603.18090909091
2024-11-15 04:25:00+00:00,87583.0313014827
2024-11-15 04:26:00+00:00,87630.05572741193
2024-11-15 04:27:00+00:00,87779.56406779661
2024-11-15 04:28:00+00:00,87771.69667571234
2024-11-15 04:29:00+00:00,87785.42427312775
2024-11-15 04:30:00+00:00,87784.12360902256
2024-11-15 04:31:00+00:00,87767.78150804288
2024-11-15 04:32:00+00:00,87684.07544417278
2024-11-15 04:33:00+00:00,87706.96656748911
2024-11-15 04:34:00+00:00,87645.91544677546
2024-11-15 04:35:00+00:00,87573.86553072627
2024-11-15 04:36:00+00:00,87525.79816823464
2024-11-15 04:37:00+00:00,87429.30586620263
2024-11-15 04:38:00+00:00,87269.79065335753
2024-11-15 04:39:00+00:00,87191.51112787928
2024-11-15 04:40:00+00:00,87243.50547765588
2024-11-15 04:41:00+00:00,87234.69262675036
2024-11-15 04:42:00+00:00,87231.97801554829
2024-11-15 04:43:00+00:00,87155.28297443283
2024-11-15 04:44:00+00:00,87295.04041954817
2024-11-15 04:45:00+00:00,87321.37081239042
2024-11-15 04:46:00+00:00,87214.63119503546
2024-11-15 04:47:00+00:00,87176.89450806871
2024-11-15 04:48:00+00:00,87118.71234256926
2024-11-15 04:49:00+00:00,87149.6491247974
2024-11-15 04:50:00+00:00,87181.12923051628
2024-11-15 04:51:00+00:00,87142.00574916227
2024-11-15 04:52:00+00:00,87144.94170665635
2024-11-15 04:53:00+00:00,87201.13022768669
2024-11-15 04:54:00+00:00,87188.07166005291
2024-11-15 04:55:00+00:00,87182.94963529412
2024-11-15 04:56:00+00:00,87257.1556462585
2024-11-15 04:57:00+00:00,87466.53921250495
2024-11-15 04:58:00+00:00,87456.48368233193
2024-11-15 04:59:00+00:00,87424.41827505827
2024-11-15 05:00:00+00:00,87441.75290743155
2024-11-15 05:01:00+00:00,87526.89357559683
2024-11-15 05:02:00+00:00,87492.0128262295
2024-11-15 05:03:00+00:00,87522.60425938117
2024-11-15 05:04:00+00:00,87566.84473766641
2024-11-15 05:05:00+00:00,87541.73682330827
2024-11-15 05:06:00+00:00,87328.4738690745
2024-11-15 05:07:00+00:00,87393.6634730539
2024-11-15 05:08:00+00:00,87560.25218652388
2024-11-15 05:09:00+00:00,87669.43915262172
2024-11-15 05:10:00+00:00,87665.48479398299
2024-11-15 05:11:00+00:00,87715.399040318
2024-11-15 05:12:00+00:00,87656.6259119497
2024-11-15 05:13:00+00:00,87584.3810819262
2024-11-15 05:14:00+00:00,87615.55103618422
2024-11-15 05:15:00+00:00,87574.71148978775
2024-11-15 05:16:00+00:00,87409.06153703704
2024-11-15 05:17:00+00:00,87373.97211350294
2024-11-15 05:18:00+00:00,87384.57175361407
2024-11-15 05:19:00+00:00,87483.14336053413
2024-11-15 05:20:00+00:00,87485.86900446712
2024-11-15 05:21:00+00:00,87472.65331781915
2024-11-15 05:22:00+00:00,87609.45392489943
2024-11-15 05:23:00+00:00,87676.49520547946
2024-11-15 05:24:00+00:00,87611.71650029019
2024-11-15 05:25:00+00:00,87645.46194174758
2024-11-15 05:26:00+00:00,87737.51328059072
2024-11-15 05:27:00+00:00,87710.88540145985
2024-11-15 05:28:00+00:00,87742.23074175823
2024-11-15 05:29:00+00:00,87750.68568846816
2024-11-15 05:30:00+00:00,87779.49826952527
2024-11-15 05:31:00+00:00,87813.691496063
2024-11-15 05:32:00+00:00,87772.08940036342
2024-11-15 05:33:00+00:00,87764.32792577866
2024-11-15 05:34:00+00:00,87745.70575163398
2024-11-15 05:35:00+00:00,87704.90859030838
2024-11-15 05:36:00+00:00,87732.33121377802
2024-11-15 05:37:00+00:00,87738.7545441104
2024-11-15 05:38:00+00:00,87769.6756938326
2024-11-15 05:39:00+00:00,87789.63562240664
2024-11-15 05:40:00+00:00,87774.01468629962
2024-11-15 05:41:00+00:00,87778.40988821138
2024-11-15 05:42:00+00:00,87771.78215300546
2024-11-15 05:43:00+00:00,87776.23464668094
2024-11-15 05:44:00+00:00,87797.09868217054
2024-11-15 05:45:00+00:00,87821.20016652059
2024-11-15 05:46:00+00:00,87746.46438596491
2024-11-15 05:47:00+00:00,87710.74157596371
2024-11-15 05:48:00+00:00,87619.55445527016
2024-11-15 05:49:00+00:00,87654.7138943489
2024-11-15 05:50:00+00:00,87723.05379114642
2024-11-15 05:51:00+00:00,87746.64221596243
2024-11-15 05:52:00+00:00,87764.36374749498
2024-11-15 05:53:00+00:00,87728.28443418012
2024-11-15 05:54:00+00:00,87753.42063829787
2024-11-15 05:55:00+00:00,87770.63758815233
2024-11-15 05:56:00+00:00,87752.02659016394
2024-11-15 05:57:00+00:00,87716.37405172414
2024-11-15 05:58:00+00:00,87708.31564102565
2024-11-15 05:59:00+00:00,87735.02738439306
2024-11-15 06:00:00+00:00,87721.9910282486
2024-11-15 06:01:00+00:00,87755.76971971973
2024-11-15 06:02:00+00:00,87771.4535686778
2024-11-15 06:03:00+00:00,87788.10391752576
2024-11-15 06:04:00+00:00,87919.56801177535
2024-11-15 06:05:00+00:00,87971.87992334494
2024-11-15 06:06:00+00:00,87960.42900920412
2024-11-15 06:07:00+00:00,87929.15258783783
2024-11-15 06:08:00+00:00,87887.58790227465
2024-11-15 06:09:00+00:00,87857.42632798574
2024-11-15 06:10:00+00:00,87846.26303595207
2024-11-15 06:11:00+00:00,87879.50338645418
2024-11-15 06:12:00+00:00,87912.09980324075
2024-11-15 06:13:00+00:00,87895.91634146341
2024-11-15 06:14:00+00:00,87889.01288229377
2024-11-15 06:15:00+00:00,87930.50663098878
2024-11-15 06:16:00+00:00,87964.38996975806
2024-11-15 06:17:00+00:00,87967.66868937048
2024-11-15 06:18:00+00:00,87972.91945436003
2024-11-15 06:19:00+00:00,87996.40813461538
2024-11-15 06:20:00+00:00,88033.81244037715
2024-11-15 06:21:00+00:00,88032.19434839555
2024-11-15 06:22:00+00:00,87972.18435658915
2024-11-15 06:23:00+00:00,87973.3325026738
2024-11-15 06:24:00+00:00,87980.64782442749
2024-11-15 06:25:00+00:00,87982.30352631578
2024-11-15 06:26:00+00:00,88020.92861556064
2024-11-15 06:27:00+00:00,88005.78389328063
2024-11-15 06:28:00+00:00,87963.73865234375
2024-11-15 06:29:00+00:00,87958.818647343
2024-11-15 06:30:00+00:00,87966.93537056928
2024-11-15 06:31:00+00:00,87941.3473287144
2024-11-15 06:32:00+00:00,87821.52335129993
2024-11-15 06:33:00+00:00,87686.73665467626
2024-11-15 06:34:00+00:00,87639.9195067102
2024-11-15 06:35:00+00:00,87750.50432136106
2024-11-15 06:36:00+00:00,87803.80762030905
2024-11-15 06:37:00+00:00,87828.19241639698
2024-11-15 06:38:00+00:00,87796.97526046987
2024-11-15 06:39:00+00:00,87829.53572246066
2024-11-15 06:40:00+00:00,87821.09643666324
2024-11-15 06:41:00+00:00,87752.17024970966
2024-11-15 06:42:00+00:00,87706.78041706161
2024-11-15 06:43:00+00:00,87679.73416143499
2024-11-15 06:44:00+00:00,87690.44937573615
2024-11-15 06:45:00+00:00,87742.57575664623
2024-11-15 06:46:00+00:00,87838.64884882109
2024-11-15 06:47:00+00:00,87893.2147446084
2024-11-15 06:48:00+00:00,87944.01058966074
2024-11-15 06:49:00+00:00,87901.3108057676
2024-11-15 06:50:00+00:00,87926.14795883362
2024-11-15 06:51:00+00:00,88038.54068912711
2024-11-15 06:52:00+00:00,88124.20609868043
2024-11-15 06:53:00+00:00,88128.57006378454
2024-11-15 06:54:00+00:00,88072.71726293104
2024-11-15 06:55:00+00:00,88078.27855113636
2024-11-15 06:56:00+00:00,88079.78553587246
2024-11-15 06:57:00+00:00,88105.72021714285
2024-11-15 06:58:00+00:00,88154.69934768842
2024-11-15 06:59:00+00:00,88168.92209923665
2024-11-15 07:00:00+00:00,88221.07479111111
2024-11-15 07:01:00+00:00,88199.19225485552
2024-11-15 07:02:00+00:00,88170.51887270426
2024-11-15 07:03:00+00:00,88150.29999999999
2024-11-15 07:04:00+00:00,88151.60239202657
2024-11-15 07:05:00+00:00,88156.52589138136
2024-11-15 07:06:00+00:00,88133.0294974359
2024-11-15 07:07:00+00:00,88130.66841614907
2024-11-15 07:08:00+00:00,88091.43734673367
2024-11-15 07:09:00+00:00,88092.90389955687
2024-11-15 07:10:00+00:00,88080.71677577742
2024-11-15 07:11:00+00:00,88069.59445026178
2024-11-15 07:12:00+00:00,88100.78150831354
2024-11-15 07:13:00+00:00,88119.54630457934
2024-11-15 07:14:00+00:00,88102.77611183355
2024-11-15 07:15:00+00:00,88097.99888764045
2024-11-15 07:16:00+00:00,88085.04218697829
2024-11-15 07:17:00+00:00,88093.25128004179
2024-11-15 07:18:00+00:00,88134.72693779905
2024-11-15 07:19:00+00:00,88203.9498132184
2024-11-15 07:20:00+00:00,88299.92342998149
2024-11-15 07:21:00+00:00,88357.49657761733
2024-11-15 07:22:00+00:00,88325.12750696378
2024-11-15 07:23:00+00:00,88280.85001137656
2024-11-15 07:24:00+00:00,88292.34780031201
2024-11-15 07:25:00+00:00,88265.16714719271
2024-11-15 07:26:00+00:00,88265.9989672544
2024-11-15 07:27:00+00:00,88255.21747076024
2024-11-15 07:28:00+00:00,88270.3717814727
2024-11-15 07:29:00+00:00,88250.7786407767
2024-11-15 07:30:00+00:00,88249.43386270491
2024-11-15 07:31:00+00:00,88204.11739672131
2024-11-15 07:32:00+00:00,88130.36383640554
2024-11-15 07:33:00+00:00,88135.190056926
2024-11-15 07:34:00+00:00,88070.95733609959
2024-11-15 07:35:00+00:00,88032.61462043111
2024-11-15 07:36:00+00:00,88052.67519212747
2024-11-15 07:37:00+00:00,87989.26263377926
2024-11-15 07:38:00+00:00,87958.40540713632
2024-11-15 07:39:00+00:00,87944.78089898053
2024-11-15 07:40:00+00:00,87957.56415433403
2024-11-15 07:41:00+00:00,87885.68050393701
2024-11-15 07:42:00+00:00,87830.17615459883
2024-11-15 07:43:00+00:00,87870.41396341464
2024-11-15 07:44:00+00:00,87911.23160440907
2024-11-15 07:45:00+00:00,87945.37700081499
2024-11-15 07:46:00+00:00,87892.61243259805
2024-11-15 07:47:00+00:00,87871.71744939272
2024-11-15 07:48:00+00:00,87849.29627922512
2024-11-15 07:49:00+00:00,87877.28092233009
2024-11-15 07:50:00+00:00,87873.9724489796
2024-11-15 07:51:00+00:00,87838.33563876653
2024-11-15 07:52:00+00:00,87761.13749899315
2024-11-15 07:53:00+00:00,87703.41130914827
2024-11-15 07:54:00+00:00,87746.41701891716
2024-11-15 07:55:00+00:00,87698.43817729082
2024-11-15 07:56:00+00:00,87645.50866428146
2024-11-15 07:57:00+00:00,87630.35636568848
2024-11-15 07:58:00+00:00,87613.96791871058
2024-11-15 07:59:00+00:00,87655.35210284665
2024-11-15 08:00:00+00:00,87656.69382943145
2024-11-15 08:01:00+00:00,87745.84626984128
2024-11-15 08:02:00+00:00,87732.51261146496
2024-11-15 08:03:00+00:00,87693.0479853621
2024-11-15 08:04:00+00:00,87703.9056716418
2024-11-15 08:05:00+00:00,87667.58915316641
2024-11-15 08:06:00+00:00,87578.14259649123
2024-11-15 08:07:00+00:00,87521.75341576507
2024-11-15 08:08:00+00:00,87477.86526109661
2024-11-15 08:09:00+00:00,87444.22923264312
2024-11-15 08:10:00+00:00,87445.1901996847
2024-11-15 08:11:00+00:00,87503.79014531044
2024-11-15 08:12:00+00:00,87520.4144773358
2024-11-15 08:13:00+00:00,87450.05840772818
2024-11-15 08:14:00+00:00,87473.25922855083
2024-11-15 08:15:00+00:00,87496.04674465921
2024-11-15 08:16:00+00:00,87564.84538536584
2024-11-15 08:17:00+00:00,87648.04251566697
2024-11-15 08:18:00+00:00,87681.51035211269
2024-11-15 08:19:00+00:00,87655.41715582451
2024-11-15 08:20:00+00:00,87634.76531764706
2024-11-15 08:21:00+00:00,87600.16968157695
2024-11-15 08:22:00+00:00,87587.67392906814
2024-11-15 08:23:00+00:00,87593.8773935264
2024-11-15 08:24:00+00:00,87689.74447963802
2024-11-15 08:25:00+00:00,87598.98169924812
2024-11-15 08:26:00+00:00,87611.17785425101
2024-11-15 08:27:00+00:00,87664.67297582145
2024-11-15 08:28:00+00:00,87646.28402152642
2024-11-15 08:29:00+00:00,87627.5590662932
2024-11-15 08:30:00+00:00,87636.99864394488
2024-11-15 08:31:00+00:00,87691.78743455498
2024-11-15 08:32:00+00:00,87840.40352567237
2024-11-15 08:33:00+00:00,87837.66753948039
2024-11-15 08:34:00+00:00,87798.16990840966
2024-11-15 08:35:00+00:00,87888.65171518987
2024-11-15 08:36:00+00:00,87961.30107854631
2024-11-15 08:37:00+00:00,87985.08275309541
2024-11-15 08:38:00+00:00,87981.8977415459
2024-11-15 08:39:00+00:00,87982.52778061225
2024-11-15 08:40:00+00:00,87971.02810442679
2024-11-15 08:41:00+00:00,88098.31585211902
2024-11-15 08:42:00+00:00,88080.58498841699
2024-11-15 08:43:00+00:00,88044.29092326139
2024-11-15 08:44:00+00:00,88071.02632329635
2024-11-15 08:45:00+00:00,88079.95512455516
2024-11-15 08:46:00+00:00,88062.74873772792
2024-11-15 08:47:00+00:00,88126.38741691843
2024-11-15 08:48:00+00:00,88085.44921557562
2024-11-15 08:49:00+00:00,88099.79842162163
2024-11-15 08:50:00+00:00,88099.61069868995
2024-11-15 08:51:00+00:00,88107.75879442046
2024-11-15 08:52:00+00:00,88037.91655764513
2024-11-15 08:53:00+00:00,88061.53893939394
2024-11-15 08:54:00+00:00,88101.68213847502
2024-11-15 08:55:00+00:00,88101.54178642714
2024-11-15 08:56:00+00:00,88124.57070745698
2024-11-15 08:57:00+00:00,88133.7749088359
2024-11-15 08:58:00+00:00,88148.93759379044
2024-11-15 08:59:00+00:00,88109.50694499016
2024-11-15 09:00:00+00:00,88064.26202188393
2024-11-15 09:01:00+00:00,88080.1784883721
2024-11-15 09:02:00+00:00,88132.53985226223
2024-11-15 09:03:00+00:00,88152.73021790342
2024-11-15 09:04:00+00:00,88135.77389525369
2024-11-15 09:05:00+00:00,88130.08556534509
2024-11-15 09:06:00+00:00,88317.79542981253
2024-11-15 09:07:00+00:00,88481.18401768667
2024-11-15 09:08:00+00:00,88611.69400950351
2024-11-15 09:09:00+00:00,88483.95192155452
2024-11-15 09:10:00+00:00,88409.09796203797
2024-11-15 09:11:00+00:00,88633.10872515856
2024-11-15 09:12:00+00:00,88741.98557296768
2024-11-15 09:13:00+00:00,88802.81881757591
2024-11-15 09:14:00+00:00,88772.34848945147
2024-11-15 09:15:00+00:00,88860.69058385934
2024-11-15 09:16:00+00:00,88730.04323761261
2024-11-15 09:17:00+00:00,88766.06138989169
2024-11-15 09:18:00+00:00,88860.61780115146
2024-11-15 09:19:00+00:00,88792.26692941783
2024-11-15 09:20:00+00:00,88741.79331741207
2024-11-15 09:21:00+00:00,88830.59581185567
2024-11-15 09:22:00+00:00,88855.093617309
2024-11-15 09:23:00+00:00,88953.60330892143
2024-11-15 09:24:00+00:00,89004.59366980087
2024-11-15 09:25:00+00:00,89178.34581813341
2024-11-15 09:26:00+00:00,89242.85022569832
2024-11-15 09:27:00+00:00,89163.2974937656
2024-11-15 09:28:00+00:00,89202.08616388468
2024-11-15 09:29:00+00:00,89259.88286437516
2024-11-15 09:30:00+00:00,89193.06584718432
2024-11-15 09:31:00+00:00,89169.82174518202
2024-11-15 09:32:00+00:00,89165.73938596492
2024-11-15 09:33:00+00:00,89111.37411259541
2024-11-15 09:34:00+00:00,89110.4206470807
2024-11-15 09:35:00+00:00,89257.4391646325
2024-11-15 09:36:00+00:00,89228.64129046763
2024-11-15 09:37:00+00:00,89277.25898186074
2024-11-15 09:38:00+00:00,89268.18667427269
2024-11-15 09:39:00+00:00,89216.21603780717
2024-11-15 09:40:00+00:00,89143.8940224942
2024-11-15 09:41:00+00:00,89114.52873277012
2024-11-15 09:42:00+00:00,89107.67835578689
2024-11-15 09:43:00+00:00,89136.76083870967
2024-11-15 09:44:00+00:00,89072.6356637168
2024-11-15 09:45:00+00:00,89109.10535178237
2024-11-15 09:46:00+00:00,89090.6124451273
2024-11-15 09:47:00+00:00,89036.92592717259
2024-11-15 09:48:00+00:00,88941.94079399142
2024-11-15 09:49:00+00:00,88943.44108991825
2024-11-15 09:50:00+00:00,89008.01920634921
2024-11-15 09:51:00+00:00,88972.91423683026
2024-11-15 09:52:00+00:00,88979.90731991951
2024-11-15 09:53:00+00:00,89012.40381231671
2024-11-15 09:54:00+00:00,89033.613946932
2024-11-15 09:55:00+00:00,89177.27951605807
2024-11-15 09:56:00+00:00,89203.10033579584
2024-11-15 09:57:00+00:00,89190.03161822986
2024-11-15 09:58:00+00:00,89224.83544698544
2024-11-15 09:59:00+00:00,89180.64886389201
2024-11-15 10:00:00+00:00,89176.65059659092
2024-11-15 10:01:00+00:00,89130.90032275417
2024-11-15 10:02:00+00:00,89015.11060582823
2024-11-15 10:03:00+00:00,89041.28897052887
2024-11-15 10:04:00+00:00,89088.35177077676
2024-11-15 10:05:00+00:00,89121.39228717367
2024-11-15 10:06:00+00:00,89125.11065070276
2024-11-15 10:07:00+00:00,89082.28803464357
2024-11-15 10:08:00+00:00,89035.77065984654
2024-11-15 10:09:00+00:00,89015.75274937655
2024-11-15 10:10:00+00:00,88999.6216113744
2024-11-15 10:11:00+00:00,88984.14844044208
2024-11-15 10:12:00+00:00,88995.51042567567
2024-11-15 10:13:00+00:00,89048.65403243847
2024-11-15 10:14:00+00:00,89114.08131670133
2024-11-15 10:15:00+00:00,89045.00651834035
2024-11-15 10:16:00+00:00,89139.2705659204
2024-11-15 10:17:00+00:00,89215.6359922179
2024-11-15 10:18:00+00:00,89247.31407092199
2024-11-15 10:19:00+00:00,89199.17631034483
2024-11-15 10:20:00+00:00,89140.55239310344
2024-11-15 10:21:00+00:00,89151.88972871452
2024-11-15 10:22:00+00:00,89259.38707408958
2024-11-15 10:23:00+00:00,89304.79236745887
2024-11-15 10:24:00+00:00,89251.71254285715
2024-11-15 10:25:00+00:00,89263.47216049382
2024-11-15 10:26:00+00:00,89346.2008891109
2024-11-15 10:27:00+00:00,89379.78674603175
2024-11-15 10:28:00+00:00,89381.07437873034
2024-11-15 10:29:00+00:00,89370.98131048387
2024-11-15 10:30:00+00:00,89316.00779059042
2024-11-15 10:31:00+00:00,89259.83433785681
2024-11-15 10:32:00+00:00,89226.9967394822
2024-11-15 10:33:00+00:00,89195.50210852714
2024-11-15 10:34:00+00:00,89183.00906468532
2024-11-15 10:35:00+00:00,89163.3733840139
2024-11-15 10:36:00+00:00,89152.4005479452
2024-11-15 10:37:00+00:00,89127.75306024097
2024-11-15 10:38:00+00:00,89123.44019
2024-11-15 10:39:00+00:00,89134.60339085419
2024-11-15 10:40:00+00:00,89149.22403730445
2024-11-15 10:41:00+00:00,89100.57685424873
2024-11-15 10:42:00+00:00,89128.61491282051
2024-11-15 10:43:00+00:00,89102.868634895
2024-11-15 10:44:00+00:00,89108.84889628924
2024-11-15 10:45:00+00:00,89132.64145896657
2024-11-15 10:46:00+00:00,89212.93351995852
2024-11-15 10:47:00+00:00,89222.85478199719
2024-11-15 10:48:00+00:00,89220.62955084216
2024-11-15 10:49:00+00:00,89276.01495395949
2024-11-15 10:50:00+00:00,89317.39847328245
2024-11-15 10:51:00+00:00,89308.69332633787
2024-11-15 10:52:00+00:00,89333.8541698595
2024-11-15 10:53:00+00:00,89354.88592125037
2024-11-15 10:54:00+00:00,89383.88293854416
2024-11-15 10:55:00+00:00,89429.97279295689
2024-11-15 10:56:00+00:00,89442.5045254366
2024-11-15 10:57:00+00:00,89408.45531550802
2024-11-15 10:58:00+00:00,89371.61113821137
2024-11-15 10:59:00+00:00,89360.04123980424
2024-11-15 11:00:00+00:00,89378.82688636363
2024-11-15 11:01:00+00:00,89353.15302759134
2024-11-15 11:02:00+00:00,89359.28642228739
2024-11-15 11:03:00+00:00,89452.49432708688
2024-11-15 11:04:00+00:00,89502.00824662813
2024-11-15 11:05:00+00:00,89423.48440974062
2024-11-15 11:06:00+00:00,89265.01763900415
2024-11-15 11:07:00+00:00,89378.00153813197
2024-11-15 11:08:00+00:00,89444.06044917258
2024-11-15 11:09:00+00:00,89446.55445094217
2024-11-15 11:10:00+00:00,89410.05347358997
2024-11-15 11:11:00+00:00,89340.45877472054
2024-11-15 11:12:00+00:00,89305.1333109405
2024-11-15 11:13:00+00:00,89301.42201666666
2024-11-15 11:14:00+00:00,89299.18520146521
2024-11-15 11:15:00+00:00,89266.03794711204
2024-11-15 11:16:00+00:00,89244.86756472492
2024-11-15 11:17:00+00:00,89281.22319847328
2024-11-15 11:18:00+00:00,89268.9239058957
2024-11-15 11:19:00+00:00,89305.44254327564
2024-11-15 11:20:00+00:00,89292.6762173649
2024-11-15 11:21:00+00:00,89257.71787978143
2024-11-15 11:22:00+00:00,89275.7414943609
2024-11-15 11:23:00+00:00,89279.34097525473
2024-11-15 11:24:00+00:00,89288.34785178237
2024-11-15 11:25:00+00:00,89229.78487446417
2024-11-15 11:26:00+00:00,89159.478591133
2024-11-15 11:27:00+00:00,89163.46399006623
2024-11-15 11:28:00+00:00,89210.87581203628
2024-11-15 11:29:00+00:00,89290.40529865125
2024-11-15 11:30:00+00:00,89364.00158851114
2024-11-15 11:31:00+00:00,89390.06360863095
2024-11-15 11:32:00+00:00,89397.24533636365
2024-11-15 11:33:00+00:00,89416.47346420323
2024-11-15 11:34:00+00:00,89444.13016163794
2024-11-15 11:35:00+00:00,89476.82686418109
2024-11-15 11:36:00+00:00,89495.5101183432
2024-11-15 11:37:00+00:00,89531.23763203714
2024-11-15 11:38:00+00:00,89561.3470365619
2024-11-15 11:39:00+00:00,89505.61958603493
2024-11-15 11:40:00+00:00,89476.16834817814
2024-11-15 11:41:00+00:00,89507.44732098765
2024-11-15 11:42:00+00:00,89522.41681179775
2024-11-15 11:43:00+00:00,89477.13212802768
2024-11-15 11:44:00+00:00,89441.4936940966
2024-11-15 11:45:00+00:00,89452.84782134196
2024-11-15 11:46:00+00:00,89523.98086486486
2024-11-15 11:47:00+00:00,89457.7731235955
2024-11-15 11:48:00+00:00,89447.8137520129
2024-11-15 11:49:00+00:00,89447.41967005076
2024-11-15 11:50:00+00:00,89559.84746835443
2024-11-15 11:51:00+00:00,89614.52761764705
2024-11-15 11:52:00+00:00,89636.64712219812
2024-11-15 11:53:00+00:00,89664.29385180995
2024-11-15 11:54:00+00:00,89684.03263565892
2024-11-15 11:55:00+00:00,89659.51039421813
2024-11-15 11:56:00+00:00,89670.28844527363
2024-11-15 11:57:00+00:00,89689.4586551265
2024-11-15 11:58:00+00:00,89731.46119078105
2024-11-15 11:59:00+00:00,89748.51365569273
2024-11-15 12:00:00+00:00,89733.92977121068
2024-11-15 12:01:00+00:00,89646.39403808274
2024-11-15 12:02:00+00:00,89726.35098591549
2024-11-15 12:03:00+00:00,89868.67339069642
2024-11-15 12:04:00+00:00,89807.81605887522
2024-11-15 12:05:00+00:00,89792.07897788903
2024-11-15 12:06:00+00:00,89908.7225887515
2024-11-15 12:07:00+00:00,89934.28024793389
2024-11-15 12:08:00+00:00,89943.65616799206
2024-11-15 12:09:00+00:00,89950.12042400881
2024-11-15 12:10:00+00:00,90049.0115788407
2024-11-15 12:11:00+00:00,90219.33715633673
2024-11-15 12:12:00+00:00,90317.76080216902
2024-11-15 12:13:00+00:00,90491.41547537435
2024-11-15 12:14:00+00:00,90614.58686531584
2024-11-15 12:15:00+00:00,90564.39628318584
2024-11-15 12:16:00+00:00,90474.47241325967
2024-11-15 12:17:00+00:00,90411.05954864359
2024-11-15 12:18:00+00:00,90279.15298594377
2024-11-15 12:19:00+00:00,90379.27399803777
2024-11-15 12:20:00+00:00,90363.41199006875
2024-11-15 12:21:00+00:00,90436.24840674072
2024-11-15 12:22:00+00:00,90363.30568864469
2024-11-15 12:23:00+00:00,90310.57721489527
2024-11-15 12:24:00+00:00,90212.47164415935
2024-11-15 12:25:00+00:00,90300.0174638592
2024-11-15 12:26:00+00:00,90333.6976801406
2024-11-15 12:27:00+00:00,90253.79640824742
2024-11-15 12:28:00+00:00,90265.22281917417
2024-11-15 12:29:00+00:00,90251.15336268344
2024-11-15 12:30:00+00:00,90233.63559124086
2024-11-15 12:31:00+00:00,90102.49099173554
2024-11-15 12:32:00+00:00,90042.76730344379
2024-11-15 12:33:00+00:00,90066.52914268218
2024-11-15 12:34:00+00:00,89990.79103461998
2024-11-15 12:35:00+00:00,89963.58828511967
2024-11-15 12:36:00+00:00,89772.0379089731
2024-11-15 12:37:00+00:00,89803.55193001346
2024-11-15 12:38:00+00:00,89879.7715629481
2024-11-15 12:39:00+00:00,89843.04667012808
2024-11-15 12:40:00+00:00,89840.40131165509
2024-11-15 12:41:00+00:00,89784.40194476857
2024-11-15 12:42:00+00:00,89795.1529800093
2024-11-15 12:43:00+00:00,89773.68429741378
2024-11-15 12:44:00+00:00,89794.74621118013
2024-11-15 12:45:00+00:00,89791.91042086002
2024-11-15 12:46:00+00:00,89787.14171713148
2024-11-15 12:47:00+00:00,89724.96911488863
2024-11-15 12:48:00+00:00,89757.06021190262
2024-11-15 12:49:00+00:00,89881.51610943559
2024-11-15 12:50:00+00:00,89965.64416709381
2024-11-15 12:51:00+00:00,89969.32625173853
2024-11-15 12:52:00+00:00,89943.80570080862
2024-11-15 12:53:00+00:00,89866.05212867899
2024-11-15 12:54:00+00:00,89881.00592827005
2024-11-15 12:55:00+00:00,89763.24970588235
2024-11-15 12:56:00+00:00,89742.16261587884
2024-11-15 12:57:00+00:00,89779.03577396658
2024-11-15 12:58:00+00:00,89796.6108833522
2024-11-15 12:59:00+00:00,89771.66246560846
2024-11-15 13:00:00+00:00,89787.95166804294
2024-11-15 13:01:00+00:00,89808.89174955277
2024-11-15 13:02:00+00:00,89821.71223717408
2024-11-15 13:03:00+00:00,89687.96994010087
2024-11-15 13:04:00+00:00,89658.21121331424
2024-11-15 13:05:00+00:00,89748.14687686408
2024-11-15 13:06:00+00:00,89720.07182021634
2024-11-15 13:07:00+00:00,89763.35869172217
2024-11-15 13:08:00+00:00,89865.30114487927
2024-11-15 13:09:00+00:00,89903.36415329184
2024-11-15 13:10:00+00:00,89928.64475901584
2024-11-15 13:11:00+00:00,89899.02610065466
2024-11-15 13:12:00+00:00,89857.43157371618
2024-11-15 13:13:00+00:00,89901.36107344633
2024-11-15 13:14:00+00:00,89956.70284968079
2024-11-15 13:15:00+00:00,89898.65097463947
2024-11-15 13:16:00+00:00,89888.91907325193
2024-11-15 13:17:00+00:00,89949.48003194889
2024-11-15 13:18:00+00:00,89989.18127516778
2024-11-15 13:19:00+00:00,89931.45374051319
2024-11-15 13:20:00+00:00,89906.84224672419
2024-11-15 13:21:00+00:00,89920.59648061355
2024-11-15 13:22:00+00:00,89857.13605177993
2024-11-15 13:23:00+00:00,89741.48751746623
2024-11-15 13:24:00+00:00,89661.7757669441
2024-11-15 13:25:00+00:00,89630.15821830458
2024-11-15 13:26:00+00:00,89645.17067177371
2024-11-15 13:27:00+00:00,89637.73377967133
2024-11-15 13:28:00+00:00,89572.01676455949
2024-11-15 13:29:00+00:00,89609.53447513812
2024-11-15 13:30:00+00:00,89687.69404761905
2024-11-15 13:31:00+00:00,89773.00401734968
2024-11-15 13:32:00+00:00,89742.21475785582
2024-11-15 13:33:00+00:00,89791.28709576838
2024-11-15 13:34:00+00:00,89739.94838763576
2024-11-15 13:35:00+00:00,89676.52923168553
2024-11-15 13:36:00+00:00,89462.69418137053
2024-11-15 13:37:00+00:00,89479.58241525423
2024-11-15 13:38:00+00:00,89522.6202124595
2024-11-15 13:39:00+00:00,89550.97915940007
2024-11-15 13:40:00+00:00,89597.2893989071
2024-11-15 13:41:00+00:00,89702.31593915983
2024-11-15 13:42:00+00:00,89793.9136440367
2024-11-15 13:43:00+00:00,89918.63136416185
2024-11-15 13:44:00+00:00,89921.99648777895
2024-11-15 13:45:00+00:00,89997.46883382791
2024-11-15 13:46:00+00:00,90099.62418283364
2024-11-15 13:47:00+00:00,90194.42399730216
2024-11-15 13:48:00+00:00,90138.53017531306
2024-11-15 13:49:00+00:00,90204.1911261479
2024-11-15 13:50:00+00:00,90230.03228133453
2024-11-15 13:51:00+00:00,90327.15643968871
2024-11-15 13:52:00+00:00,90342.09367863247
2024-11-15 13:53:00+00:00,90423.57961430575
2024-11-15 13:54:00+00:00,90365.34967320261
2024-11-15 13:55:00+00:00,90165.67070060209
2024-11-15 13:56:00+00:00,90216.59616061185
2024-11-15 13:57:00+00:00,90219.82641500243
2024-11-15 13:58:00+00:00,90233.15832740214
2024-11-15 13:59:00+00:00,90182.6014810331
2024-11-15 14:00:00+00:00,90135.47340969632
2024-11-15 14:01:00+00:00,90147.61601022012
2024-11-15 14:02:00+00:00,90128.46983485442
2024-11-15 14:03:00+00:00,90058.44189045264
2024-11-15 14:04:00+00:00,90038.83282250243
2024-11-15 14:05:00+00:00,90059.2542663657
2024-11-15 14:06:00+00:00,89947.83095010395
2024-11-15 14:07:00+00:00,89797.55379247847
2024-11-15 14:08:00+00:00,89885.96496344748
2024-11-15 14:09:00+00:00,89934.04679323437
2024-11-15 14:10:00+00:00,89795.42601615074
2024-11-15 14:11:00+00:00,89768.47262385322
2024-11-15 14:12:00+00:00,89708.18126537217
2024-11-15 14:13:00+00:00,89713.96248607796
2024-11-15 14:14:00+00:00,89742.5357472284
2024-11-15 14:15:00+00:00,89766.96390199638
2024-11-15 14:16:00+00:00,89766.43246523388
2024-11-15 14:17:00+00:00,89743.2554705338
2024-11-15 14:18:00+00:00,89699.9636218283
2024-11-15 14:19:00+00:00,89756.54745330013
2024-11-15 14:20:00+00:00,89734.11025690607
2024-11-15 14:21:00+00:00,89684.3385930576
2024-11-15 14:22:00+00:00,89705.19386871508
2024-11-15 14:23:00+00:00,89590.00074182244
2024-11-15 14:24:00+00:00,89489.31067800353
2024-11-15 14:25:00+00:00,89526.9852569471
2024-11-15 14:26:00+00:00,89517.42177948926
2024-11-15 14:27:00+00:00,89490.42010287184
2024-11-15 14:28:00+00:00,89463.88775460454
2024-11-15 14:29:00+00:00,89282.53547849462
2024-11-15 14:30:00+00:00,89318.80844517957
2024-11-15 14:31:00+00:00,89334.20714071482
2024-11-15 14:32:00+00:00,89298.32225303292
2024-11-15 14:33:00+00:00,89183.41253723498
2024-11-15 14:34:00+00:00,89015.39408664372
2024-11-15 14:35:00+00:00,88856.17916139438
2024-11-15 14:36:00+00:00,88834.82957826888
2024-11-15 14:37:00+00:00,88762.24547076158
2024-11-15 14:38:00+00:00,88748.59571403931
2024-11-15 14:39:00+00:00,88693.4276660135
2024-11-15 14:40:00+00:00,88739.78501006037
2024-11-15 14:41:00+00:00,88956.42484546166
2024-11-15 14:42:00+00:00,89109.5429624171
2024-11-15 14:43:00+00:00,89103.05562807017
2024-11-15 14:44:00+00:00,89227.5131527719
2024-11-15 14:45:00+00:00,89307.56862580327
2024-11-15 14:46:00+00:00,89348.71916713667
2024-11-15 14:47:00+00:00,89509.19621880681
2024-11-15 14:48:00+00:00,89760.05083313091
2024-11-15 14:49:00+00:00,89876.74085797013
2024-11-15 14:50:00+00:00,89736.86633148509
2024-11-15 14:51:00+00:00,89620.38193497913
2024-11-15 14:52:00+00:00,89668.80533842239
2024-11-15 14:53:00+00:00,89579.87394265232
2024-11-15 14:54:00+00:00,89518.62382893685
2024-11-15 14:55:00+00:00,89311.78803399173
2024-11-15 14:56:00+00:00,89295.34911494511
2024-11-15 14:57:00+00:00,89283.51842670537
2024-11-15 14:58:00+00:00,89123.34933635713
2024-11-15 14:59:00+00:00,89016.48078274482
2024-11-15 15:00:00+00:00,88963.06052239989
2024-11-15 15:01:00+00:00,88825.5158979871
2024-11-15 15:02:00+00:00,88821.71036093417
2024-11-15 15:03:00+00:00,88850.97985986195
2024-11-15 15:04:00+00:00,88999.22925503766
2024-11-15 15:05:00+00:00,88926.8081418144
2024-11-15 15:06:00+00:00,88847.31620377174
2024-11-15 15:07:00+00:00,88582.05352095808
2024-11-15 15:08:00+00:00,88546.45921512811
2024-11-15 15:09:00+00:00,88372.48246329966
2024-11-15 15:10:00+00:00,88315.36138797634
2024-11-15 15:11:00+00:00,88495.1256732532
2024-11-15 15:12:00+00:00,88512.08811188812
2024-11-15 15:13:00+00:00,88507.11698951264
2024-11-15 15:14:00+00:00,88406.63027761194
2024-11-15 15:15:00+00:00,88521.01592238806
2024-11-15 15:16:00+00:00,88400.92219541328
2024-11-15 15:17:00+00:00,88476.53038585208
2024-11-15 15:18:00+00:00,88329.58674003795
2024-11-15 15:19:00+00:00,88359.25376339654
2024-11-15 15:20:00+00:00,88244.53624687655
2024-11-15 15:21:00+00:00,88156.4049364676
2024-11-15 15:22:00+00:00,87974.04078757545
2024-11-15 15:23:00+00:00,87879.56869453666
2024-11-15 15:24:00+00:00,87905.33443075953
2024-11-15 15:25:00+00:00,87852.22503144653
2024-11-15 15:26:00+00:00,87903.63551158499
2024-11-15 15:27:00+00:00,88105.69345114697
2024-11-15 15:28:00+00:00,88164.16204453984
2024-11-15 15:29:00+00:00,88232.80995260664
2024-11-15 15:30:00+00:00,88222.82102779573
2024-11-15 15:31:00+00:00,88113.9783077723
2024-11-15 15:32:00+00:00,88038.36867091837
2024-11-15 15:33:00+00:00,88109.27142135477
2024-11-15 15:34:00+00:00,88128.24245122985
2024-11-15 15:35:00+00:00,88056.24509340944
2024-11-15 15:36:00+00:00,87863.58321637426
2024-11-15 15:37:00+00:00,87882.09449892008
2024-11-15 15:38:00+00:00,88009.31087440382
2024-11-15 15:39:00+00:00,88246.06254001928
2024-11-15 15:40:00+00:00,88455.53718670076
2024-11-15 15:41:00+00:00,88476.15982948583
2024-11-15 15:42:00+00:00,88315.40199609565
2024-11-15 15:43:00+00:00,88272.64918946562
2024-11-15 15:44:00+00:00,88214.11143023256
2024-11-15 15:45:00+00:00,88331.577630496
2024-11-15 15:46:00+00:00,88464.0814529267
2024-11-15 15:47:00+00:00,88388.97246206699
2024-11-15 15:48:00+00:00,88491.62196356275
2024-11-15 15:49:00+00:00,88593.59255727554
2024-11-15 15:50:00+00:00,88677.51502550337
2024-11-15 15:51:00+00:00,88735.3998696319
2024-11-15 15:52:00+00:00,88578.60976989452
2024-11-15 15:53:00+00:00,88498.85421770335
2024-11-15 15:54:00+00:00,88385.88510713496
2024-11-15 15:55:00+00:00,88332.51075952838
2024-11-15 15:56:00+00:00,88184.28523727138
2024-11-15 15:57:00+00:00,88218.29116873631
2024-11-15 15:58:00+00:00,88355.22705092159
2024-11-15 15:59:00+00:00,88445.61221471739
2024-11-15 16:00:00+00:00,88442.01882485239
2024-11-15 16:01:00+00:00,88457.06225862069
2024-11-15 16:02:00+00:00,88579.48329740933
2024-11-15 16:03:00+00:00,88597.07839752734
2024-11-15 16:04:00+00:00,88579.95297252487
2024-11-15 16:05:00+00:00,88637.62373857561
2024-11-15 16:06:00+00:00,88777.62698176908
2024-11-15 16:07:00+00:00,88772.45299104287
2024-11-15 16:08:00+00:00,88774.06000863061
2024-11-15 16:09:00+00:00,88778.88912694014
2024-11-15 16:10:00+00:00,88807.664001857
2024-11-15 16:11:00+00:00,88982.81113283208
2024-11-15 16:12:00+00:00,89132.36198820898
2024-11-15 16:13:00+00:00,89061.55202964651
2024-11-15 16:14:00+00:00,89138.90326421613
2024-11-15 16:15:00+00:00,89221.62504
2024-11-15 16:16:00+00:00,89163.82086770982
2024-11-15 16:17:00+00:00,89024.87234
2024-11-15 16:18:00+00:00,88977.30662827527
2024-11-15 16:19:00+00:00,88984.28622209336
2024-11-15 16:20:00+00:00,89009.72327491554
2024-11-15 16:21:00+00:00,89077.85626306832
2024-11-15 16:22:00+00:00,89180.1098035582
2024-11-15 16:23:00+00:00,89317.81564015227
2024-11-15 16:24:00+00:00,89446.09257628095
2024-11-15 16:25:00+00:00,89469.31405784399
2024-11-15 16:26:00+00:00,89568.16206896552
2024-11-15 16:27:00+00:00,89594.94941983941
2024-11-15 16:28:00+00:00,89670.2818808105
2024-11-15 16:29:00+00:00,89616.73123450413
2024-11-15 16:30:00+00:00,89588.69339511622
2024-11-15 16:31:00+00:00,89479.14131119866
2024-11-15 16:32:00+00:00,89479.51920941462
2024-11-15 16:33:00+00:00,89638.77476603574
2024-11-15 16:34:00+00:00,89694.27835161662
2024-11-15 16:35:00+00:00,89487.90618021201
2024-11-15 16:36:00+00:00,89368.1937318612
2024-11-15 16:37:00+00:00,89305.5885058548
2024-11-15 16:38:00+00:00,89250.98286117204
2024-11-15 16:39:00+00:00,89216.69982349697
2024-11-15 16:40:00+00:00,89151.07704117647
2024-11-15 16:41:00+00:00,89221.54891878173
2024-11-15 16:42:00+00:00,89068.26747000343
2024-11-15 16:43:00+00:00,89025.93287684729
2024-11-15 16:44:00+00:00,89004.7988213628
2024-11-15 16:45:00+00:00,89041.49704721362
2024-11-15 16:46:00+00:00,89236.68567890443
2024-11-15 16:47:00+00:00,89371.21551194538
2024-11-15 16:48:00+00:00,89377.14521089161
2024-11-15 16:49:00+00:00,89354.79587431693
2024-11-15 16:50:00+00:00,89354.88370057452
2024-11-15 16:51:00+00:00,89328.03028676772
2024-11-15 16:52:00+00:00,89383.29745204336
2024-11-15 16:53:00+00:00,89482.49725970149
2024-11-15 16:54:00+00:00,89506.15165147453
2024-11-15 16:55:00+00:00,89513.3721748879
2024-11-15 16:56:00+00:00,89438.87751813054
2024-11-15 16:57:00+00:00,89406.5983283582
2024-11-15 16:58:00+00:00,89353.90324055667
2024-11-15 16:59:00+00:00,89325.04853458382
2024-11-15 17:00:00+00:00,89376.37108505565
2024-11-15 17:01:00+00:00,89407.81431410012
2024-11-15 17:02:00+00:00,89343.43879825654
2024-11-15 17:03:00+00:00,89423.09374464439
2024-11-15 17:04:00+00:00,89498.32325908943
2024-11-15 17:05:00+00:00,89561.7543245614
2024-11-15 17:06:00+00:00,89543.9909009009
2024-11-15 17:07:00+00:00,89593.43910681955
2024-11-15 17:08:00+00:00,89654.78204710144
2024-11-15 17:09:00+00:00,89666.16475384615
2024-11-15 17:10:00+00:00,89588.41785899935
2024-11-15 17:11:00+00:00,89530.30742713004
2024-11-15 17:12:00+00:00,89613.28609101518
2024-11-15 17:13:00+00:00,89620.50286309938
2024-11-15 17:14:00+00:00,89562.90219451372
2024-11-15 17:15:00+00:00,89570.5903131438
2024-11-15 17:16:00+00:00,89622.85316934231
2024-11-15 17:17:00+00:00,89744.78522109751
2024-11-15 17:18:00+00:00,89737.86641436197
2024-11-15 17:19:00+00:00,89690.15703682057
2024-11-15 17:20:00+00:00,89738.4946516098
2024-11-15 17:21:00+00:00,89798.09590281943
2024-11-15 17:22:00+00:00,89777.21485269595
2024-11-15 17:23:00+00:00,89725.11670583626
2024-11-15 17:24:00+00:00,89598.0298868667
2024-11-15 17:25:00+00:00,89647.16100689243
2024-11-15 17:26:00+00:00,89598.41224022879
2024-11-15 17:27:00+00:00,89493.55954027665
2024-11-15 17:28:00+00:00,89529.67727826675
2024-11-15 17:29:00+00:00,89489.00881376768
2024-11-15 17:30:00+00:00,89543.82254877014
2024-11-15 17:31:00+00:00,89477.52233790819
2024-11-15 17:32:00+00:00,89329.66139917696
2024-11-15 17:33:00+00:00,89302.26841333717
2024-11-15 17:34:00+00:00,89355.453
2024-11-15 17:35:00+00:00,89369.290210035
2024-11-15 17:36:00+00:00,89375.3948676957
2024-11-15 17:37:00+00:00,89525.68159522518
2024-11-15 17:38:00+00:00,89667.12283125707
2024-11-15 17:39:00+00:00,89697.78005286344
2024-11-15 17:40:00+00:00,89750.29784539474
2024-11-15 17:41:00+00:00,89761.17038668098
2024-11-15 17:42:00+00:00,89756.20894012388
2024-11-15 17:43:00+00:00,89857.1988412292
2024-11-15 17:44:00+00:00,89899.10453625632
2024-11-15 17:45:00+00:00,89902.7067278798
2024-11-15 17:46:00+00:00,89821.38726185203
2024-11-15 17:47:00+00:00,89745.09546602788
2024-11-15 17:48:00+00:00,89658.40896238115
2024-11-15 17:49:00+00:00,89615.9674600551
2024-11-15 17:50:00+00:00,89501.67559674502
2024-11-15 17:51:00+00:00,89424.68214840714
2024-11-15 17:52:00+00:00,89383.33306276545
2024-11-15 17:53:00+00:00,89382.3335941893
2024-11-15 17:54:00+00:00,89436.01437348424
2024-11-15 17:55:00+00:00,89490.26093224411
2024-11-15 17:56:00+00:00,89493.97496355686
2024-11-15 17:57:00+00:00,89488.74047619048
2024-11-15 17:58:00+00:00,89505.94504249292
2024-11-15 17:59:00+00:00,89503.00777227723
2024-11-15 18:00:00+00:00,89501.49387365328
2024-11-15 18:01:00+00:00,89381.34301972686
2024-11-15 18:02:00+00:00,89363.21088746224
2024-11-15 18:03:00+00:00,89476.91969949917
2024-11-15 18:04:00+00:00,89419.10965822039
2024-11-15 18:05:00+00:00,89543.70030217849
2024-11-15 18:06:00+00:00,89618.73408530137
2024-11-15 18:07:00+00:00,89665.05873188406
2024-11-15 18:08:00+00:00,89612.92444015444
2024-11-15 18:09:00+00:00,89643.4523154848
2024-11-15 18:10:00+00:00,89632.12667767816
2024-11-15 18:11:00+00:00,89503.43426536064
2024-11-15 18:12:00+00:00,89413.18138321996
2024-11-15 18:13:00+00:00,89507.61838983052
2024-11-15 18:14:00+00:00,89482.37523293609
2024-11-15 18:15:00+00:00,89476.63134206958
2024-11-15 18:16:00+00:00,89548.15711350294
2024-11-15 18:17:00+00:00,89614.5825
2024-11-15 18:18:00+00:00,89571.95822570533
2024-11-15 18:19:00+00:00,89545.60193643032
2024-11-15 18:20:00+00:00,89555.17791759464
2024-11-15 18:21:00+00:00,89702.90362113882
2024-11-15 18:22:00+00:00,89756.18670807453
2024-11-15 18:23:00+00:00,89670.8720855615
2024-11-15 18:24:00+00:00,89487.92462065032
2024-11-15 18:25:00+00:00,89630.22581412105
2024-11-15 18:26:00+00:00,89658.10137229988
2024-11-15 18:27:00+00:00,89734.28756788667
2024-11-15 18:28:00+00:00,89718.83304372197
2024-11-15 18:29:00+00:00,89776.51072763029
2024-11-15 18:30:00+00:00,89759.67717075614
2024-11-15 18:31:00+00:00,89750.78018075801
2024-11-15 18:32:00+00:00,89692.11985010706
2024-11-15 18:33:00+00:00,89716.211928934
2024-11-15 18:34:00+00:00,89731.50032173913
2024-11-15 18:35:00+00:00,89699.50523176292
2024-11-15 18:36:00+00:00,89622.03517304189
2024-11-15 18:37:00+00:00,89673.86504950495
2024-11-15 18:38:00+00:00,89674.48284815812
2024-11-15 18:39:00+00:00,89582.14759472817
2024-11-15 18:40:00+00:00,89662.78300634737
2024-11-15 18:41:00+00:00,89657.35101048618
2024-11-15 18:42:00+00:00,89707.77519711271
2024-11-15 18:43:00+00:00,89699.56390625
2024-11-15 18:44:00+00:00,89678.06272648084
2024-11-15 18:45:00+00:00,89701.20588336192
2024-11-15 18:46:00+00:00,89632.85100091409
2024-11-15 18:47:00+00:00,89584.49994683421
2024-11-15 18:48:00+00:00,89479.18532419414
2024-11-15 18:49:00+00:00,89453.36315848843
2024-11-15 18:50:00+00:00,89405.222039801
2024-11-15 18:51:00+00:00,89463.70349729729
2024-11-15 18:52:00+00:00,89408.0697807361
2024-11-15 18:53:00+00:00,89298.26296251512
2024-11-15 18:54:00+00:00,89257.68217506631
2024-11-15 18:55:00+00:00,89327.21679245283
2024-11-15 18:56:00+00:00,89380.939095
2024-11-15 18:57:00+00:00,89232.47404149377
2024-11-15 18:58:00+00:00,89272.87096638654
2024-11-15 18:59:00+00:00,89358.51091510475
2024-11-15 19:00:00+00:00,89394.147866394
2024-11-15 19:01:00+00:00,89427.3062236534
2024-11-15 19:02:00+00:00,89420.48304816223
2024-11-15 19:03:00+00:00,89304.20226086957
2024-11-15 19:04:00+00:00,89304.05161750714
2024-11-15 19:05:00+00:00,89340.64073104694
2024-11-15 19:06:00+00:00,89370.23662802951
2024-11-15 19:07:00+00:00,89393.60952775477
2024-11-15 19:08:00+00:00,89530.02522589346
2024-11-15 19:09:00+00:00,89585.59036933798
2024-11-15 19:10:00+00:00,89505.07660390515
2024-11-15 19:11:00+00:00,89497.28761616162
2024-11-15 19:12:00+00:00,89496.26452112677
2024-11-15 19:13:00+00:00,89479.57504263094
2024-11-15 19:14:00+00:00,89470.16723991508
2024-11-15 19:15:00+00:00,89480.94672638437
2024-11-15 19:16:00+00:00,89412.4560077821
2024-11-15 19:17:00+00:00,89417.40550969356
2024-11-15 19:18:00+00:00,89410.35610600706
2024-11-15 19:19:00+00:00,89424.59054038998
2024-11-15 19:20:00+00:00,89434.31349087895
2024-11-15 19:21:00+00:00,89473.9600302801
2024-11-15 19:22:00+00:00,89562.24819805195
2024-11-15 19:23:00+00:00,89609.73014545454
2024-11-15 19:24:00+00:00,89557.07861167002
2024-11-15 19:25:00+00:00,89610.3428125
2024-11-15 19:26:00+00:00,89655.74639534885
2024-11-15 19:27:00+00:00,89659.4276006314
2024-11-15 19:28:00+00:00,89664.2199491094
2024-11-15 19:29:00+00:00,89682.83581215469
2024-11-15 19:30:00+00:00,89705.8938480194
2024-11-15 19:31:00+00:00,89695.22022265247
2024-11-15 19:32:00+00:00,89740.67160741886
2024-11-15 19:33:00+00:00,89804.2768263473
2024-11-15 19:34:00+00:00,89832.29725183823
2024-11-15 19:35:00+00:00,89920.60568852459
2024-11-15 19:36:00+00:00,89920.80736013986
2024-11-15 19:37:00+00:00,89915.17843283582
2024-11-15 19:38:00+00:00,90046.0841149667
2024-11-15 19:39:00+00:00,90155.06814829822
2024-11-15 19:40:00+00:00,90259.22799883426
2024-11-15 19:41:00+00:00,90308.33234055727
2024-11-15 19:42:00+00:00,90443.69822562228
2024-11-15 19:43:00+00:00,90517.16190654744
2024-11-15 19:44:00+00:00,90556.19591673338
2024-11-15 19:45:00+00:00,90558.07867637942
2024-11-15 19:46:00+00:00,90625.34947323463
2024-11-15 19:47:00+00:00,90693.15083701939
2024-11-15 19:48:00+00:00,90576.47207869482
2024-11-15 19:49:00+00:00,90745.22444089457
2024-11-15 19:50:00+00:00,90814.33572858287
2024-11-15 19:51:00+00:00,90747.1845604113
2024-11-15 19:52:00+00:00,90688.86553242982
2024-11-15 19:53:00+00:00,90520.16185961715
2024-11-15 19:54:00+00:00,90336.35313052632
2024-11-15 19:55:00+00:00,90180.18880486905
2024-11-15 19:56:00+00:00,90097.99084996914
2024-11-15 19:57:00+00:00,90222.7623884327
2024-11-15 19:58:00+00:00,90350.97175518463
2024-11-15 19:59:00+00:00,90366.78159783679
2024-11-15 20:00:00+00:00,90382.19508381924
2024-11-15 20:01:00+00:00,90478.28000950118
2024-11-15 20:02:00+00:00,90488.7799261387
2024-11-15 20:03:00+00:00,90537.71171851852
2024-11-15 20:04:00+00:00,90600.79999506903
2024-11-15 20:05:00+00:00,90585.28017751478
2024-11-15 20:06:00+00:00,90583.65080745342
2024-11-15 20:07:00+00:00,90465.7444549763
2024-11-15 20:08:00+00:00,90522.27451589062
2024-11-15 20:09:00+00:00,90640.5284440753
2024-11-15 20:10:00+00:00,90678.23366529169
2024-11-15 20:11:00+00:00,90728.76923501033
2024-11-15 20:12:00+00:00,90756.20055245189
2024-11-15 20:13:00+00:00,90844.13233722872
2024-11-15 20:14:00+00:00,90897.79002157497
2024-11-15 20:15:00+00:00,90911.72701486014
2024-11-15 20:16:00+00:00,90852.27636607828
2024-11-15 20:17:00+00:00,90948.55647364217
2024-11-15 20:18:00+00:00,91050.68930107527
2024-11-15 20:19:00+00:00,91175.7293853428
2024-11-15 20:20:00+00:00,91137.04833772393
2024-11-15 20:21:00+00:00,91146.5457742782
2024-11-15 20:22:00+00:00,91129.89303101921
2024-11-15 20:23:00+00:00,91087.85163614164
2024-11-15 20:24:00+00:00,90914.57984274777
2024-11-15 20:25:00+00:00,90955.57609591055
2024-11-15 20:26:00+00:00,91020.85427400851
2024-11-15 20:27:00+00:00,90950.02425991501
2024-11-15 20:28:00+00:00,90995.49579027355
2024-11-15 20:29:00+00:00,90879.37333686066
2024-11-15 20:30:00+00:00,90965.2512736593
2024-11-15 20:31:00+00:00,90821.38573133311
2024-11-15 20:32:00+00:00,90668.90187945428
2024-11-15 20:33:00+00:00,90782.70986979167
2024-11-15 20:34:00+00:00,90835.44141455437
2024-11-15 20:35:00+00:00,90849.53011674898
2024-11-15 20:36:00+00:00,90899.08880898876
2024-11-15 20:37:00+00:00,90977.76637923818
2024-11-15 20:38:00+00:00,91008.61767406274
2024-11-15 20:39:00+00:00,91086.24403139013
2024-11-15 20:40:00+00:00,91153.3039222798
2024-11-15 20:41:00+00:00,91099.52300247116
2024-11-15 20:42:00+00:00,91044.53701236537
2024-11-15 20:43:00+00:00,91092.25510638297
2024-11-15 20:44:00+00:00,91079.14436317135
2024-11-15 20:45:00+00:00,91054.74149486652
2024-11-15 20:46:00+00:00,91034.59786626916
2024-11-15 20:47:00+00:00,91088.27072978303
2024-11-15 20:48:00+00:00,91153.8092637644
2024-11-15 20:49:00+00:00,91195.06961495536
2024-11-15 20:50:00+00:00,91170.71332152696
2024-11-15 20:51:00+00:00,91217.9595887324
2024-11-15 20:52:00+00:00,91287.32271336555
2024-11-15 20:53:00+00:00,91315.92316574586
2024-11-15 20:54:00+00:00,91342.60333509513
2024-11-15 20:55:00+00:00,91376.59027176416
2024-11-15 20:56:00+00:00,91339.98301107012
2024-11-15 20:57:00+00:00,91260.57572640118
2024-11-15 20:58:00+00:00,91229.00210427608
2024-11-15 20:59:00+00:00,91404.09983449013
2024-11-15 21:00:00+00:00,91313.59605085205
2024-11-15 21:01:00+00:00,91239.63861066879
2024-11-15 21:02:00+00:00,91201.52919132973
2024-11-15 21:03:00+00:00,91197.39127949183
2024-11-15 21:04:00+00:00,91201.85981861199
2024-11-15 21:05:00+00:00,91228.42743400858
2024-11-15 21:06:00+00:00,91278.48200941915
2024-11-15 21:07:00+00:00,91179.54272687226
2024-11-15 21:08:00+00:00,91193.34083798883
2024-11-15 21:09:00+00:00,91227.53931735657
2024-11-15 21:10:00+00:00,91222.56613596746
2024-11-15 21:11:00+00:00,91221.96632805219
2024-11-15 21:12:00+00:00,91214.49633077766
2024-11-15 21:13:00+00:00,91286.59785776997
2024-11-15 21:14:00+00:00,91348.65820543093
2024-11-15 21:15:00+00:00,91332.06665853658
2024-11-15 21:16:00+00:00,91317.77553085047
2024-11-15 21:17:00+00:00,91313.7580861244
2024-11-15 21:18:00+00:00,91384.33239224137
2024-11-15 21:19:00+00:00,91352.51127632418
2024-11-15 21:20:00+00:00,91328.81718439174
2024-11-15 21:21:00+00:00,91292.15123655915
2024-11-15 21:22:00+00:00,91127.1725252016
2024-11-15 21:23:00+00:00,91139.42757254465
2024-11-15 21:24:00+00:00,91134.11420822942
2024-11-15 21:25:00+00:00,91240.1514330025
2024-11-15 21:26:00+00:00,91237.77110481587
2024-11-15 21:27:00+00:00,91284.9194605475
2024-11-15 21:28:00+00:00,91281.52922676581
2024-11-15 21:29:00+00:00,91282.20902404527
2024-11-15 21:30:00+00:00,91364.65609491526
2024-11-15 21:31:00+00:00,91359.49615909091
2024-11-15 21:32:00+00:00,91384.67851762821
2024-11-15 21:33:00+00:00,91328.78262295082
2024-11-15 21:34:00+00:00,91312.41520169852
2024-11-15 21:35:00+00:00,91306.26035758323
2024-11-15 21:36:00+00:00,91305.50775173612
2024-11-15 21:37:00+00:00,91265.67268796991
2024-11-15 21:38:00+00:00,91134.40042894281
2024-11-15 21:39:00+00:00,91206.75365882352
2024-11-15 21:40:00+00:00,91264.6910562891
2024-11-15 21:41:00+00:00,91259.65192828685
2024-11-15 21:42:00+00:00,91274.34901608324
2024-11-15 21:43:00+00:00,91360.47515011548
2024-11-15 21:44:00+00:00,91387.58719101123
2024-11-15 21:45:00+00:00,91396.4035319149
2024-11-15 21:46:00+00:00,91337.94492625368
2024-11-15 21:47:00+00:00,91270.649779978
2024-11-15 21:48:00+00:00,91259.38797979798
2024-11-15 21:49:00+00:00,91326.37833766233
2024-11-15 21:50:00+00:00,91415.95902335458
2024-11-15 21:51:00+00:00,91585.63031766917
2024-11-15 21:52:00+00:00,91674.47803424658
2024-11-15 21:53:00+00:00,91734.88874748153
2024-11-15 21:54:00+00:00,91679.25128
2024-11-15 21:55:00+00:00,91741.87618847286
2024-11-15 21:56:00+00:00,91802.02223404255
2024-11-15 21:57:00+00:00,91695.12353077816
2024-11-15 21:58:00+00:00,91632.38516347238
2024-11-15 21:59:00+00:00,91664.9400621118
2024-11-15 22:00:00+00:00,91659.14964648697
2024-11-15 22:01:00+00:00,91798.6031270511
2024-11-15 22:02:00+00:00,91766.49430096593
2024-11-15 22:03:00+00:00,91710.4005571487
2024-11-15 22:04:00+00:00,91574.61204365079
2024-11-15 22:05:00+00:00,91527.97471506965
2024-11-15 22:06:00+00:00,91442.25832533014
2024-11-15 22:07:00+00:00,91412.20233619763
2024-11-15 22:08:00+00:00,91348.30738605898
2024-11-15 22:09:00+00:00,91293.99048152295
2024-11-15 22:10:00+00:00,91291.70330923695
2024-11-15 22:11:00+00:00,91301.30138605063
2024-11-15 22:12:00+00:00,91347.21126888218
2024-11-15 22:13:00+00:00,91314.87748913988
2024-11-15 22:14:00+00:00,91346.1308637236
2024-11-15 22:15:00+00:00,91387.94341996456
2024-11-15 22:16:00+00:00,91336.98893674294
2024-11-15 22:17:00+00:00,91299.34526159921
2024-11-15 22:18:00+00:00,91308.60139718805
2024-11-15 22:19:00+00:00,91210.12939163498
2024-11-15 22:20:00+00:00,91161.37324002798
2024-11-15 22:21:00+00:00,91323.97423137877
2024-11-15 22:22:00+00:00,91259.5563726708
2024-11-15 22:23:00+00:00,91234.35629972248
2024-11-15 22:24:00+00:00,91224.05041731066
2024-11-15 22:25:00+00:00,91240.48430497052
2024-11-15 22:26:00+00:00,91259.82941721854
2024-11-15 22:27:00+00:00,91258.34682709447
2024-11-15 22:28:00+00:00,91188.291931385
2024-11-15 22:29:00+00:00,91181.4394117647
2024-11-15 22:30:00+00:00,91240.78045520232
2024-11-15 22:31:00+00:00,91292.50238498789
2024-11-15 22:32:00+00:00,91263.47324720069
2024-11-15 22:33:00+00:00,91301.81216735253
2024-11-15 22:34:00+00:00,91266.88314655173
2024-11-15 22:35:00+00:00,91279.50702879582
2024-11-15 22:36:00+00:00,91305.14323922734
2024-11-15 22:37:00+00:00,91482.70115956392
2024-11-15 22:38:00+00:00,91556.05935460993
2024-11-15 22:39:00+00:00,91441.58430213465
2024-11-15 22:40:00+00:00,91401.9295289855
2024-11-15 22:41:00+00:00,91489.50224347015
2024-11-15 22:42:00+00:00,91563.59432692308
2024-11-15 22:43:00+00:00,91433.55146103895
2024-11-15 22:44:00+00:00,91433.80157466063
2024-11-15 22:45:00+00:00,91453.94508045977
2024-11-15 22:46:00+00:00,91415.00175925925
2024-11-15 22:47:00+00:00,91326.85567644276
2024-11-15 22:48:00+00:00,91248.82809356725
2024-11-15 22:49:00+00:00,91249.6496033403
2024-11-15 22:50:00+00:00,91257.76216966966
2024-11-15 22:51:00+00:00,91247.00599562364
2024-11-15 22:52:00+00:00,91220.51686011904
2024-11-15 22:53:00+00:00,91224.83103241297
2024-11-15 22:54:00+00:00,91211.10024606298
2024-11-15 22:55:00+00:00,91230.69736156352
2024-11-15 22:56:00+00:00,91194.18545121953
2024-11-15 22:57:00+00:00,91219.83403703703
2024-11-15 22:58:00+00:00,91241.61417682927
2024-11-15 22:59:00+00:00,91213.19620885358
2024-11-15 23:00:00+00:00,91194.26376492194
2024-11-15 23:01:00+00:00,91203.77656410256
2024-11-15 23:02:00+00:00,91220.1607261247
2024-11-15 23:03:00+00:00,91323.75025108225
2024-11-15 23:04:00+00:00,91337.25783993784
2024-11-15 23:05:00+00:00,91318.0086156112
2024-11-15 23:06:00+00:00,91326.12439579685
2024-11-15 23:07:00+00:00,91366.09330166271
2024-11-15 23:08:00+00:00,91353.47232269503
2024-11-15 23:09:00+00:00,91367.47287944493
2024-11-15 23:10:00+00:00,91412.76041353383
2024-11-15 23:11:00+00:00,91421.53149253731
2024-11-15 23:12:00+00:00,91374.32459484346
2024-11-15 23:13:00+00:00,91379.07432304038
2024-11-15 23:14:00+00:00,91411.6017936694
2024-11-15 23:15:00+00:00,91431.15489117985
2024-11-15 23:16:00+00:00,91387.10136235955
2024-11-15 23:17:00+00:00,91322.83787908821
2024-11-15 23:18:00+00:00,91295.834515625
2024-11-15 23:19:00+00:00,91316.27322132098
2024-11-15 23:20:00+00:00,91321.28381729202
2024-11-15 23:21:00+00:00,91321.16656131479
2024-11-15 23:22:00+00:00,91302.30546987953
2024-11-15 23:23:00+00:00,91341.91741891892
2024-11-15 23:24:00+00:00,91322.01714539007
2024-11-15 23:25:00+00:00,91293.55355685132
2024-11-15 23:26:00+00:00,91268.95114006515
2024-11-15 23:27:00+00:00,91242.2013
2024-11-15 23:28:00+00:00,91233.22981873112
2024-11-15 23:29:00+00:00,91235.73554993678
2024-11-15 23:30:00+00:00,91253.54590855802
2024-11-15 23:31:00+00:00,91237.70367123287
2024-11-15 23:32:00+00:00,91203.65707317073
2024-11-15 23:33:00+00:00,91226.99159090909
2024-11-15 23:34:00+00:00,91193.23069482288
2024-11-15 23:35:00+00:00,91160.83237721022
2024-11-15 23:36:00+00:00,91182.58538050734
2024-11-15 23:37:00+00:00,91097.80738095238
2024-11-15 23:38:00+00:00,91070.66269455253
2024-11-15 23:39:00+00:00,91060.24369393139
2024-11-15 23:40:00+00:00,91055.51899113081
2024-11-15 23:41:00+00:00,91132.82362565445
2024-11-15 23:42:00+00:00,91085.02024203821
2024-11-15 23:43:00+00:00,91071.23531187123
2024-11-15 23:44:00+00:00,91067.8617158177
2024-11-15 23:45:00+00:00,90980.68193762183
2024-11-15 23:46:00+00:00,91005.9687366167
2024-11-15 23:47:00+00:00,91038.88473730299
2024-11-15 23:48:00+00:00,90970.70902046784
2024-11-15 23:49:00+00:00,90898.511636953
2024-11-15 23:50:00+00:00,90884.023763089
2024-11-15 23:51:00+00:00,90928.34811004785
2024-11-15 23:52:00+00:00,90913.29533954727
2024-11-15 23:53:00+00:00,90950.97788706739
2024-11-15 23:54:00+00:00,90944.33853816299
2024-11-15 23:55:00+00:00,90919.76888101983
2024-11-15 23:56:00+00:00,91026.86259820813
2024-11-15 23:57:00+00:00,91040.1806858202
2024-11-15 23:58:00+00:00,91037.48505633803
2024-11-15 23:59:00+00:00,91037.77201851852
2024-11-16 00:00:00+00:00,91077.91048484849
2024-11-16 00:01:00+00:00,91008.9483022388
2024-11-16 00:02:00+00:00,90933.34015511391
2024-11-16 00:03:00+00:00,91018.57053133949
2024-11-16 00:04:00+00:00,91109.97894220846
2024-11-16 00:05:00+00:00,91135.38019311064
2024-11-16 00:06:00+00:00,91196.94029995588
2024-11-16 00:07:00+00:00,91289.03383874238
2024-11-16 00:08:00+00:00,91256.23320526315
2024-11-16 00:09:00+00:00,91157.48248165444
2024-11-16 00:10:00+00:00,91239.18183603339
2024-11-16 00:11:00+00:00,91215.13916808148
2024-11-16 00:12:00+00:00,91142.49130226481
2024-11-16 00:13:00+00:00,91049.38580504365
2024-11-16 00:14:00+00:00,90917.5223864783
2024-11-16 00:15:00+00:00,90913.53145490981
2024-11-16 00:16:00+00:00,90982.86697240865
2024-11-16 00:17:00+00:00,91037.02120357311
2024-11-16 00:18:00+00:00,91038.80981947744
2024-11-16 00:19:00+00:00,91066.59812459859
2024-11-16 00:20:00+00:00,91086.61442176871
2024-11-16 00:21:00+00:00,91092.04582697201
2024-11-16 00:22:00+00:00,91093.51293416928
2024-11-16 00:23:00+00:00,91019.59846037735
2024-11-16 00:24:00+00:00,90930.09316360207
2024-11-16 00:25:00+00:00,90908.56356030006
2024-11-16 00:26:00+00:00,90946.36404736842
2024-11-16 00:27:00+00:00,90967.07866478608
2024-11-16 00:28:00+00:00,90946.85585648147
2024-11-16 00:29:00+00:00,90878.51046553267
2024-11-16 00:30:00+00:00,90912.58615500377
2024-11-16 00:31:00+00:00,90962.87627692308
2024-11-16 00:32:00+00:00,90970.6713576159
2024-11-16 00:33:00+00:00,90957.58884877384
2024-11-16 00:34:00+00:00,90992.02515731874
2024-11-16 00:35:00+00:00,91014.30705399864
2024-11-16 00:36:00+00:00,90991.63470993681
2024-11-16 00:37:00+00:00,90990.14964696854
2024-11-16 00:38:00+00:00,90995.07785571142
2024-11-16 00:39:00+00:00,90990.42340616966
2024-11-16 00:40:00+00:00,90969.1721028396
2024-11-16 00:41:00+00:00,90964.9794686907
2024-11-16 00:42:00+00:00,90981.23868804665
2024-11-16 00:43:00+00:00,90968.27739299611
2024-11-16 00:44:00+00:00,90977.6451159618
2024-11-16 00:45:00+00:00,90936.95239690722
2024-11-16 00:46:00+00:00,90958.4670890224
2024-11-16 00:47:00+00:00,91091.02358073655
2024-11-16 00:48:00+00:00,91077.63837145471
2024-11-16 00:49:00+00:00,91112.90391385768
2024-11-16 00:50:00+00:00,91132.8723209169
2024-11-16 00:51:00+00:00,91115.09788957055
2024-11-16 00:52:00+00:00,91123.27141116752
2024-11-16 00:53:00+00:00,91104.49052434457
2024-11-16 00:54:00+00:00,91049.29496998798
2024-11-16 00:55:00+00:00,91015.75981999052
2024-11-16 00:56:00+00:00,91012.44038814396
2024-11-16 00:57:00+00:00,91015.33832432433
2024-11-16 00:58:00+00:00,90965.97407692308
2024-11-16 00:59:00+00:00,90977.1485088634
2024-11-16 01:00:00+00:00,90980.67102668475
2024-11-16 01:01:00+00:00,90969.46157382848
2024-11-16 01:02:00+00:00,91008.54264333581
2024-11-16 01:03:00+00:00,91102.99326363637
2024-11-16 01:04:00+00:00,91127.04569463548
2024-11-16 01:05:00+00:00,91216.6029865927
2024-11-16 01:06:00+00:00,91271.50389731051
2024-11-16 01:07:00+00:00,91313.33916847434
2024-11-16 01:08:00+00:00,91264.7312929782
2024-11-16 01:09:00+00:00,91233.09652173913
2024-11-16 01:10:00+00:00,91204.78987096774
2024-11-16 01:11:00+00:00,91258.36025458248
2024-11-16 01:12:00+00:00,91287.629025
2024-11-16 01:13:00+00:00,91259.49575797007
2024-11-16 01:14:00+00:00,91255.61
2024-11-16 01:15:00+00:00,91274.05083707024
2024-11-16 01:16:00+00:00,91304.29729885056
2024-11-16 01:17:00+00:00,91318.68790722762
2024-11-16 01:18:00+00:00,91245.84676
2024-11-16 01:19:00+00:00,91170.80163621262
2024-11-16 01:20:00+00:00,91154.6499119171
2024-11-16 01:21:00+00:00,91142.57442990654
2024-11-16 01:22:00+00:00,91181.3854691689
2024-11-16 01:23:00+00:00,91248.88753385602
2024-11-16 01:24:00+00:00,91312.05896017699
2024-11-16 01:25:00+00:00,91308.13832891246
2024-11-16 01:26:00+00:00,91311.35615224192
2024-11-16 01:27:00+00:00,91351.61520648967
2024-11-16 01:28:00+00:00,91421.7064186508
2024-11-16 01:29:00+00:00,91378.06675276753
2024-11-16 01:30:00+00:00,91324.73468916518
2024-11-16 01:31:00+00:00,91292.72869140626
2024-11-16 01:32:00+00:00,91269.23449972052
2024-11-16 01:33:00+00:00,91269.69541829554
2024-11-16 01:34:00+00:00,91304.13545008183
2024-11-16 01:35:00+00:00,91291.89590116279
2024-11-16 01:36:00+00:00,91214.7717883598
2024-11-16 01:37:00+00:00,91201.97274213075
2024-11-16 01:38:00+00:00,91246.43805240175
2024-11-16 01:39:00+00:00,91270.37719211823
2024-11-16 01:40:00+00:00,91229.5855981417
2024-11-16 01:41:00+00:00,91225.11552631579
2024-11-16 01:42:00+00:00,91228.50069512194
2024-11-16 01:43:00+00:00,91230.05185823755
2024-11-16 01:44:00+00:00,91271.51257703081
2024-11-16 01:45:00+00:00,91266.41511033682
2024-11-16 01:46:00+00:00,91158.25692682926
2024-11-16 01:47:00+00:00,91132.82642083896
2024-11-16 01:48:00+00:00,91193.6841796517
2024-11-16 01:49:00+00:00,91250.66531135532
2024-11-16 01:50:00+00:00,91268.3190706052
2024-11-16 01:51:00+00:00,91364.9537884203
2024-11-16 01:52:00+00:00,91339.92602069615
2024-11-16 01:53:00+00:00,91307.20969086023
2024-11-16 01:54:00+00:00,91271.00872869318
2024-11-16 01:55:00+00:00,91262.72612873134
2024-11-16 01:56:00+00:00,91246.7384848485
2024-11-16 01:57:00+00:00,91261.46219675263
2024-11-16 01:58:00+00:00,91234.1650699677
2024-11-16 01:59:00+00:00,91239.41604766632
2024-11-16 02:00:00+00:00,91227.79347119645
2024-11-16 02:01:00+00:00,91183.07888638074
2024-11-16 02:02:00+00:00,91176.46793617021
2024-11-16 02:03:00+00:00,91202.98284129692
2024-11-16 02:04:00+00:00,91179.43795454546
2024-11-16 02:05:00+00:00,91249.1750390625
2024-11-16 02:06:00+00:00,91281.89098913042
2024-11-16 02:07:00+00:00,91279.20862170088
2024-11-16 02:08:00+00:00,91317.93760614273
2024-11-16 02:09:00+00:00,91354.33315359477
2024-11-16 02:10:00+00:00,91356.87755050504
2024-11-16 02:11:00+00:00,91342.37265930332
2024-11-16 02:12:00+00:00,91354.74971929826
2024-11-16 02:13:00+00:00,91342.7223138833
2024-11-16 02:14:00+00:00,91364.27090504451
2024-11-16 02:15:00+00:00,91406.17467741936
2024-11-16 02:16:00+00:00,91481.65334681868
2024-11-16 02:17:00+00:00,91550.39222319092
2024-11-16 02:18:00+00:00,91521.98562115621
2024-11-16 02:19:00+00:00,91580.44022564102
2024-11-16 02:20:00+00:00,91653.48456690369
2024-11-16 02:21:00+00:00,91615.44024756188
2024-11-16 02:22:00+00:00,91604.36556089744
2024-11-16 02:23:00+00:00,91545.59307458143
2024-11-16 02:24:00+00:00,91509.05572431958
2024-11-16 02:25:00+00:00,91544.87094373866
2024-11-16 02:26:00+00:00,91546.61752265862
2024-11-16 02:27:00+00:00,91570.03746331236
2024-11-16 02:28:00+00:00,91604.4428403526
2024-11-16 02:29:00+00:00,91608.05798175598
2024-11-16 02:30:00+00:00,91634.26268726592
2024-11-16 02:31:00+00:00,91553.25979633402
2024-11-16 02:32:00+00:00,91526.79074517632
2024-11-16 02:33:00+00:00,91506.95761811023
2024-11-16 02:34:00+00:00,91472.21343968096
2024-11-16 02:35:00+00:00,91445.88737864078
2024-11-16 02:36:00+00:00,91493.05554692556
2024-11-16 02:37:00+00:00,91555.5546031746
2024-11-16 02:38:00+00:00,91550.1988426396
2024-11-16 02:39:00+00:00,91443.96126948774
2024-11-16 02:40:00+00:00,91402.94412140576
2024-11-16 02:41:00+00:00,91453.82886392811
2024-11-16 02:42:00+00:00,91412.61359375
2024-11-16 02:43:00+00:00,91395.4959378037
2024-11-16 02:44:00+00:00,91410.21642708333
2024-11-16 02:45:00+00:00,91384.07457698816
2024-11-16 02:46:00+00:00,91348.90562973158
2024-11-16 02:47:00+00:00,91344.9471328125
2024-11-16 02:48:00+00:00,91399.36949585636
2024-11-16 02:49:00+00:00,91473.80157475838
2024-11-16 02:50:00+00:00,91519.80908190223
2024-11-16 02:51:00+00:00,91485.9944
2024-11-16 02:52:00+00:00,91512.90163484486
2024-11-16 02:53:00+00:00,91517.90347315437
2024-11-16 02:54:00+00:00,91475.67835703002
2024-11-16 02:55:00+00:00,91487.69365826945
2024-11-16 02:56:00+00:00,91448.0975
2024-11-16 02:57:00+00:00,91437.06980628273
2024-11-16 02:58:00+00:00,91432.54914612675
2024-11-16 02:59:00+00:00,91402.42681047766
2024-11-16 03:00:00+00:00,91387.9534084507
2024-11-16 03:01:00+00:00,91372.08611702127
2024-11-16 03:02:00+00:00,91447.38078833693
2024-11-16 03:03:00+00:00,91458.90713474026
2024-11-16 03:04:00+00:00,91443.06432160804
2024-11-16 03:05:00+00:00,91407.5380150376
2024-11-16 03:06:00+00:00,91447.90917763158
2024-11-16 03:07:00+00:00,91470.97160678642
2024-11-16 03:08:00+00:00,91510.67854982206
2024-11-16 03:09:00+00:00,91576.00038616252
2024-11-16 03:10:00+00:00,91538.48330009067
2024-11-16 03:11:00+00:00,91465.8521575985
2024-11-16 03:12:00+00:00,91447.64043165468
2024-11-16 03:13:00+00:00,91438.30737781954
2024-11-16 03:14:00+00:00,91430.96167964404
2024-11-16 03:15:00+00:00,91400.57248134329
2024-11-16 03:16:00+00:00,91368.78480745341
2024-11-16 03:17:00+00:00,91394.15471947195
2024-11-16 03:18:00+00:00,91420.80540516473
2024-11-16 03:19:00+00:00,91476.33292125317
2024-11-16 03:20:00+00:00,91485.49397463002
2024-11-16 03:21:00+00:00,91478.09683288408
2024-11-16 03:22:00+00:00,91461.15080308031
2024-11-16 03:23:00+00:00,91444.68122197311
2024-11-16 03:24:00+00:00,91415.57451527224
2024-11-16 03:25:00+00:00,91353.20025925926
2024-11-16 03:26:00+00:00,91370.56897847001
2024-11-16 03:27:00+00:00,91377.07387568556
2024-11-16 03:28:00+00:00,91351.95354395604
2024-11-16 03:29:00+00:00,91338.3602255639
2024-11-16 03:30:00+00:00,91365.8448712206
2024-11-16 03:31:00+00:00,91315.51958011996
2024-11-16 03:32:00+00:00,91300.62836428572
2024-11-16 03:33:00+00:00,91253.0385178408
2024-11-16 03:34:00+00:00,91210.38432052483
2024-11-16 03:35:00+00:00,91099.37391505345
2024-11-16 03:36:00+00:00,91165.70533437014
2024-11-16 03:37:00+00:00,91264.47857142857
2024-11-16 03:38:00+00:00,91275.8723059867
2024-11-16 03:39:00+00:00,91240.95853732638
2024-11-16 03:40:00+00:00,91262.24313253013
2024-11-16 03:41:00+00:00,91290.61858629662
2024-11-16 03:42:00+00:00,91247.58643802647
2024-11-16 03:43:00+00:00,91235.27785714286
2024-11-16 03:44:00+00:00,91233.90921217548
2024-11-16 03:45:00+00:00,91174.76024666667
2024-11-16 03:46:00+00:00,91172.68172927003
2024-11-16 03:47:00+00:00,91221.51551417004
2024-11-16 03:48:00+00:00,91220.31677272727
2024-11-16 03:49:00+00:00,91228.24733439744
2024-11-16 03:50:00+00:00,91192.52291666665
2024-11-16 03:51:00+00:00,91201.61877295493
2024-11-16 03:52:00+00:00,91188.44123686338
2024-11-16 03:53:00+00:00,91119.50746031746
2024-11-16 03:54:00+00:00,91153.77784552846
2024-11-16 03:55:00+00:00,91208.9445897436
2024-11-16 03:56:00+00:00,91269.40844046365
2024-11-16 03:57:00+00:00,91290.77551146386
2024-11-16 03:58:00+00:00,91285.17284946237
2024-11-16 03:59:00+00:00,91290.91179621848
2024-11-16 04:00:00+00:00,91212.08488960442
2024-11-16 04:01:00+00:00,91247.88934475806
2024-11-16 04:02:00+00:00,91346.01672275641
2024-11-16 04:03:00+00:00,91298.38063151042
2024-11-16 04:04:00+00:00,91168.13925104853
2024-11-16 04:05:00+00:00,91128.6916838761
2024-11-16 04:06:00+00:00,91186.22051632499
2024-11-16 04:07:00+00:00,91217.88654603175
2024-11-16 04:08:00+00:00,91203.64404503752
2024-11-16 04:09:00+00:00,91198.56476696648
2024-11-16 04:10:00+00:00,91170.18920845921
2024-11-16 04:11:00+00:00,91130.07755354201
2024-11-16 04:12:00+00:00,91090.60866177818
2024-11-16 04:13:00+00:00,91107.00642118078
2024-11-16 04:14:00+00:00,91108.59459762943
2024-11-16 04:15:00+00:00,91089.29581593194
2024-11-16 04:16:00+00:00,91105.77304909562
2024-11-16 04:17:00+00:00,91125.75275280898
2024-11-16 04:18:00+00:00,91152.60648255814
2024-11-16 04:19:00+00:00,91102.38578846154
2024-11-16 04:20:00+00:00,91083.1575024777
2024-11-16 04:21:00+00:00,91080.16851190476
2024-11-16 04:22:00+00:00,91102.44613903743
2024-11-16 04:23:00+00:00,91120.22234939759
2024-11-16 04:24:00+00:00,91144.07544360902
2024-11-16 04:25:00+00:00,91146.70586206896
2024-11-16 04:26:00+00:00,91174.78901155328
2024-11-16 04:27:00+00:00,91134.80570528968
2024-11-16 04:28:00+00:00,91167.92641618497
2024-11-16 04:29:00+00:00,91166.25206434318
2024-11-16 04:30:00+00:00,91176.35223602485
2024-11-16 04:31:00+00:00,91203.96603773585
2024-11-16 04:32:00+00:00,91209.0678660613
2024-11-16 04:33:00+00:00,91222.61595348838
2024-11-16 04:34:00+00:00,91228.57582295989
2024-11-16 04:35:00+00:00,91232.8940527578
2024-11-16 04:36:00+00:00,91257.09504895104
2024-11-16 04:37:00+00:00,91253.88462686568
2024-11-16 04:38:00+00:00,91244.18426409904
2024-11-16 04:39:00+00:00,91228.77977223428
2024-11-16 04:40:00+00:00,91265.97727160495
2024-11-16 04:41:00+00:00,91270.66954385965
2024-11-16 04:42:00+00:00,91240.12040665433
2024-11-16 04:43:00+00:00,91187.56448548812
2024-11-16 04:44:00+00:00,91173.0638505747
2024-11-16 04:45:00+00:00,91132.87789227166
2024-11-16 04:46:00+00:00,91183.0993
2024-11-16 04:47:00+00:00,91218.13431192661
2024-11-16 04:48:00+00:00,91256.6011849711
2024-11-16 04:49:00+00:00,91247.80111349036
2024-11-16 04:50:00+00:00,91231.90073587385
2024-11-16 04:51:00+00:00,91284.98250733138
2024-11-16 04:52:00+00:00,91294.27505349794
2024-11-16 04:53:00+00:00,91318.00917597766
2024-11-16 04:54:00+00:00,91331.86820562561
2024-11-16 04:55:00+00:00,91311.70837043633
2024-11-16 04:56:00+00:00,91271.621314554
2024-11-16 04:57:00+00:00,91254.60534177216
2024-11-16 04:58:00+00:00,91260.1116931217
2024-11-16 04:59:00+00:00,91271.8743100511
2024-11-16 05:00:00+00:00,91261.94451891893
2024-11-16 05:01:00+00:00,91231.45763771186
2024-11-16 05:02:00+00:00,91232.18620102214
2024-11-16 05:03:00+00:00,91178.99854410201
2024-11-16 05:04:00+00:00,91180.29899244332
2024-11-16 05:05:00+00:00,91218.35974903475
2024-11-16 05:06:00+00:00,91247.62799440298
2024-11-16 05:07:00+00:00,91333.5714683153
2024-11-16 05:08:00+00:00,91368.74519154557
2024-11-16 05:09:00+00:00,91332.40785964913
2024-11-16 05:10:00+00:00,91337.16075195312
2024-11-16 05:11:00+00:00,91347.97202173913
2024-11-16 05:12:00+00:00,91372.87633471645
2024-11-16 05:13:00+00:00,91373.57582752613
2024-11-16 05:14:00+00:00,91388.57452346041
2024-11-16 05:15:00+00:00,91416.9690967742
2024-11-16 05:16:00+00:00,91382.88909874608
2024-11-16 05:17:00+00:00,91440.87795918366
2024-11-16 05:18:00+00:00,91472.03295495495
2024-11-16 05:19:00+00:00,91510.30556471559
2024-11-16 05:20:00+00:00,91529.22789934355
2024-11-16 05:21:00+00:00,91547.70707514451
2024-11-16 05:22:00+00:00,91529.90340095464
2024-11-16 05:23:00+00:00,91574.68939105613
2024-11-16 05:24:00+00:00,91698.40011174459
2024-11-16 05:25:00+00:00,91697.65442659694
2024-11-16 05:26:00+00:00,91668.59408533022
2024-11-16 05:27:00+00:00,91592.16531826569
2024-11-16 05:28:00+00:00,91567.70646660213
2024-11-16 05:29:00+00:00,91545.20916475973
2024-11-16 05:30:00+00:00,91591.488989899
2024-11-16 05:31:00+00:00,91532.33226060605
2024-11-16 05:32:00+00:00,91524.32415929202
2024-11-16 05:33:00+00:00,91551.98830291971
2024-11-16 05:34:00+00:00,91535.09120000001
2024-11-16 05:35:00+00:00,91567.14787083038
2024-11-16 05:36:00+00:00,91583.1959392945
2024-11-16 05:37:00+00:00,91487.4590521327
2024-11-16 05:38:00+00:00,91444.70440318303
2024-11-16 05:39:00+00:00,91408.6751438849
2024-11-16 05:40:00+00:00,91425.34127579737
2024-11-16 05:41:00+00:00,91419.72084967319
2024-11-16 05:42:00+00:00,91406.71632167832
2024-11-16 05:43:00+00:00,91372.78009950249
2024-11-16 05:44:00+00:00,91382.82897039897
2024-11-16 05:45:00+00:00,91400.74001216546
2024-11-16 05:46:00+00:00,91380.73222292193
2024-11-16 05:47:00+00:00,91407.19095599394
2024-11-16 05:48:00+00:00,91426.08572402045
2024-11-16 05:49:00+00:00,91465.74741935484
2024-11-16 05:50:00+00:00,91479.67908450704
2024-11-16 05:51:00+00:00,91485.46348499515
2024-11-16 05:52:00+00:00,91445.31632270169
2024-11-16 05:53:00+00:00,91411.64922644163
2024-11-16 05:54:00+00:00,91372.03997668998
2024-11-16 05:55:00+00:00,91352.53218130312
2024-11-16 05:56:00+00:00,91337.34049382717
2024-11-16 05:57:00+00:00,91331.24730688936
2024-11-16 05:58:00+00:00,91331.38249999999
2024-11-16 05:59:00+00:00,91357.04678007291
2024-11-16 06:00:00+00:00,91346.44850430696
2024-11-16 06:01:00+00:00,91324.92229797979
2024-11-16 06:02:00+00:00,91324.48957915831
2024-11-16 06:03:00+00:00,91304.36449752883
2024-11-16 06:04:00+00:00,91318.07227941176
2024-11-16 06:05:00+00:00,91255.29918275707
2024-11-16 06:06:00+00:00,91285.24219662059
2024-11-16 06:07:00+00:00,91259.66208333333
2024-11-16 06:08:00+00:00,91271.53150517403
2024-11-16 06:09:00+00:00,91247.51337115072
2024-11-16 06:10:00+00:00,91254.76758974358
2024-11-16 06:11:00+00:00,91274.04613714287
2024-11-16 06:12:00+00:00,91280.86199604743
2024-11-16 06:13:00+00:00,91265.50541353384
2024-11-16 06:14:00+00:00,91245.47483139536
2024-11-16 06:15:00+00:00,91325.07705471478
2024-11-16 06:16:00+00:00,91410.66427152319
2024-11-16 06:17:00+00:00,91338.35965292843
2024-11-16 06:18:00+00:00,91283.77776041668
2024-11-16 06:19:00+00:00,91335.53891050584
2024-11-16 06:20:00+00:00,91424.41147205589
2024-11-16 06:21:00+00:00,91400.11758101852
2024-11-16 06:22:00+00:00,91350.53341525423
2024-11-16 06:23:00+00:00,91314.25090381828
2024-11-16 06:24:00+00:00,91312.27062367865
2024-11-16 06:25:00+00:00,91336.87352179034
2024-11-16 06:26:00+00:00,91361.58358173078
2024-11-16 06:27:00+00:00,91367.69492105262
2024-11-16 06:28:00+00:00,91379.9735345774
2024-11-16 06:29:00+00:00,91385.51148837208
2024-11-16 06:30:00+00:00,91355.53589805825
2024-11-16 06:31:00+00:00,91322.58291777188
2024-11-16 06:32:00+00:00,91297.20766223612
2024-11-16 06:33:00+00:00,91273.3844045677
2024-11-16 06:34:00+00:00,91279.61846509478
2024-11-16 06:35:00+00:00,91222.98994466403
2024-11-16 06:36:00+00:00,91217.26550833334
2024-11-16 06:37:00+00:00,91240.19730395333
2024-11-16 06:38:00+00:00,91271.46926989336
2024-11-16 06:39:00+00:00,91218.34570490368
2024-11-16 06:40:00+00:00,91215.5879640045
2024-11-16 06:41:00+00:00,91206.99650270535
2024-11-16 06:42:00+00:00,91240.82424394319
2024-11-16 06:43:00+00:00,91237.26905638665
2024-11-16 06:44:00+00:00,91269.83527192983
2024-11-16 06:45:00+00:00,91287.24381595093
2024-11-16 06:46:00+00:00,91341.06213506493
2024-11-16 06:47:00+00:00,91371.96135116598
2024-11-16 06:48:00+00:00,91352.48663343558
2024-11-16 06:49:00+00:00,91369.85154275094
2024-11-16 06:50:00+00:00,91330.9229645094
2024-11-16 06:51:00+00:00,91289.93564229249
2024-11-16 06:52:00+00:00,91282.1173706004
2024-11-16 06:53:00+00:00,91267.42145772594
2024-11-16 06:54:00+00:00,91242.7790943789
2024-11-16 06:55:00+00:00,91197.95115812919
2024-11-16 06:56:00+00:00,91177.63501471454
2024-11-16 06:57:00+00:00,91205.00595116988
2024-11-16 06:58:00+00:00,91201.25304780877
2024-11-16 06:59:00+00:00,91203.04304347826
2024-11-16 07:00:00+00:00,91181.33573443984
2024-11-16 07:01:00+00:00,91194.25746489283
2024-11-16 07:02:00+00:00,91220.75762283737
2024-11-16 07:03:00+00:00,91237.2036711552
2024-11-16 07:04:00+00:00,91205.48792649098
2024-11-16 07:05:00+00:00,91147.20646496814
2024-11-16 07:06:00+00:00,91172.76043010752
2024-11-16 07:07:00+00:00,91175.50020842194
2024-11-16 07:08:00+00:00,91233.6673897059
2024-11-16 07:09:00+00:00,91268.1663507897
2024-11-16 07:10:00+00:00,91346.37239130434
2024-11-16 07:11:00+00:00,91356.60839834025
2024-11-16 07:12:00+00:00,91338.32002538072
2024-11-16 07:13:00+00:00,91346.95496268656
2024-11-16 07:14:00+00:00,91345.54405882354
2024-11-16 07:15:00+00:00,91349.09568829593
2024-11-16 07:16:00+00:00,91365.24903144654
2024-11-16 07:17:00+00:00,91379.47995889004
2024-11-16 07:18:00+00:00,91383.96964179105
2024-11-16 07:19:00+00:00,91381.28581508515
2024-11-16 07:20:00+00:00,91370.90400793651
2024-11-16 07:21:00+00:00,91349.10757723577
2024-11-16 07:22:00+00:00,91355.95935979515
2024-11-16 07:23:00+00:00,91346.92423200859
2024-11-16 07:24:00+00:00,91329.90630601092
2024-11-16 07:25:00+00:00,91338.43802306426
2024-11-16 07:26:00+00:00,91321.75721546961
2024-11-16 07:27:00+00:00,91332.84662436548
2024-11-16 07:28:00+00:00,91335.53019758507
2024-11-16 07:29:00+00:00,91338.93334114889
2024-11-16 07:30:00+00:00,91312.52390977443
2024-11-16 07:31:00+00:00,91293.19991780822
2024-11-16 07:32:00+00:00,91249.47547813195
2024-11-16 07:33:00+00:00,91197.8110891089
2024-11-16 07:34:00+00:00,91220.48600554785
2024-11-16 07:35:00+00:00,91250.18016881827
2024-11-16 07:36:00+00:00,91174.59401488616
2024-11-16 07:37:00+00:00,91159.5918971061
2024-11-16 07:38:00+00:00,91190.64940898346
2024-11-16 07:39:00+00:00,91166.83206976744
2024-11-16 07:40:00+00:00,91159.56535410765
2024-11-16 07:41:00+00:00,91140.80261343013
2024-11-16 07:42:00+00:00,91124.83752613241
2024-11-16 07:43:00+00:00,91150.2861752434
2024-11-16 07:44:00+00:00,91123.47040789474
2024-11-16 07:45:00+00:00,91100.45057575758
2024-11-16 07:46:00+00:00,91087.34210638297
2024-11-16 07:47:00+00:00,91097.02203309693
2024-11-16 07:48:00+00:00,91123.66757490637
2024-11-16 07:49:00+00:00,91144.1187254902
2024-11-16 07:50:00+00:00,91161.90997955011
2024-11-16 07:51:00+00:00,91166.68489583333
2024-11-16 07:52:00+00:00,91153.75485759493
2024-11-16 07:53:00+00:00,91179.09828382838
2024-11-16 07:54:00+00:00,91154.30099697885
2024-11-16 07:55:00+00:00,91171.3750625
2024-11-16 07:56:00+00:00,91169.87863727454
2024-11-16 07:57:00+00:00,91144.3706888069
2024-11-16 07:58:00+00:00,91113.12522411128
2024-11-16 07:59:00+00:00,91113.42958333333
2024-11-16 08:00:00+00:00,91113.22306471306
2024-11-16 08:01:00+00:00,91131.73938095238
2024-11-16 08:02:00+00:00,91175.66651761517
2024-11-16 08:03:00+00:00,91208.75973357016
2024-11-16 08:04:00+00:00,91218.04612
2024-11-16 08:05:00+00:00,91207.40739348372
2024-11-16 08:06:00+00:00,91188.96293868922
2024-11-16 08:07:00+00:00,91153.6373989071
2024-11-16 08:08:00+00:00,91134.276730486
2024-11-16 08:09:00+00:00,91159.32496402878
2024-11-16 08:10:00+00:00,91135.8197847682
2024-11-16 08:11:00+00:00,91116.855430839
2024-11-16 08:12:00+00:00,91125.89716911766
2024-11-16 08:13:00+00:00,91111.94429268294
2024-11-16 08:14:00+00:00,91064.10921594982
2024-11-16 08:15:00+00:00,91056.80592653637
2024-11-16 08:16:00+00:00,91098.30436114044
2024-11-16 08:17:00+00:00,91089.89788667687
2024-11-16 08:18:00+00:00,91132.82976102941
2024-11-16 08:19:00+00:00,91139.57363228699
2024-11-16 08:20:00+00:00,91160.73415672913
2024-11-16 08:21:00+00:00,91193.85055555556
2024-11-16 08:22:00+00:00,91225.27186915888
2024-11-16 08:23:00+00:00,91273.47487417219
2024-11-16 08:24:00+00:00,91250.75761589404
2024-11-16 08:25:00+00:00,91208.56937198067
2024-11-16 08:26:00+00:00,91198.04510948904
2024-11-16 08:27:00+00:00,91197.9999695586
2024-11-16 08:28:00+00:00,91211.67385214008
2024-11-16 08:29:00+00:00,91242.40802679658
2024-11-16 08:30:00+00:00,91328.91142621146
2024-11-16 08:31:00+00:00,91386.65546142208
2024-11-16 08:32:00+00:00,91378.52481884058
2024-11-16 08:33:00+00:00,91339.46156593406
2024-11-16 08:34:00+00:00,91393.6409221557
2024-11-16 08:35:00+00:00,91392.5825
2024-11-16 08:36:00+00:00,91334.70773392743
2024-11-16 08:37:00+00:00,91290.09674772037
2024-11-16 08:38:00+00:00,91299.25056092843
2024-11-16 08:39:00+00:00,91335.72347593583
2024-11-16 08:40:00+00:00,91333.5375226586
2024-11-16 08:41:00+00:00,91311.60827371695
2024-11-16 08:42:00+00:00,91310.37328523862
2024-11-16 08:43:00+00:00,91298.05408988764
2024-11-16 08:44:00+00:00,91286.05841101694
2024-11-16 08:45:00+00:00,91267.33075685904
2024-11-16 08:46:00+00:00,91324.84835260116
2024-11-16 08:47:00+00:00,91335.62631631631
2024-11-16 08:48:00+00:00,91332.46195686901
2024-11-16 08:49:00+00:00,91344.04224865694
2024-11-16 08:50:00+00:00,91335.4730972389
2024-11-16 08:51:00+00:00,91335.60113483146
2024-11-16 08:52:00+00:00,91331.76159509203
2024-11-16 08:53:00+00:00,91308.06262711863
2024-11-16 08:54:00+00:00,91286.87979069768
2024-11-16 08:55:00+00:00,91324.61030249111
2024-11-16 08:56:00+00:00,91353.61941176471
2024-11-16 08:57:00+00:00,91366.04611324376
2024-11-16 08:58:00+00:00,91383.93147016013
2024-11-16 08:59:00+00:00,91405.20207930368
2024-11-16 09:00:00+00:00,91404.93199492815
2024-11-16 09:01:00+00:00,91404.7990672016
2024-11-16 09:02:00+00:00,91398.25507900678
2024-11-16 09:03:00+00:00,91393.12937055838
2024-11-16 09:04:00+00:00,91379.15826666667
2024-11-16 09:05:00+00:00,91351.953385214
2024-11-16 09:06:00+00:00,91324.96101694915
2024-11-16 09:07:00+00:00,91338.55697198276
2024-11-16 09:08:00+00:00,91338.38286166008
2024-11-16 09:09:00+00:00,91327.7989624724
2024-11-16 09:10:00+00:00,91305.688
2024-11-16 09:11:00+00:00,91338.91916714533
2024-11-16 09:12:00+00:00,91380.42161016949
2024-11-16 09:13:00+00:00,91393.30146127948
2024-11-16 09:14:00+00:00,91404.52180257511
2024-11-16 09:15:00+00:00,91386.53935852372
2024-11-16 09:16:00+00:00,91397.75392682926
2024-11-16 09:17:00+00:00,91379.79667910447
2024-11-16 09:18:00+00:00,91372.51640279395
2024-11-16 09:19:00+00:00,91377.44666666666
2024-11-16 09:20:00+00:00,91356.14778501629
2024-11-16 09:21:00+00:00,91376.91793684212
2024-11-16 09:22:00+00:00,91376.0494837758
2024-11-16 09:23:00+00:00,91361.5166625
2024-11-16 09:24:00+00:00,91338.5877407932
2024-11-16 09:25:00+00:00,91279.64697115384
2024-11-16 09:26:00+00:00,91263.26359585492
2024-11-16 09:27:00+00:00,91275.86494949495
2024-11-16 09:28:00+00:00,91276.25987897126
2024-11-16 09:29:00+00:00,91244.91606815203
2024-11-16 09:30:00+00:00,91274.30891734576
2024-11-16 09:31:00+00:00,91290.48542410714
2024-11-16 09:32:00+00:00,91315.1575140713
2024-11-16 09:33:00+00:00,91325.93933576642
2024-11-16 09:34:00+00:00,91277.39291666668
2024-11-16 09:35:00+00:00,91262.15467783506
2024-11-16 09:36:00+00:00,91289.46353634578
2024-11-16 09:37:00+00:00,91254.6557735849
2024-11-16 09:38:00+00:00,91281.35452554745
2024-11-16 09:39:00+00:00,91339.33789957568
2024-11-16 09:40:00+00:00,91392.44472440945
2024-11-16 09:41:00+00:00,91380.68274760383
2024-11-16 09:42:00+00:00,91389.7222142857
2024-11-16 09:43:00+00:00,91415.17306306308
2024-11-16 09:44:00+00:00,91414.59407477822
2024-11-16 09:45:00+00:00,91388.71426136364
2024-11-16 09:46:00+00:00,91373.00177374302
2024-11-16 09:47:00+00:00,91346.29768304915
2024-11-16 09:48:00+00:00,91346.1059063745
2024-11-16 09:49:00+00:00,91333.86570934256
2024-11-16 09:50:00+00:00,91343.78995268139
2024-11-16 09:51:00+00:00,91351.0582010582
2024-11-16 09:52:00+00:00,91342.29477503628
2024-11-16 09:53:00+00:00,91290.78755391898
2024-11-16 09:54:00+00:00,91310.38506868131
2024-11-16 09:55:00+00:00,91290.46336594912
2024-11-16 09:56:00+00:00,91299.1892739274
2024-11-16 09:57:00+00:00,91304.49991513437
2024-11-16 09:58:00+00:00,91277.2618881119
2024-11-16 09:59:00+00:00,91262.49599526067
2024-11-16 10:00:00+00:00,91260.39269605037
2024-11-16 10:01:00+00:00,91255.56734494978
2024-11-16 10:02:00+00:00,91313.70056547619
2024-11-16 10:03:00+00:00,91276.60428235294
2024-11-16 10:04:00+00:00,91303.43818809601
2024-11-16 10:05:00+00:00,91359.49420425532
2024-11-16 10:06:00+00:00,91363.44970118138
2024-11-16 10:07:00+00:00,91341.85615384615
2024-11-16 10:08:00+00:00,91334.36180094787
2024-11-16 10:09:00+00:00,91348.96116838488
2024-11-16 10:10:00+00:00,91362.1244963145
2024-11-16 10:11:00+00:00,91367.5834382376
2024-11-16 10:12:00+00:00,91381.26281085155
2024-11-16 10:13:00+00:00,91325.35337361532
2024-11-16 10:14:00+00:00,91306.54688995215
2024-11-16 10:15:00+00:00,91298.63865671643
2024-11-16 10:16:00+00:00,91277.40939816514
2024-11-16 10:17:00+00:00,91333.67250962774
2024-11-16 10:18:00+00:00,91354.7374369748
2024-11-16 10:19:00+00:00,91374.10104495747
2024-11-16 10:20:00+00:00,91384.01143416928
2024-11-16 10:21:00+00:00,91384.85578643579
2024-11-16 10:22:00+00:00,91400.32344778255
2024-11-16 10:23:00+00:00,91388.02979691309
2024-11-16 10:24:00+00:00,91401.35096385542
2024-11-16 10:25:00+00:00,91426.6854767184
2024-11-16 10:26:00+00:00,91439.77385734073
2024-11-16 10:27:00+00:00,91418.31867156863
2024-11-16 10:28:00+00:00,91421.80502164502
2024-11-16 10:29:00+00:00,91423.08255725191
2024-11-16 10:30:00+00:00,91422.66800541517
2024-11-16 10:31:00+00:00,91433.99516889238
2024-11-16 10:32:00+00:00,91459.39295722713
2024-11-16 10:33:00+00:00,91509.96824062878
2024-11-16 10:34:00+00:00,91535.59007808143
2024-11-16 10:35:00+00:00,91542.85591492777
2024-11-16 10:36:00+00:00,91538.7097582205
2024-11-16 10:37:00+00:00,91583.66370451236
2024-11-16 10:38:00+00:00,91558.24391801716
2024-11-16 10:39:00+00:00,91495.15370198675
2024-11-16 10:40:00+00:00,91533.34569613822
2024-11-16 10:41:00+00:00,91567.09105809128
2024-11-16 10:42:00+00:00,91534.41726207906
2024-11-16 10:43:00+00:00,91538.71946208114
2024-11-16 10:44:00+00:00,91573.56363466915
2024-11-16 10:45:00+00:00,91568.50881168178
2024-11-16 10:46:00+00:00,91548.802686722
2024-11-16 10:47:00+00:00,91545.54430332922
2024-11-16 10:48:00+00:00,91537.56288104088
2024-11-16 10:49:00+00:00,91538.24740558292
2024-11-16 10:50:00+00:00,91502.14307745505
2024-11-16 10:51:00+00:00,91476.32788632327
2024-11-16 10:52:00+00:00,91499.8966812227
2024-11-16 10:53:00+00:00,91483.53029372497
2024-11-16 10:54:00+00:00,91474.45783816425
2024-11-16 10:55:00+00:00,91438.529605178
2024-11-16 10:56:00+00:00,91416.8590227577
2024-11-16 10:57:00+00:00,91439.07280423281
2024-11-16 10:58:00+00:00,91431.806461126
2024-11-16 10:59:00+00:00,91408.16370619946
2024-11-16 11:00:00+00:00,91405.4545912469
2024-11-16 11:01:00+00:00,91384.99330508475
2024-11-16 11:02:00+00:00,91373.0083271028
2024-11-16 11:03:00+00:00,91355.37649657273
2024-11-16 11:04:00+00:00,91296.50564866014
2024-11-16 11:05:00+00:00,91297.0831229848
2024-11-16 11:06:00+00:00,91327.7331441048
2024-11-16 11:07:00+00:00,91347.23328662419
2024-11-16 11:08:00+00:00,91337.56375
2024-11-16 11:09:00+00:00,91342.3523386652
2024-11-16 11:10:00+00:00,91369.3219803198
2024-11-16 11:11:00+00:00,91340.93834693877
2024-11-16 11:12:00+00:00,91347.2204688909
2024-11-16 11:13:00+00:00,91349.9580199005
2024-11-16 11:14:00+00:00,91352.56922110551
2024-11-16 11:15:00+00:00,91307.52639400137
2024-11-16 11:16:00+00:00,91308.77024857955
2024-11-16 11:17:00+00:00,91266.77174025973
2024-11-16 11:18:00+00:00,91269.91862785863
2024-11-16 11:19:00+00:00,91247.5455221239
2024-11-16 11:20:00+00:00,91224.47359879033
2024-11-16 11:21:00+00:00,91225.16186651585
2024-11-16 11:22:00+00:00,91178.989734375
2024-11-16 11:23:00+00:00,91137.99158605664
2024-11-16 11:24:00+00:00,91122.1467755102
2024-11-16 11:25:00+00:00,91181.5307725587
2024-11-16 11:26:00+00:00,91194.10933252427
2024-11-16 11:27:00+00:00,91189.62277149878
2024-11-16 11:28:00+00:00,91184.480744
2024-11-16 11:29:00+00:00,91202.02831916903
2024-11-16 11:30:00+00:00,91180.43335051546
2024-11-16 11:31:00+00:00,91159.37885739593
2024-11-16 11:32:00+00:00,91122.59959068455
2024-11-16 11:33:00+00:00,91088.89360674158
2024-11-16 11:34:00+00:00,91082.38099681867
2024-11-16 11:35:00+00:00,91164.6925100942
2024-11-16 11:36:00+00:00,91126.89649882352
2024-11-16 11:37:00+00:00,91112.82352187834
2024-11-16 11:38:00+00:00,91094.23374387255
2024-11-16 11:39:00+00:00,91078.74339950373
2024-11-16 11:40:00+00:00,91086.73039310345
2024-11-16 11:41:00+00:00,91063.72053932583
2024-11-16 11:42:00+00:00,91004.03353284672
2024-11-16 11:43:00+00:00,91018.70700389105
2024-11-16 11:44:00+00:00,91037.55082446808
2024-11-16 11:45:00+00:00,91054.06311578948
2024-11-16 11:46:00+00:00,91022.15908644401
2024-11-16 11:47:00+00:00,91020.61901393355
2024-11-16 11:48:00+00:00,91062.62983620689
2024-11-16 11:49:00+00:00,91060.77744665195
2024-11-16 11:50:00+00:00,91083.81723533379
2024-11-16 11:51:00+00:00,91174.58556133056
2024-11-16 11:52:00+00:00,91197.60989726026
2024-11-16 11:53:00+00:00,91146.73533333333
2024-11-16 11:54:00+00:00,91165.96424815118
2024-11-16 11:55:00+00:00,91154.04695821185
2024-11-16 11:56:00+00:00,91177.95736507936
2024-11-16 11:57:00+00:00,91133.17394984326
2024-11-16 11:58:00+00:00,91162.02429447853
2024-11-16 11:59:00+00:00,91170.24348553055
2024-11-16 12:00:00+00:00,91203.1477218935
2024-11-16 12:01:00+00:00,91237.57086098279
2024-11-16 12:02:00+00:00,91150.97271033654
2024-11-16 12:03:00+00:00,91143.38855871886
2024-11-16 12:04:00+00:00,91241.17524128687
2024-11-16 12:05:00+00:00,91283.3283241067
2024-11-16 12:06:00+00:00,91142.74174863387
2024-11-16 12:07:00+00:00,90985.29930570701
2024-11-16 12:08:00+00:00,90942.86084854994
2024-11-16 12:09:00+00:00,90822.68159552656
2024-11-16 12:10:00+00:00,90855.12795348837
2024-11-16 12:11:00+00:00,90943.48615426695
2024-11-16 12:12:00+00:00,90816.59543677206
2024-11-16 12:13:00+00:00,90781.79971728227
2024-11-16 12:14:00+00:00,90660.16943294897
2024-11-16 12:15:00+00:00,90581.64507365685
2024-11-16 12:16:00+00:00,90744.7258546735
2024-11-16 12:17:00+00:00,90795.78703372613
2024-11-16 12:18:00+00:00,90834.9440785645
2024-11-16 12:19:00+00:00,90815.6329539801
2024-11-16 12:20:00+00:00,90864.18394380853
2024-11-16 12:21:00+00:00,90867.03846877099
2024-11-16 12:22:00+00:00,90889.2603068592
2024-11-16 12:23:00+00:00,90884.28370067014
2024-11-16 12:24:00+00:00,90850.29602330663
2024-11-16 12:25:00+00:00,90816.11124172185
2024-11-16 12:26:00+00:00,90789.67719730941
2024-11-16 12:27:00+00:00,90769.65285347044
2024-11-16 12:28:00+00:00,90773.30288349514
2024-11-16 12:29:00+00:00,90801.95215213358
2024-11-16 12:30:00+00:00,90813.35276464542
2024-11-16 12:31:00+00:00,90851.91617163726
2024-11-16 12:32:00+00:00,90846.64120936282
2024-11-16 12:33:00+00:00,90846.99599062133
2024-11-16 12:34:00+00:00,90793.69056768558
2024-11-16 12:35:00+00:00,90912.61958904109
2024-11-16 12:36:00+00:00,90946.10511597084
2024-11-16 12:37:00+00:00,90974.18086313194
2024-11-16 12:38:00+00:00,90969.42140550807
2024-11-16 12:39:00+00:00,90939.87359183675
2024-11-16 12:40:00+00:00,90876.63461706784
2024-11-16 12:41:00+00:00,90856.44595759717
2024-11-16 12:42:00+00:00,90903.28863392856
2024-11-16 12:43:00+00:00,90960.12639730639
2024-11-16 12:44:00+00:00,90953.5311091703
2024-11-16 12:45:00+00:00,90958.50285478547
2024-11-16 12:46:00+00:00,90926.53249132949
2024-11-16 12:47:00+00:00,90920.8732954048
2024-11-16 12:48:00+00:00,90884.24763522013
2024-11-16 12:49:00+00:00,90891.9681097561
2024-11-16 12:50:00+00:00,90952.6338937409
2024-11-16 12:51:00+00:00,90950.66582065652
2024-11-16 12:52:00+00:00,90931.4504749679
2024-11-16 12:53:00+00:00,90886.47144417475
2024-11-16 12:54:00+00:00,90892.56690423163
2024-11-16 12:55:00+00:00,90880.82684901531
2024-11-16 12:56:00+00:00,90867.51474716203
2024-11-16 12:57:00+00:00,90917.05822564103
2024-11-16 12:58:00+00:00,90923.34842857144
2024-11-16 12:59:00+00:00,90868.30081190798
2024-11-16 13:00:00+00:00,90880.07396363636
2024-11-16 13:01:00+00:00,90880.46807205453
2024-11-16 13:02:00+00:00,90929.9738267148
2024-11-16 13:03:00+00:00,90992.81531948881
2024-11-16 13:04:00+00:00,90978.20104895104
2024-11-16 13:05:00+00:00,91042.68587809918
2024-11-16 13:06:00+00:00,91093.96878378378
2024-11-16 13:07:00+00:00,91084.99549346016
2024-11-16 13:08:00+00:00,91099.45554497353
2024-11-16 13:09:00+00:00,91106.87458213257
2024-11-16 13:10:00+00:00,91137.47536418166
2024-11-16 13:11:00+00:00,91131.30167076168
2024-11-16 13:12:00+00:00,91123.4001650619
2024-11-16 13:13:00+00:00,91149.73290274905
2024-11-16 13:14:00+00:00,91165.81357245338
2024-11-16 13:15:00+00:00,91177.29391919193
2024-11-16 13:16:00+00:00,91157.57006956522
2024-11-16 13:17:00+00:00,91121.82690084704
2024-11-16 13:18:00+00:00,91118.88314516128
2024-11-16 13:19:00+00:00,91125.14234424497
2024-11-16 13:20:00+00:00,91071.48846153847
2024-11-16 13:21:00+00:00,91051.09104815865
2024-11-16 13:22:00+00:00,91008.82445714285
2024-11-16 13:23:00+00:00,90987.5317829912
2024-11-16 13:24:00+00:00,91037.24603233831
2024-11-16 13:25:00+00:00,91005.15908571429
2024-11-16 13:26:00+00:00,91004.87039906104
2024-11-16 13:27:00+00:00,90975.87041079813
2024-11-16 13:28:00+00:00,90958.41741550696
2024-11-16 13:29:00+00:00,90960.815872156
2024-11-16 13:30:00+00:00,90931.4002005231
2024-11-16 13:31:00+00:00,90893.36343071786
2024-11-16 13:32:00+00:00,90875.83672742338
2024-11-16 13:33:00+00:00,90915.00103538664
2024-11-16 13:34:00+00:00,90877.0448733234
2024-11-16 13:35:00+00:00,90871.75295719845
2024-11-16 13:36:00+00:00,90896.85126785714
2024-11-16 13:37:00+00:00,90885.55845595854
2024-11-16 13:38:00+00:00,90846.94843113772
2024-11-16 13:39:00+00:00,90821.25253807107
2024-11-16 13:40:00+00:00,90881.34494168201
2024-11-16 13:41:00+00:00,90806.74909847435
2024-11-16 13:42:00+00:00,90814.39888528577
2024-11-16 13:43:00+00:00,90833.9010576923
2024-11-16 13:44:00+00:00,90875.15426502535
2024-11-16 13:45:00+00:00,90891.02528510637
2024-11-16 13:46:00+00:00,90860.68876461989
2024-11-16 13:47:00+00:00,90850.1975616083
2024-11-16 13:48:00+00:00,90795.72071052631
2024-11-16 13:49:00+00:00,90835.08555152395
2024-11-16 13:50:00+00:00,90849.70666666667
2024-11-16 13:51:00+00:00,90824.74881761978
2024-11-16 13:52:00+00:00,90844.37216560509
2024-11-16 13:53:00+00:00,90866.00293002915
2024-11-16 13:54:00+00:00,90891.37887569833
2024-11-16 13:55:00+00:00,90849.5136490939
2024-11-16 13:56:00+00:00,90759.08081111111
2024-11-16 13:57:00+00:00,90761.06243065694
2024-11-16 13:58:00+00:00,90710.61375207987
2024-11-16 13:59:00+00:00,90722.16762491445
2024-11-16 14:00:00+00:00,90773.91781948882
2024-11-16 14:01:00+00:00,90790.23856810243
2024-11-16 14:02:00+00:00,90775.37562741313
2024-11-16 14:03:00+00:00,90800.08726178536
2024-11-16 14:04:00+00:00,90766.8174717286
2024-11-16 14:05:00+00:00,90761.08454045562
2024-11-16 14:06:00+00:00,90808.21884647303
2024-11-16 14:07:00+00:00,90833.6057764441
2024-11-16 14:08:00+00:00,90827.45565527065
2024-11-16 14:09:00+00:00,90860.37047016276
2024-11-16 14:10:00+00:00,90805.93604078164
2024-11-16 14:11:00+00:00,90809.38120868744
2024-11-16 14:12:00+00:00,90853.0606969697
2024-11-16 14:13:00+00:00,90824.08145528455
2024-11-16 14:14:00+00:00,90814.91164591978
2024-11-16 14:15:00+00:00,90837.20349003984
2024-11-16 14:16:00+00:00,90861.06094240838
2024-11-16 14:17:00+00:00,90849.00943413729
2024-11-16 14:18:00+00:00,90758.9248562171
2024-11-16 14:19:00+00:00,90639.39560807223
2024-11-16 14:20:00+00:00,90678.49093214964
2024-11-16 14:21:00+00:00,90766.2470581571
2024-11-16 14:22:00+00:00,90792.20644219308
2024-11-16 14:23:00+00:00,90853.54689061154
2024-11-16 14:24:00+00:00,90923.86562765957
2024-11-16 14:25:00+00:00,90939.06434737924
2024-11-16 14:26:00+00:00,90903.84414376321
2024-11-16 14:27:00+00:00,90936.05937418515
2024-11-16 14:28:00+00:00,90958.56824051654
2024-11-16 14:29:00+00:00,91009.25785926661
2024-11-16 14:30:00+00:00,91056.26325294447
2024-11-16 14:31:00+00:00,90986.36291540785
2024-11-16 14:32:00+00:00,90946.67698966408
2024-11-16 14:33:00+00:00,90914.42854437871
2024-11-16 14:34:00+00:00,90920.95697015375
2024-11-16 14:35:00+00:00,90878.54020034344
2024-11-16 14:36:00+00:00,90860.86705442177
2024-11-16 14:37:00+00:00,90955.18722891566
2024-11-16 14:38:00+00:00,90990.42503046127
2024-11-16 14:39:00+00:00,90968.93605724839
2024-11-16 14:40:00+00:00,90945.34371749409
2024-11-16 14:41:00+00:00,90971.1433445946
2024-11-16 14:42:00+00:00,91019.06013935608
2024-11-16 14:43:00+00:00,91006.89012834225
2024-11-16 14:44:00+00:00,90965.19919504643
2024-11-16 14:45:00+00:00,90977.56617277487
2024-11-16 14:46:00+00:00,91011.48295287958
2024-11-16 14:47:00+00:00,91023.74007272728
2024-11-16 14:48:00+00:00,91007.85033377838
2024-11-16 14:49:00+00:00,90982.76821178822
2024-11-16 14:50:00+00:00,90980.54161547912
2024-11-16 14:51:00+00:00,90958.37446107784
2024-11-16 14:52:00+00:00,90937.59001716247
2024-11-16 14:53:00+00:00,90968.76044289045
2024-11-16 14:54:00+00:00,90943.48187301587
2024-11-16 14:55:00+00:00,90960.32402906209
2024-11-16 14:56:00+00:00,90986.53018627451
2024-11-16 14:57:00+00:00,91034.01250984252
2024-11-16 14:58:00+00:00,91021.55439911797
2024-11-16 14:59:00+00:00,90966.54513615023
2024-11-16 15:00:00+00:00,90989.7018550532
2024-11-16 15:01:00+00:00,90992.27121159421
2024-11-16 15:02:00+00:00,90931.22076644539
2024-11-16 15:03:00+00:00,90897.3103760218
2024-11-16 15:04:00+00:00,90855.50442724458
2024-11-16 15:05:00+00:00,90861.70794743429
2024-11-16 15:06:00+00:00,90861.21132712456
2024-11-16 15:07:00+00:00,90759.4488396756
2024-11-16 15:08:00+00:00,90764.96329651657
2024-11-16 15:09:00+00:00,90687.11792134831
2024-11-16 15:10:00+00:00,90656.57937136205
2024-11-16 15:11:00+00:00,90570.34191442156
2024-11-16 15:12:00+00:00,90642.41734920634
2024-11-16 15:13:00+00:00,90572.58224727547
2024-11-16 15:14:00+00:00,90594.67301587302
2024-11-16 15:15:00+00:00,90575.7000466954
2024-11-16 15:16:00+00:00,90667.80413132136
2024-11-16 15:17:00+00:00,90645.27080302485
2024-11-16 15:18:00+00:00,90626.38710691824
2024-11-16 15:19:00+00:00,90643.48362806343
2024-11-16 15:20:00+00:00,90574.35961656441
2024-11-16 15:21:00+00:00,90567.24446825088
2024-11-16 15:22:00+00:00,90590.81070927513
2024-11-16 15:23:00+00:00,90621.83264871634
2024-11-16 15:24:00+00:00,90631.02574759944
2024-11-16 15:25:00+00:00,90579.06814634145
2024-11-16 15:26:00+00:00,90613.38432473443
2024-11-16 15:27:00+00:00,90598.0176239067
2024-11-16 15:28:00+00:00,90555.79002197801
2024-11-16 15:29:00+00:00,90437.61254832147
2024-11-16 15:30:00+00:00,90414.00104153751
2024-11-16 15:31:00+00:00,90461.9352247519
2024-11-16 15:32:00+00:00,90480.00006880735
2024-11-16 15:33:00+00:00,90484.96847204161
2024-11-16 15:34:00+00:00,90467.05883612041
2024-11-16 15:35:00+00:00,90489.34072940287
2024-11-16 15:36:00+00:00,90487.49410680529
2024-11-16 15:37:00+00:00,90514.39668196157
2024-11-16 15:38:00+00:00,90451.79469723183
2024-11-16 15:39:00+00:00,90366.22184136858
2024-11-16 15:40:00+00:00,90294.32027839031
2024-11-16 15:41:00+00:00,90280.64575918762
2024-11-16 15:42:00+00:00,90370.08492313461
2024-11-16 15:43:00+00:00,90321.57549197487
2024-11-16 15:44:00+00:00,90363.14712035286
2024-11-16 15:45:00+00:00,90307.8565564516
2024-11-16 15:46:00+00:00,90291.65975636167
2024-11-16 15:47:00+00:00,90265.33647465438
2024-11-16 15:48:00+00:00,90145.48009910803
2024-11-16 15:49:00+00:00,90131.39770895771
2024-11-16 15:50:00+00:00,90112.0912127193
2024-11-16 15:51:00+00:00,90238.83991510277
2024-11-16 15:52:00+00:00,90229.9299590011
2024-11-16 15:53:00+00:00,90316.33973202614
2024-11-16 15:54:00+00:00,90352.85968802699
2024-11-16 15:55:00+00:00,90348.05918836141
2024-11-16 15:56:00+00:00,90374.85063478978
2024-11-16 15:57:00+00:00,90406.00825511431
2024-11-16 15:58:00+00:00,90462.55051202483
2024-11-16 15:59:00+00:00,90517.44994211289
2024-11-16 16:00:00+00:00,90533.03032650225
2024-11-16 16:01:00+00:00,90492.61915135136
2024-11-16 16:02:00+00:00,90460.8858125
2024-11-16 16:03:00+00:00,90398.47147781299
2024-11-16 16:04:00+00:00,90387.5754699121
2024-11-16 16:05:00+00:00,90360.61098916628
2024-11-16 16:06:00+00:00,90360.78230242689
2024-11-16 16:07:00+00:00,90308.6838071298
2024-11-16 16:08:00+00:00,90276.46926210608
2024-11-16 16:09:00+00:00,90281.49444518273
2024-11-16 16:10:00+00:00,90274.96787827076
2024-11-16 16:11:00+00:00,90243.70980373831
2024-11-16 16:12:00+00:00,90358.18125
2024-11-16 16:13:00+00:00,90363.80251968504
2024-11-16 16:14:00+00:00,90398.4990819082
2024-11-16 16:15:00+00:00,90553.84229670766
2024-11-16 16:16:00+00:00,90602.92011921793
2024-11-16 16:17:00+00:00,90514.66086294418
2024-11-16 16:18:00+00:00,90528.37831707316
2024-11-16 16:19:00+00:00,90577.64528301886
2024-11-16 16:20:00+00:00,90636.27751117735
2024-11-16 16:21:00+00:00,90565.29738207547
2024-11-16 16:22:00+00:00,90528.06181587838
2024-11-16 16:23:00+00:00,90587.02507494646
2024-11-16 16:24:00+00:00,90616.50565873015
2024-11-16 16:25:00+00:00,90603.13992565055
2024-11-16 16:26:00+00:00,90601.7475498753
2024-11-16 16:27:00+00:00,90612.59679163033
2024-11-16 16:28:00+00:00,90647.003198146
2024-11-16 16:29:00+00:00,90702.71198455598
2024-11-16 16:30:00+00:00,90668.4105238415
2024-11-16 16:31:00+00:00,90723.18026159334
2024-11-16 16:32:00+00:00,90730.54575596817
2024-11-16 16:33:00+00:00,90768.652547705
2024-11-16 16:34:00+00:00,90822.74462889066
2024-11-16 16:35:00+00:00,90762.70215589888
2024-11-16 16:36:00+00:00,90749.08516003123
2024-11-16 16:37:00+00:00,90736.67433070867
2024-11-16 16:38:00+00:00,90719.69716677831
2024-11-16 16:39:00+00:00,90723.97424707602
2024-11-16 16:40:00+00:00,90636.03392732354
2024-11-16 16:41:00+00:00,90587.19099806201
2024-11-16 16:42:00+00:00,90584.51021099744
2024-11-16 16:43:00+00:00,90596.45765131578
2024-11-16 16:44:00+00:00,90544.60588235295
2024-11-16 16:45:00+00:00,90520.16605504588
2024-11-16 16:46:00+00:00,90513.85165183537
2024-11-16 16:47:00+00:00,90499.4239165329
2024-11-16 16:48:00+00:00,90541.26857142858
2024-11-16 16:49:00+00:00,90576.11809090909
2024-11-16 16:50:00+00:00,90552.62846383295
2024-11-16 16:51:00+00:00,90530.14153483993
2024-11-16 16:52:00+00:00,90586.22044759826
2024-11-16 16:53:00+00:00,90689.27344692005
2024-11-16 16:54:00+00:00,90681.99423031727
2024-11-16 16:55:00+00:00,90640.93984293194
2024-11-16 16:56:00+00:00,90633.78735077678
2024-11-16 16:57:00+00:00,90618.79127659574
2024-11-16 16:58:00+00:00,90658.14449683727
2024-11-16 16:59:00+00:00,90630.48426883308
2024-11-16 17:00:00+00:00,90593.42876822157
2024-11-16 17:01:00+00:00,90548.2276508708
2024-11-16 17:02:00+00:00,90544.71189
2024-11-16 17:03:00+00:00,90529.8654494382
2024-11-16 17:04:00+00:00,90617.7983566058
2024-11-16 17:05:00+00:00,90659.08630383712
2024-11-16 17:06:00+00:00,90750.82205611776
2024-11-16 17:07:00+00:00,90761.33333790267
2024-11-16 17:08:00+00:00,90769.76467724868
2024-11-16 17:09:00+00:00,90768.618470948
2024-11-16 17:10:00+00:00,90727.5373727422
2024-11-16 17:11:00+00:00,90711.9156244042
2024-11-16 17:12:00+00:00,90734.59602707006
2024-11-16 17:13:00+00:00,90770.29604569421
2024-11-16 17:14:00+00:00,90793.14262172286
2024-11-16 17:15:00+00:00,90777.82848367459
2024-11-16 17:16:00+00:00,90793.90830097087
2024-11-16 17:17:00+00:00,90827.87779267204
2024-11-16 17:18:00+00:00,90881.39248815167
2024-11-16 17:19:00+00:00,90843.59488943488
2024-11-16 17:20:00+00:00,90827.19466476463
2024-11-16 17:21:00+00:00,90823.49422630561
2024-11-16 17:22:00+00:00,90860.56894409937
2024-11-16 17:23:00+00:00,90841.12739348371
2024-11-16 17:24:00+00:00,90835.6061904762
2024-11-16 17:25:00+00:00,90819.39168269231
2024-11-16 17:26:00+00:00,90858.03735632185
2024-11-16 17:27:00+00:00,90838.50596085409
2024-11-16 17:28:00+00:00,90860.92258474576
2024-11-16 17:29:00+00:00,90844.3114884696
2024-11-16 17:30:00+00:00,90834.579113608
2024-11-16 17:31:00+00:00,90863.59008158509
2024-11-16 17:32:00+00:00,90853.43341961854
2024-11-16 17:33:00+00:00,90824.2733130699
2024-11-16 17:34:00+00:00,90791.45422125181
2024-11-16 17:35:00+00:00,90803.22383690986
2024-11-16 17:36:00+00:00,90786.3672255489
2024-11-16 17:37:00+00:00,90754.30019379844
2024-11-16 17:38:00+00:00,90776.73107833165
2024-11-16 17:39:00+00:00,90805.10655834564
2024-11-16 17:40:00+00:00,90831.69751617077
2024-11-16 17:41:00+00:00,90865.87806299212
2024-11-16 17:42:00+00:00,90885.91490530303
2024-11-16 17:43:00+00:00,90877.6818852459
2024-11-16 17:44:00+00:00,90890.64809859156
2024-11-16 17:45:00+00:00,90896.82861809045
2024-11-16 17:46:00+00:00,90894.83464106845
2024-11-16 17:47:00+00:00,90900.55986895162
2024-11-16 17:48:00+00:00,90900.60372372372
2024-11-16 17:49:00+00:00,90878.08607485604
2024-11-16 17:50:00+00:00,90868.84781946073
2024-11-16 17:51:00+00:00,90901.31221962617
2024-11-16 17:52:00+00:00,90915.55801223242
2024-11-16 17:53:00+00:00,90966.65947077409
2024-11-16 17:54:00+00:00,90970.06260238908
2024-11-16 17:55:00+00:00,90973.34636571427
2024-11-16 17:56:00+00:00,90939.15891139241
2024-11-16 17:57:00+00:00,90907.04390410958
2024-11-16 17:58:00+00:00,90889.7810106383
2024-11-16 17:59:00+00:00,90902.48215517242
2024-11-16 18:00:00+00:00,90892.35109863673
2024-11-16 18:01:00+00:00,90883.51531818182
2024-11-16 18:02:00+00:00,90947.08301972687
2024-11-16 18:03:00+00:00,90980.51940978077
2024-11-16 18:04:00+00:00,90983.22173166927
2024-11-16 18:05:00+00:00,91058.39370583039
2024-11-16 18:06:00+00:00,91096.1116968912
2024-11-16 18:07:00+00:00,91100.58728601254
2024-11-16 18:08:00+00:00,91110.49518783542
2024-11-16 18:09:00+00:00,91092.59434354486
2024-11-16 18:10:00+00:00,91132.65567420814
2024-11-16 18:11:00+00:00,91125.79596666666
2024-11-16 18:12:00+00:00,91129.61102489018
2024-11-16 18:13:00+00:00,91158.79504504504
2024-11-16 18:14:00+00:00,91121.05375328084
2024-11-16 18:15:00+00:00,91121.24327533266
2024-11-16 18:16:00+00:00,91172.59154639175
2024-11-16 18:17:00+00:00,91192.48637741047
2024-11-16 18:18:00+00:00,91229.24890909091
2024-11-16 18:19:00+00:00,91160.4015266272
2024-11-16 18:20:00+00:00,91174.73167151163
2024-11-16 18:21:00+00:00,91165.92637480798
2024-11-16 18:22:00+00:00,91148.65242222224
2024-11-16 18:23:00+00:00,91136.72145922747
2024-11-16 18:24:00+00:00,91141.7562934363
2024-11-16 18:25:00+00:00,91143.43558168317
2024-11-16 18:26:00+00:00,91116.04810426541
2024-11-16 18:27:00+00:00,91122.40118556701
2024-11-16 18:28:00+00:00,91142.7839768977
2024-11-16 18:29:00+00:00,91199.7157142857
2024-11-16 18:30:00+00:00,91249.89532608696
2024-11-16 18:31:00+00:00,91295.84755390836
2024-11-16 18:32:00+00:00,91255.03008952552
2024-11-16 18:33:00+00:00,91251.97201492537
2024-11-16 18:34:00+00:00,91240.41617021277
2024-11-16 18:35:00+00:00,91279.87208657048
2024-11-16 18:36:00+00:00,91361.78121561668
2024-11-16 18:37:00+00:00,91372.30591959799
2024-11-16 18:38:00+00:00,91351.42087073608
2024-11-16 18:39:00+00:00,91362.41303423849
2024-11-16 18:40:00+00:00,91381.7512881356
2024-11-16 18:41:00+00:00,91355.01757049892
2024-11-16 18:42:00+00:00,91332.26686851212
2024-11-16 18:43:00+00:00,91324.32664335665
2024-11-16 18:44:00+00:00,91296.6973968254
2024-11-16 18:45:00+00:00,91305.31250273224
2024-11-16 18:46:00+00:00,91309.25945301543
2024-11-16 18:47:00+00:00,91257.65654832346
2024-11-16 18:48:00+00:00,91230.35439425052
2024-11-16 18:49:00+00:00,91258.3687136294
2024-11-16 18:50:00+00:00,91311.9627491409
2024-11-16 18:51:00+00:00,91310.03284605434
2024-11-16 18:52:00+00:00,91325.25961340206
2024-11-16 18:53:00+00:00,91331.98613375131
2024-11-16 18:54:00+00:00,91347.6699590723
2024-11-16 18:55:00+00:00,91347.4895148248
2024-11-16 18:56:00+00:00,91352.08722027972
2024-11-16 18:57:00+00:00,91345.57021077283
2024-11-16 18:58:00+00:00,91309.42696935301
2024-11-16 18:59:00+00:00,91316.5975041051
2024-11-16 19:00:00+00:00,91296.70511134676
2024-11-16 19:01:00+00:00,91227.2191254417
2024-11-16 19:02:00+00:00,91170.654503367
2024-11-16 19:03:00+00:00,91163.99690078037
2024-11-16 19:04:00+00:00,91154.48349112427
2024-11-16 19:05:00+00:00,91197.7273940678
2024-11-16 19:06:00+00:00,91232.22032546786
2024-11-16 19:07:00+00:00,91295.77449956484
2024-11-16 19:08:00+00:00,91293.48018181819
2024-11-16 19:09:00+00:00,91223.36252186589
2024-11-16 19:10:00+00:00,91252.19743083004
2024-11-16 19:11:00+00:00,91231.6125038168
2024-11-16 19:12:00+00:00,91218.11083582089
2024-11-16 19:13:00+00:00,91198.3834939759
2024-11-16 19:14:00+00:00,91205.36037671233
2024-11-16 19:15:00+00:00,91178.36469733655
2024-11-16 19:16:00+00:00,91131.70159914711
2024-11-16 19:17:00+00:00,91153.41611607143
2024-11-16 19:18:00+00:00,91093.53128514056
2024-11-16 19:19:00+00:00,91067.40905034325
2024-11-16 19:20:00+00:00,91073.76819736842
2024-11-16 19:21:00+00:00,91064.21178270041
2024-11-16 19:22:00+00:00,91025.67729147982
2024-11-16 19:23:00+00:00,91005.88563176895
2024-11-16 19:24:00+00:00,91014.7642882883
2024-11-16 19:25:00+00:00,91025.41253044654
2024-11-16 19:26:00+00:00,90972.82210069445
2024-11-16 19:27:00+00:00,90993.80570219966
2024-11-16 19:28:00+00:00,90997.61942372881
2024-11-16 19:29:00+00:00,90986.87501388889
2024-11-16 19:30:00+00:00,91020.96378548896
2024-11-16 19:31:00+00:00,90981.602798111
2024-11-16 19:32:00+00:00,91002.67605723371
2024-11-16 19:33:00+00:00,91007.7515860735
2024-11-16 19:34:00+00:00,91038.13662935322
2024-11-16 19:35:00+00:00,91084.1330802139
2024-11-16 19:36:00+00:00,91101.55013580246
2024-11-16 19:37:00+00:00,91069.93030541872
2024-11-16 19:38:00+00:00,90999.71089062499
2024-11-16 19:39:00+00:00,90968.69318248174
2024-11-16 19:40:00+00:00,91016.72924460431
2024-11-16 19:41:00+00:00,91014.83972386588
2024-11-16 19:42:00+00:00,91047.4278470255
2024-11-16 19:43:00+00:00,91048.07406562055
2024-11-16 19:44:00+00:00,91077.60521472394
2024-11-16 19:45:00+00:00,91065.80766961652
2024-11-16 19:46:00+00:00,91041.9591295938
2024-11-16 19:47:00+00:00,91029.45714759536
2024-11-16 19:48:00+00:00,91035.91952978056
2024-11-16 19:49:00+00:00,91041.56759856631
2024-11-16 19:50:00+00:00,91024.74555950267
2024-11-16 19:51:00+00:00,91018.9864169381
2024-11-16 19:52:00+00:00,91049.53864915573
2024-11-16 19:53:00+00:00,91090.16731861199
2024-11-16 19:54:00+00:00,91130.63312176165
2024-11-16 19:55:00+00:00,91062.34152278177
2024-11-16 19:56:00+00:00,91034.94842519684
2024-11-16 19:57:00+00:00,91077.81631034483
2024-11-16 19:58:00+00:00,91084.97100775194
2024-11-16 19:59:00+00:00,91087.55348148149
2024-11-16 20:00:00+00:00,91113.49513174404
2024-11-16 20:01:00+00:00,91103.27347252748
2024-11-16 20:02:00+00:00,91056.77192918192
2024-11-16 20:03:00+00:00,91091.6943141593
2024-11-16 20:04:00+00:00,91111.45525619834
2024-11-16 20:05:00+00:00,91138.63645955452
2024-11-16 20:06:00+00:00,91077.95427701675
2024-11-16 20:07:00+00:00,91056.1838313253
2024-11-16 20:08:00+00:00,91058.86542579075
2024-11-16 20:09:00+00:00,91093.2533836858
2024-11-16 20:10:00+00:00,91010.82731707317
2024-11-16 20:11:00+00:00,91004.9403814262
2024-11-16 20:12:00+00:00,90994.43200507615
2024-11-16 20:13:00+00:00,90984.22030360531
2024-11-16 20:14:00+00:00,91006.32537800686
2024-11-16 20:15:00+00:00,91011.30568306011
2024-11-16 20:16:00+00:00,91019.03302447553
2024-11-16 20:17:00+00:00,91030.67524305555
2024-11-16 20:18:00+00:00,91001.217933635
2024-11-16 20:19:00+00:00,90921.73211524947
2024-11-16 20:20:00+00:00,90922.90147294589
2024-11-16 20:21:00+00:00,90947.84267759563
2024-11-16 20:22:00+00:00,90914.23028268552
2024-11-16 20:23:00+00:00,90864.72628908964
2024-11-16 20:24:00+00:00,90735.8479372769
2024-11-16 20:25:00+00:00,90754.72435022026
2024-11-16 20:26:00+00:00,90810.14502419355
2024-11-16 20:27:00+00:00,90739.86503117207
2024-11-16 20:28:00+00:00,90752.00091828138
2024-11-16 20:29:00+00:00,90777.47593650794
2024-11-16 20:30:00+00:00,90823.05169172933
2024-11-16 20:31:00+00:00,90849.40372466217
2024-11-16 20:32:00+00:00,90830.32638410597
2024-11-16 20:33:00+00:00,90806.46705472637
2024-11-16 20:34:00+00:00,90850.130880829
2024-11-16 20:35:00+00:00,90888.71834591194
2024-11-16 20:36:00+00:00,90855.99903875969
2024-11-16 20:37:00+00:00,90822.48634020619
2024-11-16 20:38:00+00:00,90818.68477299185
2024-11-16 20:39:00+00:00,90819.28103915663
2024-11-16 20:40:00+00:00,90851.48781758959
2024-11-16 20:41:00+00:00,90864.36222698072
2024-11-16 20:42:00+00:00,90890.57232018562
2024-11-16 20:43:00+00:00,90913.62650473932
2024-11-16 20:44:00+00:00,90917.10020242915
2024-11-16 20:45:00+00:00,90936.00045882353
2024-11-16 20:46:00+00:00,90910.00243119265
2024-11-16 20:47:00+00:00,90890.42512443439
2024-11-16 20:48:00+00:00,90887.7849380805
2024-11-16 20:49:00+00:00,90892.87317730497
2024-11-16 20:50:00+00:00,90920.91058984911
2024-11-16 20:51:00+00:00,90921.17499314129
2024-11-16 20:52:00+00:00,90867.46665064103
2024-11-16 20:53:00+00:00,90850.1471657754
2024-11-16 20:54:00+00:00,90847.07563169165
2024-11-16 20:55:00+00:00,90848.76477011494
2024-11-16 20:56:00+00:00,90820.42045540796
2024-11-16 20:57:00+00:00,90754.53017985611
2024-11-16 20:58:00+00:00,90713.55064052287
2024-11-16 20:59:00+00:00,90742.93467422096
2024-11-16 21:00:00+00:00,90799.42844653665
2024-11-16 21:01:00+00:00,90746.20112944162
2024-11-16 21:02:00+00:00,90820.23853122251
2024-11-16 21:03:00+00:00,90820.21223415682
2024-11-16 21:04:00+00:00,90866.85455
2024-11-16 21:05:00+00:00,90878.46354005169
2024-11-16 21:06:00+00:00,90874.9724053724
2024-11-16 21:07:00+00:00,90846.15534635879
2024-11-16 21:08:00+00:00,90873.62412772585
2024-11-16 21:09:00+00:00,90904.37971246007
2024-11-16 21:10:00+00:00,90901.5737804878
2024-11-16 21:11:00+00:00,90910.50539765319
2024-11-16 21:12:00+00:00,90897.88424821003
2024-11-16 21:13:00+00:00,90870.41693525181
2024-11-16 21:14:00+00:00,90896.36611793611
2024-11-16 21:15:00+00:00,90935.25609271524
2024-11-16 21:16:00+00:00,90927.83569316081
2024-11-16 21:17:00+00:00,90900.36940568476
2024-11-16 21:18:00+00:00,90906.84299818841
2024-11-16 21:19:00+00:00,90855.72484346225
2024-11-16 21:20:00+00:00,90878.6988
2024-11-16 21:21:00+00:00,90919.84608635098
2024-11-16 21:22:00+00:00,90917.50553719008
2024-11-16 21:23:00+00:00,90926.90989660266
2024-11-16 21:24:00+00:00,90983.97624883938
2024-11-16 21:25:00+00:00,90989.6142060606
2024-11-16 21:26:00+00:00,90999.93158069885
2024-11-16 21:27:00+00:00,90994.99538834952
2024-11-16 21:28:00+00:00,91019.41040192927
2024-11-16 21:29:00+00:00,91028.42005025125
2024-11-16 21:30:00+00:00,91051.7330994152
2024-11-16 21:31:00+00:00,91022.5648506151
2024-11-16 21:32:00+00:00,90996.976
2024-11-16 21:33:00+00:00,90976.92394984326
2024-11-16 21:34:00+00:00,90989.40136577708
2024-11-16 21:35:00+00:00,91009.97609504132
2024-11-16 21:36:00+00:00,90997.78481798715
2024-11-16 21:37:00+00:00,90994.43812199037
2024-11-16 21:38:00+00:00,91019.99259887007
2024-11-16 21:39:00+00:00,91003.54603982302
2024-11-16 21:40:00+00:00,90982.77788098693
2024-11-16 21:41:00+00:00,91000.19363449691
2024-11-16 21:42:00+00:00,90975.36663747812
2024-11-16 21:43:00+00:00,90989.47695378152
2024-11-16 21:44:00+00:00,90993.49536363636
2024-11-16 21:45:00+00:00,90982.22865151515
2024-11-16 21:46:00+00:00,90926.27658578855
2024-11-16 21:47:00+00:00,90902.11994983278
2024-11-16 21:48:00+00:00,90964.323798627
2024-11-16 21:49:00+00:00,90959.80239202657
2024-11-16 21:50:00+00:00,90952.77352402746
2024-11-16 21:51:00+00:00,90950.49283333334
2024-11-16 21:52:00+00:00,90954.34631984586
2024-11-16 21:53:00+00:00,90955.94282051282
2024-11-16 21:54:00+00:00,90970.09797169811
2024-11-16 21:55:00+00:00,90996.01784452297
2024-11-16 21:56:00+00:00,90999.62669975187
2024-11-16 21:57:00+00:00,90998.09763934427
2024-11-16 21:58:00+00:00,91001.54660891088
2024-11-16 21:59:00+00:00,91000.33259109313
2024-11-16 22:00:00+00:00,90998.15280172414
2024-11-16 22:01:00+00:00,90984.87962457338
2024-11-16 22:02:00+00:00,90981.53451612903
2024-11-16 22:03:00+00:00,90981.38408360128
2024-11-16 22:04:00+00:00,90990.76490566038
2024-11-16 22:05:00+00:00,90994.26271794872
2024-11-16 22:06:00+00:00,90989.93970873786
2024-11-16 22:07:00+00:00,90969.18340292276
2024-11-16 22:08:00+00:00,90958.56510548524
2024-11-16 22:09:00+00:00,90913.5964806867
2024-11-16 22:10:00+00:00,90897.27049632353
2024-11-16 22:11:00+00:00,90890.73587878788
2024-11-16 22:12:00+00:00,90883.2143111111
2024-11-16 22:13:00+00:00,90897.09432569974
2024-11-16 22:14:00+00:00,90877.37708196722
2024-11-16 22:15:00+00:00,90899.36130666667
2024-11-16 22:16:00+00:00,90895.75943488942
2024-11-16 22:17:00+00:00,90914.41401098901
2024-11-16 22:18:00+00:00,90931.58847457627
2024-11-16 22:19:00+00:00,90931.80440740741
2024-11-16 22:20:00+00:00,90931.80425233644
2024-11-16 22:21:00+00:00,90931.66709163347
2024-11-16 22:22:00+00:00,90922.2537524558
2024-11-16 22:23:00+00:00,90874.7862867647
2024-11-16 22:24:00+00:00,90871.56368
2024-11-16 22:25:00+00:00,90871.83847058825
2024-11-16 22:26:00+00:00,90871.99372641511
2024-11-16 22:27:00+00:00,90873.23848275862
2024-11-16 22:28:00+00:00,90878.59685483872
2024-11-16 22:29:00+00:00,90878.59444444445
2024-11-16 22:30:00+00:00,90870.78118525897
2024-11-16 22:31:00+00:00,90855.755859375
2024-11-16 22:32:00+00:00,90855.37100543479
2024-11-16 22:33:00+00:00,90851.5221718377
2024-11-16 22:34:00+00:00,90851.52256198348
2024-11-16 22:35:00+00:00,90830.03897550111
2024-11-16 22:36:00+00:00,90774.47078571428
2024-11-16 22:37:00+00:00,90800.7635576923
2024-11-16 22:38:00+00:00,90786.72713157895
2024-11-16 22:39:00+00:00,90765.50196943973
2024-11-16 22:40:00+00:00,90752.76090163934
2024-11-16 22:41:00+00:00,90740.60678321679
2024-11-16 22:42:00+00:00,90735.06850318472
2024-11-16 22:43:00+00:00,90716.915625
2024-11-16 22:44:00+00:00,90741.69510504202
2024-11-16 22:45:00+00:00,90749.04779411765
2024-11-16 22:46:00+00:00,90749.44358928571
2024-11-16 22:47:00+00:00,90730.95344594594
2024-11-16 22:48:00+00:00,90594.82553167421
2024-11-16 22:49:00+00:00,90590.5285026178
2024-11-16 22:50:00+00:00,90557.38500633714
2024-11-16 22:51:00+00:00,90601.818583878
2024-11-16 22:52:00+00:00,90603.14518050541
2024-11-16 22:53:00+00:00,90554.16993079585
2024-11-16 22:54:00+00:00,90570.45369627507
2024-11-16 22:55:00+00:00,90545.16676075268
2024-11-16 22:56:00+00:00,90417.15207198444
2024-11-16 22:57:00+00:00,90440.49174311926
2024-11-16 22:58:00+00:00,90495.24176470589
2024-11-16 22:59:00+00:00,90391.16768196569
2024-11-16 23:00:00+00:00,90423.6992131295
2024-11-16 23:01:00+00:00,90471.2460235558
2024-11-16 23:02:00+00:00,90474.55460921144
2024-11-16 23:03:00+00:00,90427.4564678687
2024-11-16 23:04:00+00:00,90461.01225210085
2024-11-16 23:05:00+00:00,90549.74349171271
2024-11-16 23:06:00+00:00,90543.13762085824
2024-11-16 23:07:00+00:00,90594.22536010198
2024-11-16 23:08:00+00:00,90618.13172789116
2024-11-16 23:09:00+00:00,90620.03587890624
2024-11-16 23:10:00+00:00,90624.46135964913
2024-11-16 23:11:00+00:00,90601.68078571428
2024-11-16 23:12:00+00:00,90626.4853872054
2024-11-16 23:13:00+00:00,90608.41265546219
2024-11-16 23:14:00+00:00,90587.75606651377
2024-11-16 23:15:00+00:00,90536.32726190476
2024-11-16 23:16:00+00:00,90538.77875700934
2024-11-16 23:17:00+00:00,90504.18877794337
2024-11-16 23:18:00+00:00,90518.18637433156
2024-11-16 23:19:00+00:00,90469.69220848057
2024-11-16 23:20:00+00:00,90429.94577889447
2024-11-16 23:21:00+00:00,90411.65084635415
2024-11-16 23:22:00+00:00,90486.59006880735
2024-11-16 23:23:00+00:00,90472.78641285955
2024-11-16 23:24:00+00:00,90491.70232484076
2024-11-16 23:25:00+00:00,90491.51913755458
2024-11-16 23:26:00+00:00,90508.86368600684
2024-11-16 23:27:00+00:00,90472.57449275361
2024-11-16 23:28:00+00:00,90496.85209695603
2024-11-16 23:29:00+00:00,90552.84426470588
2024-11-16 23:30:00+00:00,90566.0654353562
2024-11-16 23:31:00+00:00,90607.14129158514
2024-11-16 23:32:00+00:00,90591.87934027778
2024-11-16 23:33:00+00:00,90600.27881595882
2024-11-16 23:34:00+00:00,90604.24935222672
2024-11-16 23:35:00+00:00,90635.70822463768
2024-11-16 23:36:00+00:00,90615.42276964049
2024-11-16 23:37:00+00:00,90606.2290909091
2024-11-16 23:38:00+00:00,90617.4299207607
2024-11-16 23:39:00+00:00,90596.85986627043
2024-11-16 23:40:00+00:00,90582.54131546894
2024-11-16 23:41:00+00:00,90502.58975328947
2024-11-16 23:42:00+00:00,90479.08807417974
2024-11-16 23:43:00+00:00,90431.5406620209
2024-11-16 23:44:00+00:00,90423.37836431227
2024-11-16 23:45:00+00:00,90444.11120408164
2024-11-16 23:46:00+00:00,90463.63604700855
2024-11-16 23:47:00+00:00,90409.59105726871
2024-11-16 23:48:00+00:00,90408.4127402863
2024-11-16 23:49:00+00:00,90392.86966777408
2024-11-16 23:50:00+00:00,90516.89691800879
2024-11-16 23:51:00+00:00,90493.33335731414
2024-11-16 23:52:00+00:00,90513.03936096719
2024-11-16 23:53:00+00:00,90542.23204658902
2024-11-16 23:54:00+00:00,90547.92748188405
2024-11-16 23:55:00+00:00,90570.5568172888
2024-11-16 23:56:00+00:00,90555.96568674699
2024-11-16 23:57:00+00:00,90530.85851626017
2024-11-16 23:58:00+00:00,90524.56459051724
2024-11-16 23:59:00+00:00,90543.80961178045
2024-11-17 00:00:00+00:00,90602.75214175654
2024-11-17 00:01:00+00:00,90638.32704974271
2024-11-17 00:02:00+00:00,90666.6803765324
2024-11-17 00:03:00+00:00,90662.85735571879
2024-11-17 00:04:00+00:00,90658.15246153847
2024-11-17 00:05:00+00:00,90627.57613919895
2024-11-17 00:06:00+00:00,90639.39400195694
2024-11-17 00:07:00+00:00,90637.45793360434
2024-11-17 00:08:00+00:00,90650.81803403757
2024-11-17 00:09:00+00:00,90612.28600234466
2024-11-17 00:10:00+00:00,90659.25128091873
2024-11-17 00:11:00+00:00,90677.02087012156
2024-11-17 00:12:00+00:00,90677.51387931034
2024-11-17 00:13:00+00:00,90676.35198250729
2024-11-17 00:14:00+00:00,90685.08696677384
2024-11-17 00:15:00+00:00,90726.02553057554
2024-11-17 00:16:00+00:00,90743.0825817757
2024-11-17 00:17:00+00:00,90766.88489633173
2024-11-17 00:18:00+00:00,90781.92926918394
2024-11-17 00:19:00+00:00,90793.49348314607
2024-11-17 00:20:00+00:00,90794.10018583044
2024-11-17 00:21:00+00:00,90821.15488219896
2024-11-17 00:22:00+00:00,90808.48288306451
2024-11-17 00:23:00+00:00,90809.45529943502
2024-11-17 00:24:00+00:00,90786.77836134454
2024-11-17 00:25:00+00:00,90791.00488973384
2024-11-17 00:26:00+00:00,90833.73655361049
2024-11-17 00:27:00+00:00,90812.07559505409
2024-11-17 00:28:00+00:00,90792.72333113891
2024-11-17 00:29:00+00:00,90816.56392699116
2024-11-17 00:30:00+00:00,90822.09816535909
2024-11-17 00:31:00+00:00,90795.64210376283
2024-11-17 00:32:00+00:00,90781.22177815411
2024-11-17 00:33:00+00:00,90745.37277348516
2024-11-17 00:34:00+00:00,90791.39118292682
2024-11-17 00:35:00+00:00,90841.46852472758
2024-11-17 00:36:00+00:00,90874.09735722284
2024-11-17 00:37:00+00:00,90858.86194790486
2024-11-17 00:38:00+00:00,90826.84076923077
2024-11-17 00:39:00+00:00,90828.71674634793
2024-11-17 00:40:00+00:00,90814.21134708739
2024-11-17 00:41:00+00:00,90792.93108445297
2024-11-17 00:42:00+00:00,90795.62930678466
2024-11-17 00:43:00+00:00,90777.40707563025
2024-11-17 00:44:00+00:00,90740.29155617977
2024-11-17 00:45:00+00:00,90696.30257548846
2024-11-17 00:46:00+00:00,90715.69947510093
2024-11-17 00:47:00+00:00,90722.83089609152
2024-11-17 00:48:00+00:00,90763.05914072228
2024-11-17 00:49:00+00:00,90744.16847596716
2024-11-17 00:50:00+00:00,90759.95521367522
2024-11-17 00:51:00+00:00,90834.63926406926
2024-11-17 00:52:00+00:00,90823.29503246753
2024-11-17 00:53:00+00:00,90836.48160629922
2024-11-17 00:54:00+00:00,90820.67203457447
2024-11-17 00:55:00+00:00,90795.75441654358
2024-11-17 00:56:00+00:00,90807.25186842105
2024-11-17 00:57:00+00:00,90810.51850533807
2024-11-17 00:58:00+00:00,90813.23953379953
2024-11-17 00:59:00+00:00,90808.1862583519
2024-11-17 01:00:00+00:00,90795.49174484053
2024-11-17 01:01:00+00:00,90757.1486890244
2024-11-17 01:02:00+00:00,90731.9625925926
2024-11-17 01:03:00+00:00,90700.91143622722
2024-11-17 01:04:00+00:00,90700.15429360695
2024-11-17 01:05:00+00:00,90706.46238556338
2024-11-17 01:06:00+00:00,90683.15861201298
2024-11-17 01:07:00+00:00,90765.2841161774
2024-11-17 01:08:00+00:00,90840.0248617306
2024-11-17 01:09:00+00:00,90843.5103327645
2024-11-17 01:10:00+00:00,90757.15153012048
2024-11-17 01:11:00+00:00,90722.14053278689
2024-11-17 01:12:00+00:00,90719.82123491839
2024-11-17 01:13:00+00:00,90700.70199604743
2024-11-17 01:14:00+00:00,90697.83329024677
2024-11-17 01:15:00+00:00,90777.40728947369
2024-11-17 01:16:00+00:00,90789.66506922258
2024-11-17 01:17:00+00:00,90735.27874242424
2024-11-17 01:18:00+00:00,90758.61860398861
2024-11-17 01:19:00+00:00,90725.98371385083
2024-11-17 01:20:00+00:00,90706.41709580839
2024-11-17 01:21:00+00:00,90710.34562895927
2024-11-17 01:22:00+00:00,90712.42155148096
2024-11-17 01:23:00+00:00,90724.49954787233
2024-11-17 01:24:00+00:00,90721.22237139272
2024-11-17 01:25:00+00:00,90684.15518962075
2024-11-17 01:26:00+00:00,90661.68259305212
2024-11-17 01:27:00+00:00,90683.67535714286
2024-11-17 01:28:00+00:00,90688.45724373576
2024-11-17 01:29:00+00:00,90690.41470270269
2024-11-17 01:30:00+00:00,90634.49736180904
2024-11-17 01:31:00+00:00,90573.3453008596
2024-11-17 01:32:00+00:00,90482.56752475248
2024-11-17 01:33:00+00:00,90425.81845794393
2024-11-17 01:34:00+00:00,90398.20012324546
2024-11-17 01:35:00+00:00,90494.68000000001
2024-11-17 01:36:00+00:00,90514.32849724265
2024-11-17 01:37:00+00:00,90507.90642640823
2024-11-17 01:38:00+00:00,90466.33119120654
2024-11-17 01:39:00+00:00,90433.21213523133
2024-11-17 01:40:00+00:00,90302.711823326
2024-11-17 01:41:00+00:00,90288.64297076022
2024-11-17 01:42:00+00:00,90288.6093902439
2024-11-17 01:43:00+00:00,90244.36805606788
2024-11-17 01:44:00+00:00,90199.45059125964
2024-11-17 01:45:00+00:00,90126.4175717101
2024-11-17 01:46:00+00:00,90226.55097087378
2024-11-17 01:47:00+00:00,90280.26185269121
2024-11-17 01:48:00+00:00,90212.30493440968
2024-11-17 01:49:00+00:00,90146.79296030405
2024-11-17 01:50:00+00:00,90200.54350164653
2024-11-17 01:51:00+00:00,90104.27392621145
2024-11-17 01:52:00+00:00,90162.28754507095
2024-11-17 01:53:00+00:00,90100.12024935064
2024-11-17 01:54:00+00:00,90057.77369727047
2024-11-17 01:55:00+00:00,90055.64614446815
2024-11-17 01:56:00+00:00,90133.3567217525
2024-11-17 01:57:00+00:00,90168.30289883268
2024-11-17 01:58:00+00:00,90200.14475884245
2024-11-17 01:59:00+00:00,90269.53093039773
2024-11-17 02:00:00+00:00,90239.99123225806
2024-11-17 02:01:00+00:00,90161.86995555555
2024-11-17 02:02:00+00:00,90071.23487785964
2024-11-17 02:03:00+00:00,90013.53785046728
2024-11-17 02:04:00+00:00,89926.7307363668
2024-11-17 02:05:00+00:00,89903.40451740507
2024-11-17 02:06:00+00:00,89792.07729027962
2024-11-17 02:07:00+00:00,89596.78662235591
2024-11-17 02:08:00+00:00,89552.46759709138
2024-11-17 02:09:00+00:00,89684.93212029019
2024-11-17 02:10:00+00:00,89583.44510109854
2024-11-17 02:11:00+00:00,89561.78009766128
2024-11-17 02:12:00+00:00,89525.11276798673
2024-11-17 02:13:00+00:00,89628.70264294479
2024-11-17 02:14:00+00:00,89569.32853133514
2024-11-17 02:15:00+00:00,89444.43263390043
2024-11-17 02:16:00+00:00,89472.10411103911
2024-11-17 02:17:00+00:00,89614.55198558648
2024-11-17 02:18:00+00:00,89679.76585318985
2024-11-17 02:19:00+00:00,89700.12477009594
2024-11-17 02:20:00+00:00,89813.47667751266
2024-11-17 02:21:00+00:00,89810.62704904407
2024-11-17 02:22:00+00:00,89713.28367906067
2024-11-17 02:23:00+00:00,89745.28645854146
2024-11-17 02:24:00+00:00,89731.3449003984
2024-11-17 02:25:00+00:00,89788.42100996678
2024-11-17 02:26:00+00:00,89844.33406451612
2024-11-17 02:27:00+00:00,89824.42538341158
2024-11-17 02:28:00+00:00,89693.27074654379
2024-11-17 02:29:00+00:00,89723.14330901857
2024-11-17 02:30:00+00:00,89733.755943647
2024-11-17 02:31:00+00:00,89764.8213925926
2024-11-17 02:32:00+00:00,89750.34890034364
2024-11-17 02:33:00+00:00,89644.95800759815
2024-11-17 02:34:00+00:00,89600.33309640024
2024-11-17 02:35:00+00:00,89641.500764
2024-11-17 02:36:00+00:00,89614.40793516017
2024-11-17 02:37:00+00:00,89659.03594912859
2024-11-17 02:38:00+00:00,89623.61180764774
2024-11-17 02:39:00+00:00,89637.78351121892
2024-11-17 02:40:00+00:00,89643.42222298692
2024-11-17 02:41:00+00:00,89701.10232378001
2024-11-17 02:42:00+00:00,89827.92055743243
2024-11-17 02:43:00+00:00,89893.94025862069
2024-11-17 02:44:00+00:00,89920.28055690072
2024-11-17 02:45:00+00:00,89865.83912187334
2024-11-17 02:46:00+00:00,89812.31820105821
2024-11-17 02:47:00+00:00,89830.24331075359
2024-11-17 02:48:00+00:00,89894.53092698933
2024-11-17 02:49:00+00:00,89915.5461890909
2024-11-17 02:50:00+00:00,89907.57841987716
2024-11-17 02:51:00+00:00,89948.15032473735
2024-11-17 02:52:00+00:00,89963.47581018519
2024-11-17 02:53:00+00:00,90015.85089622642
2024-11-17 02:54:00+00:00,89949.55501529052
2024-11-17 02:55:00+00:00,89955.9540126459
2024-11-17 02:56:00+00:00,90008.2197567717
2024-11-17 02:57:00+00:00,90079.31841427735
2024-11-17 02:58:00+00:00,90096.67606225681
2024-11-17 02:59:00+00:00,90036.42410156249
2024-11-17 03:00:00+00:00,89980.69821308725
2024-11-17 03:01:00+00:00,89944.02732157851
2024-11-17 03:02:00+00:00,89983.54599086236
2024-11-17 03:03:00+00:00,90033.96966263527
2024-11-17 03:04:00+00:00,90116.03472641509
2024-11-17 03:05:00+00:00,90174.67271717572
2024-11-17 03:06:00+00:00,90178.99720178371
2024-11-17 03:07:00+00:00,90160.02813248767
2024-11-17 03:08:00+00:00,90112.10316260162
2024-11-17 03:09:00+00:00,90090.72164655784
2024-11-17 03:10:00+00:00,90077.46954198474
2024-11-17 03:11:00+00:00,90017.48293831958
2024-11-17 03:12:00+00:00,89924.18397573495
2024-11-17 03:13:00+00:00,89828.85449763991
2024-11-17 03:14:00+00:00,89818.46369275362
2024-11-17 03:15:00+00:00,89826.83490347491
2024-11-17 03:16:00+00:00,89870.00944898838
2024-11-17 03:17:00+00:00,89842.69437070937
2024-11-17 03:18:00+00:00,89841.9593559617
2024-11-17 03:19:00+00:00,89820.206507431
2024-11-17 03:20:00+00:00,89853.64026929982
2024-11-17 03:21:00+00:00,89903.25216065074
2024-11-17 03:22:00+00:00,89881.36211521152
2024-11-17 03:23:00+00:00,89904.7265701559
2024-11-17 03:24:00+00:00,89923.15940436242
2024-11-17 03:25:00+00:00,89901.92425422482
2024-11-17 03:26:00+00:00,89912.45241412213
2024-11-17 03:27:00+00:00,89990.85879866518
2024-11-17 03:28:00+00:00,90028.84939839572
2024-11-17 03:29:00+00:00,90013.62793133048
2024-11-17 03:30:00+00:00,90024.2300286123
2024-11-17 03:31:00+00:00,90028.8174530831
2024-11-17 03:32:00+00:00,90038.7317142857
2024-11-17 03:33:00+00:00,90089.86440514469
2024-11-17 03:34:00+00:00,90078.76600795754
2024-11-17 03:35:00+00:00,90007.44487632508
2024-11-17 03:36:00+00:00,90006.0430510106
2024-11-17 03:37:00+00:00,90093.64691860465
2024-11-17 03:38:00+00:00,90126.99598906108
2024-11-17 03:39:00+00:00,90089.59612462006
2024-11-17 03:40:00+00:00,90113.56171042164
2024-11-17 03:41:00+00:00,90112.42151487827
2024-11-17 03:42:00+00:00,90082.1319883721
2024-11-17 03:43:00+00:00,90070.07361090083
2024-11-17 03:44:00+00:00,90100.61713244229
2024-11-17 03:45:00+00:00,90127.31393977415
2024-11-17 03:46:00+00:00,90107.6389932886
2024-11-17 03:47:00+00:00,90074.5541062632
2024-11-17 03:48:00+00:00,90070.62073593074
2024-11-17 03:49:00+00:00,90066.62707199033
2024-11-17 03:50:00+00:00,90098.30343450479
2024-11-17 03:51:00+00:00,90126.81778732808
2024-11-17 03:52:00+00:00,90145.63572507552
2024-11-17 03:53:00+00:00,90141.90066386876
2024-11-17 03:54:00+00:00,90185.29619556914
2024-11-17 03:55:00+00:00,90199.43928529583
2024-11-17 03:56:00+00:00,90216.61482032218
2024-11-17 03:57:00+00:00,90210.9237079731
2024-11-17 03:58:00+00:00,90218.63476656626
2024-11-17 03:59:00+00:00,90240.8681880734
2024-11-17 04:00:00+00:00,90245.7945992823
2024-11-17 04:01:00+00:00,90217.43958987342
2024-11-17 04:02:00+00:00,90280.97203406814
2024-11-17 04:03:00+00:00,90291.14503531787
2024-11-17 04:04:00+00:00,90288.80699460916
2024-11-17 04:05:00+00:00,90199.92503649635
2024-11-17 04:06:00+00:00,90175.71448170731
2024-11-17 04:07:00+00:00,90256.84109353818
2024-11-17 04:08:00+00:00,90253.76823813708
2024-11-17 04:09:00+00:00,90309.13641986456
2024-11-17 04:10:00+00:00,90347.82155023451
2024-11-17 04:11:00+00:00,90397.83782397409
2024-11-17 04:12:00+00:00,90383.38160967911
2024-11-17 04:13:00+00:00,90287.74140462889
2024-11-17 04:14:00+00:00,90254.48810155799
2024-11-17 04:15:00+00:00,90373.06241574624
2024-11-17 04:16:00+00:00,90337.6980759573
2024-11-17 04:17:00+00:00,90428.47768925292
2024-11-17 04:18:00+00:00,90484.24593759199
2024-11-17 04:19:00+00:00,90470.22336801041
2024-11-17 04:20:00+00:00,90449.85647569444
2024-11-17 04:21:00+00:00,90355.61521771771
2024-11-17 04:22:00+00:00,90341.46431192661
2024-11-17 04:23:00+00:00,90414.9752639087
2024-11-17 04:24:00+00:00,90417.1524611399
2024-11-17 04:25:00+00:00,90400.21232521602
2024-11-17 04:26:00+00:00,90419.34432106216
2024-11-17 04:27:00+00:00,90424.06891595034
2024-11-17 04:28:00+00:00,90412.18109967845
2024-11-17 04:29:00+00:00,90399.02402552203
2024-11-17 04:30:00+00:00,90425.07034787736
2024-11-17 04:31:00+00:00,90421.54117355372
2024-11-17 04:32:00+00:00,90339.10193961574
2024-11-17 04:33:00+00:00,90303.62454011742
2024-11-17 04:34:00+00:00,90298.41463380282
2024-11-17 04:35:00+00:00,90305.45845261122
2024-11-17 04:36:00+00:00,90351.35492913386
2024-11-17 04:37:00+00:00,90400.39080691643
2024-11-17 04:38:00+00:00,90473.36013419484
2024-11-17 04:39:00+00:00,90620.520856102
2024-11-17 04:40:00+00:00,90642.29588235293
2024-11-17 04:41:00+00:00,90651.11887719299
2024-11-17 04:42:00+00:00,90628.44909975669
2024-11-17 04:43:00+00:00,90626.70572715573
2024-11-17 04:44:00+00:00,90624.44338778408
2024-11-17 04:45:00+00:00,90591.85442088092
2024-11-17 04:46:00+00:00,90568.36962162162
2024-11-17 04:47:00+00:00,90408.10198374584
2024-11-17 04:48:00+00:00,90376.34992833254
2024-11-17 04:49:00+00:00,90480.94845006484
2024-11-17 04:50:00+00:00,90495.7271388102
2024-11-17 04:51:00+00:00,90484.6208885851
2024-11-17 04:52:00+00:00,90531.56998974358
2024-11-17 04:53:00+00:00,90490.94754330708
2024-11-17 04:54:00+00:00,90448.76914948453
2024-11-17 04:55:00+00:00,90453.21593023256
2024-11-17 04:56:00+00:00,90411.17282120395
2024-11-17 04:57:00+00:00,90381.57355643045
2024-11-17 04:58:00+00:00,90351.0023673226
2024-11-17 04:59:00+00:00,90503.51670988655
2024-11-17 05:00:00+00:00,90526.81209768314
2024-11-17 05:01:00+00:00,90571.31970383275
2024-11-17 05:02:00+00:00,90628.42308718861
2024-11-17 05:03:00+00:00,90703.74887493173
2024-11-17 05:04:00+00:00,90689.96564814815
2024-11-17 05:05:00+00:00,90780.51452337803
2024-11-17 05:06:00+00:00,90852.07896285577
2024-11-17 05:07:00+00:00,90851.58097442986
2024-11-17 05:08:00+00:00,90833.92907627713
2024-11-17 05:09:00+00:00,90825.14859296482
2024-11-17 05:10:00+00:00,90859.11335844995
2024-11-17 05:11:00+00:00,90789.80640224359
2024-11-17 05:12:00+00:00,90801.47549728752
2024-11-17 05:13:00+00:00,90791.93203776554
2024-11-17 05:14:00+00:00,90770.35778640777
2024-11-17 05:15:00+00:00,90773.01919512195
2024-11-17 05:16:00+00:00,90740.10579954094
2024-11-17 05:17:00+00:00,90713.81330722367
2024-11-17 05:18:00+00:00,90675.50827787022
2024-11-17 05:19:00+00:00,90676.84710541989
2024-11-17 05:20:00+00:00,90654.81324723248
2024-11-17 05:21:00+00:00,90687.09764637002
2024-11-17 05:22:00+00:00,90631.9718367347
2024-11-17 05:23:00+00:00,90684.64224938875
2024-11-17 05:24:00+00:00,90653.41943942134
2024-11-17 05:25:00+00:00,90672.16431660233
2024-11-17 05:26:00+00:00,90668.30874263261
2024-11-17 05:27:00+00:00,90672.80079777366
2024-11-17 05:28:00+00:00,90666.80594771242
2024-11-17 05:29:00+00:00,90627.89397260275
2024-11-17 05:30:00+00:00,90658.21836426915
2024-11-17 05:31:00+00:00,90628.73096491228
2024-11-17 05:32:00+00:00,90559.14235062378
2024-11-17 05:33:00+00:00,90516.82076637824
2024-11-17 05:34:00+00:00,90526.49465753425
2024-11-17 05:35:00+00:00,90483.59690777578
2024-11-17 05:36:00+00:00,90446.1511356467
2024-11-17 05:37:00+00:00,90423.24426724137
2024-11-17 05:38:00+00:00,90424.81720524018
2024-11-17 05:39:00+00:00,90393.51014188124
2024-11-17 05:40:00+00:00,90420.04149809887
2024-11-17 05:41:00+00:00,90459.90310751104
2024-11-17 05:42:00+00:00,90403.45089171975
2024-11-17 05:43:00+00:00,90426.55409695074
2024-11-17 05:44:00+00:00,90406.83833640271
2024-11-17 05:45:00+00:00,90483.0560359656
2024-11-17 05:46:00+00:00,90490.02920536636
2024-11-17 05:47:00+00:00,90526.87065637065
2024-11-17 05:48:00+00:00,90533.47654002714
2024-11-17 05:49:00+00:00,90500.046374269
2024-11-17 05:50:00+00:00,90508.67731837607
2024-11-17 05:51:00+00:00,90548.25220608576
2024-11-17 05:52:00+00:00,90542.08552307692
2024-11-17 05:53:00+00:00,90541.38717777778
2024-11-17 05:54:00+00:00,90587.08029748283
2024-11-17 05:55:00+00:00,90575.57082008901
2024-11-17 05:56:00+00:00,90517.29831020409
2024-11-17 05:57:00+00:00,90517.15052702703
2024-11-17 05:58:00+00:00,90503.22973170731
2024-11-17 05:59:00+00:00,90484.34098966027
2024-11-17 06:00:00+00:00,90481.91810954064
2024-11-17 06:01:00+00:00,90488.02964850614
2024-11-17 06:02:00+00:00,90505.13992509364
2024-11-17 06:03:00+00:00,90476.65466312056
2024-11-17 06:04:00+00:00,90461.01516014234
2024-11-17 06:05:00+00:00,90441.68079922027
2024-11-17 06:06:00+00:00,90430.11309591643
2024-11-17 06:07:00+00:00,90415.26162666666
2024-11-17 06:08:00+00:00,90393.621985138
2024-11-17 06:09:00+00:00,90415.08553041019
2024-11-17 06:10:00+00:00,90446.6169032258
2024-11-17 06:11:00+00:00,90470.53345268541
2024-11-17 06:12:00+00:00,90465.92204481793
2024-11-17 06:13:00+00:00,90431.46623831775
2024-11-17 06:14:00+00:00,90426.51616319445
2024-11-17 06:15:00+00:00,90430.666816609
2024-11-17 06:16:00+00:00,90483.7000813008
2024-11-17 06:17:00+00:00,90542.04187396352
2024-11-17 06:18:00+00:00,90548.3917218543
2024-11-17 06:19:00+00:00,90567.4555050505
2024-11-17 06:20:00+00:00,90590.27122699386
2024-11-17 06:21:00+00:00,90567.32070883315
2024-11-17 06:22:00+00:00,90545.22559748427
2024-11-17 06:23:00+00:00,90536.82473214285
2024-11-17 06:24:00+00:00,90513.54241860464
2024-11-17 06:25:00+00:00,90497.68171578947
2024-11-17 06:26:00+00:00,90524.56760059613
2024-11-17 06:27:00+00:00,90535.68386842105
2024-11-17 06:28:00+00:00,90549.18631858408
2024-11-17 06:29:00+00:00,90549.33414948454
2024-11-17 06:30:00+00:00,90570.98596226415
2024-11-17 06:31:00+00:00,90573.51041589648
2024-11-17 06:32:00+00:00,90526.51453558053
2024-11-17 06:33:00+00:00,90526.33048888888
2024-11-17 06:34:00+00:00,90534.72166885677
2024-11-17 06:35:00+00:00,90551.06916221033
2024-11-17 06:36:00+00:00,90605.67966850828
2024-11-17 06:37:00+00:00,90594.63088607596
2024-11-17 06:38:00+00:00,90630.41722627736
2024-11-17 06:39:00+00:00,90629.20290816326
2024-11-17 06:40:00+00:00,90631.51861072902
2024-11-17 06:41:00+00:00,90713.49639694656
2024-11-17 06:42:00+00:00,90749.72153955809
2024-11-17 06:43:00+00:00,90730.68818032787
2024-11-17 06:44:00+00:00,90767.67143047239
2024-11-17 06:45:00+00:00,90747.13701361867
2024-11-17 06:46:00+00:00,90673.17495412844
2024-11-17 06:47:00+00:00,90673.14486766398
2024-11-17 06:48:00+00:00,90673.12686825055
2024-11-17 06:49:00+00:00,90711.31295100864
2024-11-17 06:50:00+00:00,90693.77755420642
2024-11-17 06:51:00+00:00,90698.02143712575
2024-11-17 06:52:00+00:00,90679.74493670886
2024-11-17 06:53:00+00:00,90670.41641182467
2024-11-17 06:54:00+00:00,90685.47490986214
2024-11-17 06:55:00+00:00,90636.19197585071
2024-11-17 06:56:00+00:00,90608.41277777778
2024-11-17 06:57:00+00:00,90620.16784114054
2024-11-17 06:58:00+00:00,90629.5045945946
2024-11-17 06:59:00+00:00,90649.0447231063
2024-11-17 07:00:00+00:00,90642.23205614567
2024-11-17 07:01:00+00:00,90635.67471861471
2024-11-17 07:02:00+00:00,90585.87938271604
2024-11-17 07:03:00+00:00,90512.76890137329
2024-11-17 07:04:00+00:00,90461.37981868898
2024-11-17 07:05:00+00:00,90490.39789909638
2024-11-17 07:06:00+00:00,90538.19015454546
2024-11-17 07:07:00+00:00,90502.60239282931
2024-11-17 07:08:00+00:00,90469.97987540628
2024-11-17 07:09:00+00:00,90419.11646646645
2024-11-17 07:10:00+00:00,90386.88468619247
2024-11-17 07:11:00+00:00,90391.34047685834
2024-11-17 07:12:00+00:00,90432.43374722838
2024-11-17 07:13:00+00:00,90442.07669250645
2024-11-17 07:14:00+00:00,90416.31419205909
2024-11-17 07:15:00+00:00,90379.662
2024-11-17 07:16:00+00:00,90399.43979009237
2024-11-17 07:17:00+00:00,90412.71285110875
2024-11-17 07:18:00+00:00,90413.81918454936
2024-11-17 07:19:00+00:00,90383.31978159126
2024-11-17 07:20:00+00:00,90411.20311688313
2024-11-17 07:21:00+00:00,90452.96690451205
2024-11-17 07:22:00+00:00,90473.01599173555
2024-11-17 07:23:00+00:00,90499.24039719626
2024-11-17 07:24:00+00:00,90536.2988888889
2024-11-17 07:25:00+00:00,90532.37700137551
2024-11-17 07:26:00+00:00,90509.04508345979
2024-11-17 07:27:00+00:00,90520.61457581227
2024-11-17 07:28:00+00:00,90531.3982767624
2024-11-17 07:29:00+00:00,90508.5657615894
2024-11-17 07:30:00+00:00,90500.29031088084
2024-11-17 07:31:00+00:00,90534.26048994974
2024-11-17 07:32:00+00:00,90587.47276717557
2024-11-17 07:33:00+00:00,90588.69688498402
2024-11-17 07:34:00+00:00,90567.50157298986
2024-11-17 07:35:00+00:00,90541.89849872774
2024-11-17 07:36:00+00:00,90544.70436765722
2024-11-17 07:37:00+00:00,90572.04357585139
2024-11-17 07:38:00+00:00,90551.00158690177
2024-11-17 07:39:00+00:00,90555.59947635136
2024-11-17 07:40:00+00:00,90588.88383961118
2024-11-17 07:41:00+00:00,90627.06711956521
2024-11-17 07:42:00+00:00,90614.80116822431
2024-11-17 07:43:00+00:00,90621.96539179105
2024-11-17 07:44:00+00:00,90624.65939047618
2024-11-17 07:45:00+00:00,90639.47810043668
2024-11-17 07:46:00+00:00,90606.67227895393
2024-11-17 07:47:00+00:00,90604.54491686462
2024-11-17 07:48:00+00:00,90599.44701101929
2024-11-17 07:49:00+00:00,90568.02353448277
2024-11-17 07:50:00+00:00,90583.05409190372
2024-11-17 07:51:00+00:00,90593.61980972516
2024-11-17 07:52:00+00:00,90591.33608260326
2024-11-17 07:53:00+00:00,90571.98369402984
2024-11-17 07:54:00+00:00,90549.73982658959
2024-11-17 07:55:00+00:00,90531.79152249134
2024-11-17 07:56:00+00:00,90528.86744157442
2024-11-17 07:57:00+00:00,90493.57802763818
2024-11-17 07:58:00+00:00,90511.18416806722
2024-11-17 07:59:00+00:00,90554.41741433021
2024-11-17 08:00:00+00:00,90568.17358921163
2024-11-17 08:01:00+00:00,90583.09161684345
2024-11-17 08:02:00+00:00,90576.04158562368
2024-11-17 08:03:00+00:00,90515.48144787645
2024-11-17 08:04:00+00:00,90502.4735965747
2024-11-17 08:05:00+00:00,90496.23968563865
2024-11-17 08:06:00+00:00,90536.68180368099
2024-11-17 08:07:00+00:00,90575.4727027027
2024-11-17 08:08:00+00:00,90682.26403523669
2024-11-17 08:09:00+00:00,90738.83930241622
2024-11-17 08:10:00+00:00,90763.17366432337
2024-11-17 08:11:00+00:00,90733.08668252082
2024-11-17 08:12:00+00:00,90722.32030183726
2024-11-17 08:13:00+00:00,90652.99674183776
2024-11-17 08:14:00+00:00,90675.54246235607
2024-11-17 08:15:00+00:00,90721.48517107812
2024-11-17 08:16:00+00:00,90714.46989655172
2024-11-17 08:17:00+00:00,90685.40161626696
2024-11-17 08:18:00+00:00,90678.80255620317
2024-11-17 08:19:00+00:00,90614.16426693629
2024-11-17 08:20:00+00:00,90597.65991042346
2024-11-17 08:21:00+00:00,90577.00859649123
2024-11-17 08:22:00+00:00,90555.52744220731
2024-11-17 08:23:00+00:00,90565.7077343265
2024-11-17 08:24:00+00:00,90520.78625862069
2024-11-17 08:25:00+00:00,90530.85918022905
2024-11-17 08:26:00+00:00,90534.60005633802
2024-11-17 08:27:00+00:00,90539.18896124032
2024-11-17 08:28:00+00:00,90558.95088328076
2024-11-17 08:29:00+00:00,90574.41561685056
2024-11-17 08:30:00+00:00,90584.9589137814
2024-11-17 08:31:00+00:00,90559.13812746757
2024-11-17 08:32:00+00:00,90620.14481067659
2024-11-17 08:33:00+00:00,90640.31950292397
2024-11-17 08:34:00+00:00,90577.28124840764
2024-11-17 08:35:00+00:00,90588.53514569536
2024-11-17 08:36:00+00:00,90574.10356070941
2024-11-17 08:37:00+00:00,90609.7241663113
2024-11-17 08:38:00+00:00,90632.37356579745
2024-11-17 08:39:00+00:00,90644.0926857888
2024-11-17 08:40:00+00:00,90614.5084057971
2024-11-17 08:41:00+00:00,90642.64987662339
2024-11-17 08:42:00+00:00,90681.18075874333
2024-11-17 08:43:00+00:00,90793.1622293739
2024-11-17 08:44:00+00:00,90789.8986846847
2024-11-17 08:45:00+00:00,90768.1848341765
2024-11-17 08:46:00+00:00,90808.13645099904
2024-11-17 08:47:00+00:00,90794.3107486631
2024-11-17 08:48:00+00:00,90852.74658392435
2024-11-17 08:49:00+00:00,90821.80367752857
2024-11-17 08:50:00+00:00,90814.60594110115
2024-11-17 08:51:00+00:00,90817.92049114332
2024-11-17 08:52:00+00:00,90897.3988985737
2024-11-17 08:53:00+00:00,90984.22624950652
2024-11-17 08:54:00+00:00,91028.90209973753
2024-11-17 08:55:00+00:00,91040.51531409168
2024-11-17 08:56:00+00:00,91028.64844367016
2024-11-17 08:57:00+00:00,91012.04208188153
2024-11-17 08:58:00+00:00,91036.26105548038
2024-11-17 08:59:00+00:00,90988.01483580167
2024-11-17 09:00:00+00:00,91002.64575659229
2024-11-17 09:01:00+00:00,91035.61522136332
2024-11-17 09:02:00+00:00,91126.97367771085
2024-11-17 09:03:00+00:00,91229.03272598369
2024-11-17 09:04:00+00:00,91207.36415778252
2024-11-17 09:05:00+00:00,91284.63125675675
2024-11-17 09:06:00+00:00,91338.10765919283
2024-11-17 09:07:00+00:00,91306.77529272152
2024-11-17 09:08:00+00:00,91394.9987396399
2024-11-17 09:09:00+00:00,91429.61044095665
2024-11-17 09:10:00+00:00,91428.39461386918
2024-11-17 09:11:00+00:00,91377.05606332906
2024-11-17 09:12:00+00:00,91252.36667531345
2024-11-17 09:13:00+00:00,91322.22796422486
2024-11-17 09:14:00+00:00,91252.25010775862
2024-11-17 09:15:00+00:00,91214.93733810609
2024-11-17 09:16:00+00:00,91224.60324636227
2024-11-17 09:17:00+00:00,91293.98949382716
2024-11-17 09:18:00+00:00,91305.61961897915
2024-11-17 09:19:00+00:00,91315.74405852417
2024-11-17 09:20:00+00:00,91247.85346627276
2024-11-17 09:21:00+00:00,91179.59858789625
2024-11-17 09:22:00+00:00,91189.42393301436
2024-11-17 09:23:00+00:00,91150.77676880223
2024-11-17 09:24:00+00:00,91166.11058050382
2024-11-17 09:25:00+00:00,91193.65115018314
2024-11-17 09:26:00+00:00,91183.00489768077
2024-11-17 09:27:00+00:00,91214.73057942057
2024-11-17 09:28:00+00:00,91173.96
2024-11-17 09:29:00+00:00,91132.74156312626
2024-11-17 09:30:00+00:00,91155.99324032974
2024-11-17 09:31:00+00:00,91129.03385393257
2024-11-17 09:32:00+00:00,91063.52034482759
2024-11-17 09:33:00+00:00,91044.9635035461
2024-11-17 09:34:00+00:00,91053.17541650818
2024-11-17 09:35:00+00:00,91104.19459534883
2024-11-17 09:36:00+00:00,91131.75767425321
2024-11-17 09:37:00+00:00,91182.74508455468
2024-11-17 09:38:00+00:00,91114.60086956523
2024-11-17 09:39:00+00:00,91080.81122857143
2024-11-17 09:40:00+00:00,91144.56071611254
2024-11-17 09:41:00+00:00,91195.97620936639
2024-11-17 09:42:00+00:00,91230.15468749999
2024-11-17 09:43:00+00:00,91256.34471764707
2024-11-17 09:44:00+00:00,91250.43136166522
2024-11-17 09:45:00+00:00,91206.62818688981
2024-11-17 09:46:00+00:00,91174.65415300547
2024-11-17 09:47:00+00:00,91148.18127351097
2024-11-17 09:48:00+00:00,91195.38205312275
2024-11-17 09:49:00+00:00,91148.19293931732
2024-11-17 09:50:00+00:00,91162.08547789726
2024-11-17 09:51:00+00:00,91157.75
2024-11-17 09:52:00+00:00,91160.53873747496
2024-11-17 09:53:00+00:00,91193.87208085612
2024-11-17 09:54:00+00:00,91228.30364188165
2024-11-17 09:55:00+00:00,91219.22869718309
2024-11-17 09:56:00+00:00,91243.1077238806
2024-11-17 09:57:00+00:00,91287.12329224075
2024-11-17 09:58:00+00:00,91310.20480627306
2024-11-17 09:59:00+00:00,91301.97673544585
2024-11-17 10:00:00+00:00,91303.7898994975
2024-11-17 10:01:00+00:00,91310.35463414635
2024-11-17 10:02:00+00:00,91272.8590694789
2024-11-17 10:03:00+00:00,91286.71401526718
2024-11-17 10:04:00+00:00,91321.77512880563
2024-11-17 10:05:00+00:00,91300.98170161291
2024-11-17 10:06:00+00:00,91278.83025339365
2024-11-17 10:07:00+00:00,91255.03867667122
2024-11-17 10:08:00+00:00,91214.62123661149
2024-11-17 10:09:00+00:00,91201.8185547909
2024-11-17 10:10:00+00:00,91164.99586263736
2024-11-17 10:11:00+00:00,91186.13229974161
2024-11-17 10:12:00+00:00,91214.15976154993
2024-11-17 10:13:00+00:00,91232.51719712526
2024-11-17 10:14:00+00:00,91200.50556841046
2024-11-17 10:15:00+00:00,91229.28909825033
2024-11-17 10:16:00+00:00,91196.93559021922
2024-11-17 10:17:00+00:00,91161.31685196752
2024-11-17 10:18:00+00:00,91184.60813788202
2024-11-17 10:19:00+00:00,91207.48258767772
2024-11-17 10:20:00+00:00,91157.07549079755
2024-11-17 10:21:00+00:00,91126.17394849786
2024-11-17 10:22:00+00:00,91087.70392644136
2024-11-17 10:23:00+00:00,91122.44911330049
2024-11-17 10:24:00+00:00,91147.07657110092
2024-11-17 10:25:00+00:00,91143.32582881906
2024-11-17 10:26:00+00:00,91164.77645013723
2024-11-17 10:27:00+00:00,91167.5269859813
2024-11-17 10:28:00+00:00,91151.02797619048
2024-11-17 10:29:00+00:00,91130.80211796246
2024-11-17 10:30:00+00:00,91123.1880733945
2024-11-17 10:31:00+00:00,91098.77695792881
2024-11-17 10:32:00+00:00,91113.3334226553
2024-11-17 10:33:00+00:00,91115.59226256983
2024-11-17 10:34:00+00:00,91123.51661810614
2024-11-17 10:35:00+00:00,91108.36733205375
2024-11-17 10:36:00+00:00,91117.24308362369
2024-11-17 10:37:00+00:00,91141.12496993988
2024-11-17 10:38:00+00:00,91105.24342604297
2024-11-17 10:39:00+00:00,91101.28215710724
2024-11-17 10:40:00+00:00,91092.57361702126
2024-11-17 10:41:00+00:00,91083.50864349776
2024-11-17 10:42:00+00:00,91088.41282571912
2024-11-17 10:43:00+00:00,91078.89757009345
2024-11-17 10:44:00+00:00,91028.21348263253
2024-11-17 10:45:00+00:00,91046.76504266873
2024-11-17 10:46:00+00:00,91078.05539910313
2024-11-17 10:47:00+00:00,91081.20123229462
2024-11-17 10:48:00+00:00,91121.4965797494
2024-11-17 10:49:00+00:00,91112.82416339869
2024-11-17 10:50:00+00:00,91103.85632318501
2024-11-17 10:51:00+00:00,91128.40635721493
2024-11-17 10:52:00+00:00,91134.51730375426
2024-11-17 10:53:00+00:00,91094.86721649484
2024-11-17 10:54:00+00:00,91031.36036349575
2024-11-17 10:55:00+00:00,90936.3262334114
2024-11-17 10:56:00+00:00,91019.33982306284
2024-11-17 10:57:00+00:00,91073.80361647361
2024-11-17 10:58:00+00:00,91049.76382213812
2024-11-17 10:59:00+00:00,91063.86019064125
2024-11-17 11:00:00+00:00,91067.95138678222
2024-11-17 11:01:00+00:00,91035.1019212746
2024-11-17 11:02:00+00:00,90943.41006359301
2024-11-17 11:03:00+00:00,90888.34749469215
2024-11-17 11:04:00+00:00,90863.89000876424
2024-11-17 11:05:00+00:00,90921.3980204461
2024-11-17 11:06:00+00:00,90980.67545830461
2024-11-17 11:07:00+00:00,91021.00896366083
2024-11-17 11:08:00+00:00,90945.38996338216
2024-11-17 11:09:00+00:00,90897.4787735215
2024-11-17 11:10:00+00:00,90823.74189924724
2024-11-17 11:11:00+00:00,90787.2399422855
2024-11-17 11:12:00+00:00,90699.95846550178
2024-11-17 11:13:00+00:00,90652.90527619822
2024-11-17 11:14:00+00:00,90644.72335214725
2024-11-17 11:15:00+00:00,90662.69825726142
2024-11-17 11:16:00+00:00,90638.28359183673
2024-11-17 11:17:00+00:00,90673.765356623
2024-11-17 11:18:00+00:00,90660.63446013289
2024-11-17 11:19:00+00:00,90701.19263986014
2024-11-17 11:20:00+00:00,90761.42359044997
2024-11-17 11:21:00+00:00,90778.4970221753
2024-11-17 11:22:00+00:00,90766.19373448462
2024-11-17 11:23:00+00:00,90780.64283197832
2024-11-17 11:24:00+00:00,90731.06440151515
2024-11-17 11:25:00+00:00,90715.32733278956
2024-11-17 11:26:00+00:00,90670.33487609912
2024-11-17 11:27:00+00:00,90670.70279338842
2024-11-17 11:28:00+00:00,90698.85152796726
2024-11-17 11:29:00+00:00,90712.94277139207
2024-11-17 11:30:00+00:00,90703.0899466951
2024-11-17 11:31:00+00:00,90660.46205771645
2024-11-17 11:32:00+00:00,90654.66059615384
2024-11-17 11:33:00+00:00,90649.76861995754
2024-11-17 11:34:00+00:00,90704.47026946108
2024-11-17 11:35:00+00:00,90708.938330781
2024-11-17 11:36:00+00:00,90755.79643551524
2024-11-17 11:37:00+00:00,90744.622732355
2024-11-17 11:38:00+00:00,90705.25229492651
2024-11-17 11:39:00+00:00,90659.01222373807
2024-11-17 11:40:00+00:00,90614.55837979093
2024-11-17 11:41:00+00:00,90596.25366883117
2024-11-17 11:42:00+00:00,90591.5264431818
2024-11-17 11:43:00+00:00,90653.09304700163
2024-11-17 11:44:00+00:00,90662.84170087977
2024-11-17 11:45:00+00:00,90658.91020304569
2024-11-17 11:46:00+00:00,90658.19324222431
2024-11-17 11:47:00+00:00,90558.5273453909
2024-11-17 11:48:00+00:00,90625.98063078217
2024-11-17 11:49:00+00:00,90663.67402672255
2024-11-17 11:50:00+00:00,90680.08121285141
2024-11-17 11:51:00+00:00,90745.37234902411
2024-11-17 11:52:00+00:00,90745.5366251298
2024-11-17 11:53:00+00:00,90753.45282389449
2024-11-17 11:54:00+00:00,90776.57660115608
2024-11-17 11:55:00+00:00,90767.59469069069
2024-11-17 11:56:00+00:00,90806.9348241206
2024-11-17 11:57:00+00:00,90795.24365316902
2024-11-17 11:58:00+00:00,90759.06755150933
2024-11-17 11:59:00+00:00,90700.77964980545
2024-11-17 12:00:00+00:00,90713.33345853658
2024-11-17 12:01:00+00:00,90720.48221608349
2024-11-17 12:02:00+00:00,90689.56822376008
2024-11-17 12:03:00+00:00,90717.73630078835
2024-11-17 12:04:00+00:00,90790.50234131113
2024-11-17 12:05:00+00:00,90846.45393712574
2024-11-17 12:06:00+00:00,90853.34939673527
2024-11-17 12:07:00+00:00,90901.45598214286
2024-11-17 12:08:00+00:00,90890.61842455622
2024-11-17 12:09:00+00:00,90872.04573560768
2024-11-17 12:10:00+00:00,90884.5469208382
2024-11-17 12:11:00+00:00,90868.7130737082
2024-11-17 12:12:00+00:00,90806.76479526394
2024-11-17 12:13:00+00:00,90774.08786833857
2024-11-17 12:14:00+00:00,90840.0187429451
2024-11-17 12:15:00+00:00,90786.67103603603
2024-11-17 12:16:00+00:00,90861.48814077026
2024-11-17 12:17:00+00:00,90917.48803379416
2024-11-17 12:18:00+00:00,90953.91295330248
2024-11-17 12:19:00+00:00,90972.39170439415
2024-11-17 12:20:00+00:00,90939.170591133
2024-11-17 12:21:00+00:00,90907.78000635726
2024-11-17 12:22:00+00:00,90866.07529784537
2024-11-17 12:23:00+00:00,90854.78109184328
2024-11-17 12:24:00+00:00,90869.90533772652
2024-11-17 12:25:00+00:00,90875.48373737374
2024-11-17 12:26:00+00:00,90864.57283185842
2024-11-17 12:27:00+00:00,90873.64553103448
2024-11-17 12:28:00+00:00,90861.44977412731
2024-11-17 12:29:00+00:00,90857.83507109004
2024-11-17 12:30:00+00:00,90837.85241379311
2024-11-17 12:31:00+00:00,90837.05677474402
2024-11-17 12:32:00+00:00,90845.24707489878
2024-11-17 12:33:00+00:00,90879.863479942
2024-11-17 12:34:00+00:00,90912.18000641026
2024-11-17 12:35:00+00:00,90855.58929198362
2024-11-17 12:36:00+00:00,90832.52075808251
2024-11-17 12:37:00+00:00,90798.74641848523
2024-11-17 12:38:00+00:00,90806.54275280898
2024-11-17 12:39:00+00:00,90829.47983585858
2024-11-17 12:40:00+00:00,90823.88342019545
2024-11-17 12:41:00+00:00,90845.17191011236
2024-11-17 12:42:00+00:00,90892.48459148446
2024-11-17 12:43:00+00:00,90917.2058
2024-11-17 12:44:00+00:00,90957.20087737843
2024-11-17 12:45:00+00:00,90975.64113762486
2024-11-17 12:46:00+00:00,91078.7845309654
2024-11-17 12:47:00+00:00,91129.28690923318
2024-11-17 12:48:00+00:00,91115.82014914772
2024-11-17 12:49:00+00:00,91137.90247083775
2024-11-17 12:50:00+00:00,91149.17944628099
2024-11-17 12:51:00+00:00,91164.89892508143
2024-11-17 12:52:00+00:00,91115.41664583333
2024-11-17 12:53:00+00:00,91103.08095451634
2024-11-17 12:54:00+00:00,91119.37162616823
2024-11-17 12:55:00+00:00,91123.30009580839
2024-11-17 12:56:00+00:00,91063.09106557377
2024-11-17 12:57:00+00:00,91067.12056497174
2024-11-17 12:58:00+00:00,91085.19567880794
2024-11-17 12:59:00+00:00,91096.40681664791
2024-11-17 13:00:00+00:00,91091.73703085905
2024-11-17 13:01:00+00:00,91076.36871428571
2024-11-17 13:02:00+00:00,91064.57012216405
2024-11-17 13:03:00+00:00,91044.16666963491
2024-11-17 13:04:00+00:00,91032.54249674904
2024-11-17 13:05:00+00:00,90945.82270720371
2024-11-17 13:06:00+00:00,90947.07178515008
2024-11-17 13:07:00+00:00,90905.9466101695
2024-11-17 13:08:00+00:00,90887.01514822134
2024-11-17 13:09:00+00:00,90859.28419829589
2024-11-17 13:10:00+00:00,90908.05260162603
2024-11-17 13:11:00+00:00,90916.52901530273
2024-11-17 13:12:00+00:00,90884.16673469388
2024-11-17 13:13:00+00:00,90893.77797020483
2024-11-17 13:14:00+00:00,90886.50648379052
2024-11-17 13:15:00+00:00,90809.74184210526
2024-11-17 13:16:00+00:00,90772.57364548495
2024-11-17 13:17:00+00:00,90758.2972060207
2024-11-17 13:18:00+00:00,90726.65901457322
2024-11-17 13:19:00+00:00,90718.07468
2024-11-17 13:20:00+00:00,90728.8173522976
2024-11-17 13:21:00+00:00,90712.86631186803
2024-11-17 13:22:00+00:00,90703.22781841109
2024-11-17 13:23:00+00:00,90743.68153061224
2024-11-17 13:24:00+00:00,90686.41470452801
2024-11-17 13:25:00+00:00,90715.1150377488
2024-11-17 13:26:00+00:00,90727.11815352697
2024-11-17 13:27:00+00:00,90775.56568904594
2024-11-17 13:28:00+00:00,90771.10677419355
2024-11-17 13:29:00+00:00,90748.72936671576
2024-11-17 13:30:00+00:00,90781.05524324323
2024-11-17 13:31:00+00:00,90791.55231307154
2024-11-17 13:32:00+00:00,90779.8176888889
2024-11-17 13:33:00+00:00,90739.08538251366
2024-11-17 13:34:00+00:00,90716.30439086295
2024-11-17 13:35:00+00:00,90619.00479986078
2024-11-17 13:36:00+00:00,90673.30743319838
2024-11-17 13:37:00+00:00,90680.22283821093
2024-11-17 13:38:00+00:00,90685.14476895735
2024-11-17 13:39:00+00:00,90460.64233900815
2024-11-17 13:40:00+00:00,90413.0736031927
2024-11-17 13:41:00+00:00,90597.06612180923
2024-11-17 13:42:00+00:00,90638.80195121952
2024-11-17 13:43:00+00:00,90498.39872139973
2024-11-17 13:44:00+00:00,90509.45866268656
2024-11-17 13:45:00+00:00,90470.01364658635
2024-11-17 13:46:00+00:00,90475.51820399999
2024-11-17 13:47:00+00:00,90510.13237940025
2024-11-17 13:48:00+00:00,90533.7796539548
2024-11-17 13:49:00+00:00,90552.37237971391
2024-11-17 13:50:00+00:00,90563.3699265606
2024-11-17 13:51:00+00:00,90588.12622781064
2024-11-17 13:52:00+00:00,90562.16175438596
2024-11-17 13:53:00+00:00,90552.80900918636
2024-11-17 13:54:00+00:00,90533.70388819875
2024-11-17 13:55:00+00:00,90506.49041867955
2024-11-17 13:56:00+00:00,90479.98583975347
2024-11-17 13:57:00+00:00,90502.84195121951
2024-11-17 13:58:00+00:00,90487.98615384616
2024-11-17 13:59:00+00:00,90489.62797066015
2024-11-17 14:00:00+00:00,90537.99298297557
2024-11-17 14:01:00+00:00,90549.77490772385
2024-11-17 14:02:00+00:00,90599.76937226277
2024-11-17 14:03:00+00:00,90608.77149487054
2024-11-17 14:04:00+00:00,90654.60925224327
2024-11-17 14:05:00+00:00,90678.81251322752
2024-11-17 14:06:00+00:00,90725.18734489051
2024-11-17 14:07:00+00:00,90724.92309171597
2024-11-17 14:08:00+00:00,90642.71443873808
2024-11-17 14:09:00+00:00,90663.30781318681
2024-11-17 14:10:00+00:00,90600.32891495602
2024-11-17 14:11:00+00:00,90575.69268802229
2024-11-17 14:12:00+00:00,90624.76688697317
2024-11-17 14:13:00+00:00,90670.10073363432
2024-11-17 14:14:00+00:00,90665.35876889848
2024-11-17 14:15:00+00:00,90693.58746458923
2024-11-17 14:16:00+00:00,90666.50874734607
2024-11-17 14:17:00+00:00,90616.3585106383
2024-11-17 14:18:00+00:00,90515.78133167392
2024-11-17 14:19:00+00:00,90529.38479569892
2024-11-17 14:20:00+00:00,90558.08952495489
2024-11-17 14:21:00+00:00,90509.73359013868
2024-11-17 14:22:00+00:00,90508.22768881317
2024-11-17 14:23:00+00:00,90392.62812847749
2024-11-17 14:24:00+00:00,90349.85302695232
2024-11-17 14:25:00+00:00,90356.23456158664
2024-11-17 14:26:00+00:00,90301.46655456418
2024-11-17 14:27:00+00:00,90352.97027763627
2024-11-17 14:28:00+00:00,90235.6436141844
2024-11-17 14:29:00+00:00,90177.99450584686
2024-11-17 14:30:00+00:00,90009.7611010496
2024-11-17 14:31:00+00:00,89984.2890093304
2024-11-17 14:32:00+00:00,90022.23672837309
2024-11-17 14:33:00+00:00,90164.24057899902
2024-11-17 14:34:00+00:00,90166.51502133106
2024-11-17 14:35:00+00:00,90197.85893564356
2024-11-17 14:36:00+00:00,90225.88607487924
2024-11-17 14:37:00+00:00,90264.33676801057
2024-11-17 14:38:00+00:00,90320.99324022346
2024-11-17 14:39:00+00:00,90325.63631758679
2024-11-17 14:40:00+00:00,90295.45106685633
2024-11-17 14:41:00+00:00,90232.05624740124
2024-11-17 14:42:00+00:00,90230.25334239131
2024-11-17 14:43:00+00:00,90252.4282847038
2024-11-17 14:44:00+00:00,90253.92673765731
2024-11-17 14:45:00+00:00,90307.81276243094
2024-11-17 14:46:00+00:00,90277.3710581222
2024-11-17 14:47:00+00:00,90299.50516791045
2024-11-17 14:48:00+00:00,90242.74955005624
2024-11-17 14:49:00+00:00,90271.99112936345
2024-11-17 14:50:00+00:00,90310.5724549763
2024-11-17 14:51:00+00:00,90286.45908910892
2024-11-17 14:52:00+00:00,90264.61118905047
2024-11-17 14:53:00+00:00,90289.55365445025
2024-11-17 14:54:00+00:00,90314.75330016584
2024-11-17 14:55:00+00:00,90301.66224778761
2024-11-17 14:56:00+00:00,90298.5627486911
2024-11-17 14:57:00+00:00,90271.82588162762
2024-11-17 14:58:00+00:00,90277.85612694302
2024-11-17 14:59:00+00:00,90322.51059925093
2024-11-17 15:00:00+00:00,90320.90883286648
2024-11-17 15:01:00+00:00,90340.18300275483
2024-11-17 15:02:00+00:00,90223.23871986699
2024-11-17 15:03:00+00:00,90188.00685581935
2024-11-17 15:04:00+00:00,90149.88841828691
2024-11-17 15:05:00+00:00,90247.45220903955
2024-11-17 15:06:00+00:00,90287.19237179488
2024-11-17 15:07:00+00:00,90284.58370099668
2024-11-17 15:08:00+00:00,90223.32193118757
2024-11-17 15:09:00+00:00,90232.57112453532
2024-11-17 15:10:00+00:00,90330.21195571955
2024-11-17 15:11:00+00:00,90401.16350696993
2024-11-17 15:12:00+00:00,90450.60609341826
2024-11-17 15:13:00+00:00,90390.53077601411
2024-11-17 15:14:00+00:00,90388.25784636488
2024-11-17 15:15:00+00:00,90375.82321259842
2024-11-17 15:16:00+00:00,90371.4785620915
2024-11-17 15:17:00+00:00,90411.98214013709
2024-11-17 15:18:00+00:00,90410.34577133907
2024-11-17 15:19:00+00:00,90382.49324736225
2024-11-17 15:20:00+00:00,90357.62278610354
2024-11-17 15:21:00+00:00,90378.36365296804
2024-11-17 15:22:00+00:00,90360.12741258742
2024-11-17 15:23:00+00:00,90374.5735225049
2024-11-17 15:24:00+00:00,90342.8394117647
2024-11-17 15:25:00+00:00,90379.53882620564
2024-11-17 15:26:00+00:00,90320.87085427136
2024-11-17 15:27:00+00:00,90337.37943790849
2024-11-17 15:28:00+00:00,90343.48257868021
2024-11-17 15:29:00+00:00,90356.22627906977
2024-11-17 15:30:00+00:00,90365.21415271967
2024-11-17 15:31:00+00:00,90317.48073129251
2024-11-17 15:32:00+00:00,90350.34875438597
2024-11-17 15:33:00+00:00,90397.5336031927
2024-11-17 15:34:00+00:00,90459.06972644378
2024-11-17 15:35:00+00:00,90404.39953174604
2024-11-17 15:36:00+00:00,90459.58023062731
2024-11-17 15:37:00+00:00,90524.1275379538
2024-11-17 15:38:00+00:00,90526.25351145038
2024-11-17 15:39:00+00:00,90560.55210750854
2024-11-17 15:40:00+00:00,90499.89758090186
2024-11-17 15:41:00+00:00,90489.57364197532
2024-11-17 15:42:00+00:00,90494.1209662398
2024-11-17 15:43:00+00:00,90467.14698275863
2024-11-17 15:44:00+00:00,90463.17992972594
2024-11-17 15:45:00+00:00,90500.2746633826
2024-11-17 15:46:00+00:00,90530.21650844731
2024-11-17 15:47:00+00:00,90537.09596850394
2024-11-17 15:48:00+00:00,90553.46807119205
2024-11-17 15:49:00+00:00,90524.2472642311
2024-11-17 15:50:00+00:00,90428.61126696832
2024-11-17 15:51:00+00:00,90329.825029985
2024-11-17 15:52:00+00:00,90308.54884615383
2024-11-17 15:53:00+00:00,90293.49396130345
2024-11-17 15:54:00+00:00,90268.54090604026
2024-11-17 15:55:00+00:00,90287.01252711496
2024-11-17 15:56:00+00:00,90326.985751503
2024-11-17 15:57:00+00:00,90295.56154952077
2024-11-17 15:58:00+00:00,90277.09607407407
2024-11-17 15:59:00+00:00,90263.15721962617
2024-11-17 16:00:00+00:00,90317.02568340307
2024-11-17 16:01:00+00:00,90353.0859078341
2024-11-17 16:02:00+00:00,90287.50551189245
2024-11-17 16:03:00+00:00,90199.98628481013
2024-11-17 16:04:00+00:00,90152.33065524194
2024-11-17 16:05:00+00:00,90133.31433465086
2024-11-17 16:06:00+00:00,90202.48679054054
2024-11-17 16:07:00+00:00,90213.14838328793
2024-11-17 16:08:00+00:00,90152.56520446097
2024-11-17 16:09:00+00:00,90142.52623293904
2024-11-17 16:10:00+00:00,90167.90957903098
2024-11-17 16:11:00+00:00,90132.54689826303
2024-11-17 16:12:00+00:00,90128.17854700855
2024-11-17 16:13:00+00:00,90108.10154605264
2024-11-17 16:14:00+00:00,90149.91317155755
2024-11-17 16:15:00+00:00,90165.55399805449
2024-11-17 16:16:00+00:00,90207.36014765101
2024-11-17 16:17:00+00:00,90222.35602756892
2024-11-17 16:18:00+00:00,90267.96731791909
2024-11-17 16:19:00+00:00,90266.49091269841
2024-11-17 16:20:00+00:00,90258.1726584235
2024-11-17 16:21:00+00:00,90236.98690349948
2024-11-17 16:22:00+00:00,90214.35002366864
2024-11-17 16:23:00+00:00,90178.81612149533
2024-11-17 16:24:00+00:00,90242.10663225806
2024-11-17 16:25:00+00:00,90268.24625170998
2024-11-17 16:26:00+00:00,90281.7997156398
2024-11-17 16:27:00+00:00,90299.5545625
2024-11-17 16:28:00+00:00,90301.27042145595
2024-11-17 16:29:00+00:00,90352.07965659341
2024-11-17 16:30:00+00:00,90314.74152777779
2024-11-17 16:31:00+00:00,90321.31092827005
2024-11-17 16:32:00+00:00,90360.97545454546
2024-11-17 16:33:00+00:00,90394.40560846562
2024-11-17 16:34:00+00:00,90398.88851955307
2024-11-17 16:35:00+00:00,90376.79362715299
2024-11-17 16:36:00+00:00,90355.87566666667
2024-11-17 16:37:00+00:00,90359.01336693548
2024-11-17 16:38:00+00:00,90360.18128404669
2024-11-17 16:39:00+00:00,90353.69215730338
2024-11-17 16:40:00+00:00,90363.241359786
2024-11-17 16:41:00+00:00,90358.17347309574
2024-11-17 16:42:00+00:00,90354.11822175732
2024-11-17 16:43:00+00:00,90334.38426421405
2024-11-17 16:44:00+00:00,90252.06592209857
2024-11-17 16:45:00+00:00,90290.02708146822
2024-11-17 16:46:00+00:00,90283.2683755943
2024-11-17 16:47:00+00:00,90317.90465214336
2024-11-17 16:48:00+00:00,90373.92293401016
2024-11-17 16:49:00+00:00,90413.91762154076
2024-11-17 16:50:00+00:00,90400.4408259587
2024-11-17 16:51:00+00:00,90398.44427745664
2024-11-17 16:52:00+00:00,90409.82791497976
2024-11-17 16:53:00+00:00,90438.97635782749
2024-11-17 16:54:00+00:00,90463.9696969697
2024-11-17 16:55:00+00:00,90471.29738938053
2024-11-17 16:56:00+00:00,90496.95482703137
2024-11-17 16:57:00+00:00,90468.14391891893
2024-11-17 16:58:00+00:00,90457.78286153846
2024-11-17 16:59:00+00:00,90446.36746121298
2024-11-17 17:00:00+00:00,90437.72419178081
2024-11-17 17:01:00+00:00,90414.99380419581
2024-11-17 17:02:00+00:00,90403.68738554217
2024-11-17 17:03:00+00:00,90388.46677197803
2024-11-17 17:04:00+00:00,90384.42414043583
2024-11-17 17:05:00+00:00,90416.66811965812
2024-11-17 17:06:00+00:00,90359.45686595344
2024-11-17 17:07:00+00:00,90406.35322662174
2024-11-17 17:08:00+00:00,90407.69724719101
2024-11-17 17:09:00+00:00,90400.85918128655
2024-11-17 17:10:00+00:00,90381.72101404057
2024-11-17 17:11:00+00:00,90337.35958726415
2024-11-17 17:12:00+00:00,90337.359925
2024-11-17 17:13:00+00:00,90333.57414285715
2024-11-17 17:14:00+00:00,90313.47703522505
2024-11-17 17:15:00+00:00,90224.65983774552
2024-11-17 17:16:00+00:00,90192.02453296703
2024-11-17 17:17:00+00:00,90173.29557894738
2024-11-17 17:18:00+00:00,90201.45033816424
2024-11-17 17:19:00+00:00,90255.4016097561
2024-11-17 17:20:00+00:00,90307.63585660378
2024-11-17 17:21:00+00:00,90320.02268545995
2024-11-17 17:22:00+00:00,90338.59350096712
2024-11-17 17:23:00+00:00,90378.28754696134
2024-11-17 17:24:00+00:00,90442.28934298441
2024-11-17 17:25:00+00:00,90467.70942068966
2024-11-17 17:26:00+00:00,90493.17267993874
2024-11-17 17:27:00+00:00,90553.52388994308
2024-11-17 17:28:00+00:00,90523.6115625
2024-11-17 17:29:00+00:00,90479.8960332871
2024-11-17 17:30:00+00:00,90432.39050308915
2024-11-17 17:31:00+00:00,90457.14364788732
2024-11-17 17:32:00+00:00,90470.21669411764
2024-11-17 17:33:00+00:00,90585.34486204782
2024-11-17 17:34:00+00:00,90582.90270849882
2024-11-17 17:35:00+00:00,90558.8776369863
2024-11-17 17:36:00+00:00,90562.12252141982
2024-11-17 17:37:00+00:00,90527.05021818183
2024-11-17 17:38:00+00:00,90569.39808016877
2024-11-17 17:39:00+00:00,90563.3323464567
2024-11-17 17:40:00+00:00,90491.88684210526
2024-11-17 17:41:00+00:00,90461.09202321725
2024-11-17 17:42:00+00:00,90513.27197224251
2024-11-17 17:43:00+00:00,90513.54739059968
2024-11-17 17:44:00+00:00,90516.22923076924
2024-11-17 17:45:00+00:00,90489.81578327443
2024-11-17 17:46:00+00:00,90455.13616465864
2024-11-17 17:47:00+00:00,90493.13758012821
2024-11-17 17:48:00+00:00,90532.79445244957
2024-11-17 17:49:00+00:00,90527.43927756655
2024-11-17 17:50:00+00:00,90524.99421303657
2024-11-17 17:51:00+00:00,90543.81563106796
2024-11-17 17:52:00+00:00,90549.01272455089
2024-11-17 17:53:00+00:00,90588.19436781609
2024-11-17 17:54:00+00:00,90602.39839034206
2024-11-17 17:55:00+00:00,90603.36357142858
2024-11-17 17:56:00+00:00,90575.39841815681
2024-11-17 17:57:00+00:00,90544.2463922518
2024-11-17 17:58:00+00:00,90580.17939351198
2024-11-17 17:59:00+00:00,90587.27402739726
2024-11-17 18:00:00+00:00,90596.81679355782
2024-11-17 18:01:00+00:00,90579.06425035361
2024-11-17 18:02:00+00:00,90564.04953307394
2024-11-17 18:03:00+00:00,90533.70069127517
2024-11-17 18:04:00+00:00,90526.56089478044
2024-11-17 18:05:00+00:00,90531.57181818182
2024-11-17 18:06:00+00:00,90511.4317539267
2024-11-17 18:07:00+00:00,90437.69775577557
2024-11-17 18:08:00+00:00,90362.51763033174
2024-11-17 18:09:00+00:00,90333.20245495495
2024-11-17 18:10:00+00:00,90271.76580408163
2024-11-17 18:11:00+00:00,90281.06098765432
2024-11-17 18:12:00+00:00,90315.95353244078
2024-11-17 18:13:00+00:00,90270.2783048433
2024-11-17 18:14:00+00:00,90301.61555555556
2024-11-17 18:15:00+00:00,90283.34387904067
2024-11-17 18:16:00+00:00,90249.24044479745
2024-11-17 18:17:00+00:00,90203.81355932204
2024-11-17 18:18:00+00:00,90178.03546309697
2024-11-17 18:19:00+00:00,90207.65654983571
2024-11-17 18:20:00+00:00,90220.18006435006
2024-11-17 18:21:00+00:00,90181.39878083157
2024-11-17 18:22:00+00:00,90149.50280037842
2024-11-17 18:23:00+00:00,90114.73345238094
2024-11-17 18:24:00+00:00,90160.94340425532
2024-11-17 18:25:00+00:00,90108.42193287505
2024-11-17 18:26:00+00:00,90082.61010622155
2024-11-17 18:27:00+00:00,90087.38583579882
2024-11-17 18:28:00+00:00,90008.409907489
2024-11-17 18:29:00+00:00,90010.07470769231
2024-11-17 18:30:00+00:00,90017.98652418447
2024-11-17 18:31:00+00:00,89982.47226472839
2024-11-17 18:32:00+00:00,90018.60206940873
2024-11-17 18:33:00+00:00,90138.03881440443
2024-11-17 18:34:00+00:00,89958.0969812278
2024-11-17 18:35:00+00:00,89967.29551724138
2024-11-17 18:36:00+00:00,89951.23103736754
2024-11-17 18:37:00+00:00,89955.99186862966
2024-11-17 18:38:00+00:00,89947.51836925962
2024-11-17 18:39:00+00:00,89982.99309294872
2024-11-17 18:40:00+00:00,89983.62319394377
2024-11-17 18:41:00+00:00,89979.15992903225
2024-11-17 18:42:00+00:00,90020.33638280617
2024-11-17 18:43:00+00:00,90111.3807265625
2024-11-17 18:44:00+00:00,90132.98725490196
2024-11-17 18:45:00+00:00,90126.8406202394
2024-11-17 18:46:00+00:00,90121.96388577827
2024-11-17 18:47:00+00:00,90076.48194407456
2024-11-17 18:48:00+00:00,90025.07205521472
2024-11-17 18:49:00+00:00,89983.84807847082
2024-11-17 18:50:00+00:00,89969.0764099037
2024-11-17 18:51:00+00:00,90018.56413243923
2024-11-17 18:52:00+00:00,90057.24727861771
2024-11-17 18:53:00+00:00,90048.06182178218
2024-11-17 18:54:00+00:00,90014.81238289207
2024-11-17 18:55:00+00:00,90004.2161417323
2024-11-17 18:56:00+00:00,89990.29612275449
2024-11-17 18:57:00+00:00,89957.2867681289
2024-11-17 18:58:00+00:00,89968.6724691358
2024-11-17 18:59:00+00:00,89972.98406807131
2024-11-17 19:00:00+00:00,89925.8551615074
2024-11-17 19:01:00+00:00,89866.14011730206
2024-11-17 19:02:00+00:00,89797.22268358323
2024-11-17 19:03:00+00:00,89915.09233271946
2024-11-17 19:04:00+00:00,89895.58600246003
2024-11-17 19:05:00+00:00,89832.56316914498
2024-11-17 19:06:00+00:00,89821.44177383592
2024-11-17 19:07:00+00:00,89827.39746214852
2024-11-17 19:08:00+00:00,89820.30733980583
2024-11-17 19:09:00+00:00,89849.24679376083
2024-11-17 19:10:00+00:00,89894.92755648535
2024-11-17 19:11:00+00:00,89922.71429090909
2024-11-17 19:12:00+00:00,89975.32251748252
2024-11-17 19:13:00+00:00,89873.52097345132
2024-11-17 19:14:00+00:00,89857.44384735203
2024-11-17 19:15:00+00:00,89877.53338926173
2024-11-17 19:16:00+00:00,89807.39304393306
2024-11-17 19:17:00+00:00,89790.91814645308
2024-11-17 19:18:00+00:00,89818.05048346055
2024-11-17 19:19:00+00:00,89838.58014563107
2024-11-17 19:20:00+00:00,89812.14176635514
2024-11-17 19:21:00+00:00,89808.30073142858
2024-11-17 19:22:00+00:00,89800.81587682672
2024-11-17 19:23:00+00:00,89783.1184060634
2024-11-17 19:24:00+00:00,89796.33250211326
2024-11-17 19:25:00+00:00,89734.20716265334
2024-11-17 19:26:00+00:00,89753.69080178175
2024-11-17 19:27:00+00:00,89780.79533094812
2024-11-17 19:28:00+00:00,89829.71520654044
2024-11-17 19:29:00+00:00,89885.60393680615
2024-11-17 19:30:00+00:00,89873.72151467089
2024-11-17 19:31:00+00:00,89863.25983074753
2024-11-17 19:32:00+00:00,89966.21213924543
2024-11-17 19:33:00+00:00,90018.97684852836
2024-11-17 19:34:00+00:00,90032.70176996806
2024-11-17 19:35:00+00:00,89988.13577622377
2024-11-17 19:36:00+00:00,89935.99082234291
2024-11-17 19:37:00+00:00,89940.18875205255
2024-11-17 19:38:00+00:00,89976.51816196542
2024-11-17 19:39:00+00:00,89985.6474182444
2024-11-17 19:40:00+00:00,90008.0511599297
2024-11-17 19:41:00+00:00,90022.88203554119
2024-11-17 19:42:00+00:00,90044.84916201117
2024-11-17 19:43:00+00:00,90075.87621483377
2024-11-17 19:44:00+00:00,90104.01037483267
2024-11-17 19:45:00+00:00,90095.36073127229
2024-11-17 19:46:00+00:00,90097.88685737977
2024-11-17 19:47:00+00:00,90121.28777777778
2024-11-17 19:48:00+00:00,90120.10242026267
2024-11-17 19:49:00+00:00,90118.38149224807
2024-11-17 19:50:00+00:00,90124.6729040404
2024-11-17 19:51:00+00:00,90069.61891089109
2024-11-17 19:52:00+00:00,90076.02182194617
2024-11-17 19:53:00+00:00,90079.70317487267
2024-11-17 19:54:00+00:00,90090.67101809956
2024-11-17 19:55:00+00:00,90105.66296354991
2024-11-17 19:56:00+00:00,90102.89288690475
2024-11-17 19:57:00+00:00,90056.06976842106
2024-11-17 19:58:00+00:00,90034.30152737752
2024-11-17 19:59:00+00:00,90041.17936170212
2024-11-17 20:00:00+00:00,90056.5416923077
2024-11-17 20:01:00+00:00,90031.97231992516
2024-11-17 20:02:00+00:00,90081.23108262107
2024-11-17 20:03:00+00:00,90096.42532188841
2024-11-17 20:04:00+00:00,90115.41415862807
2024-11-17 20:05:00+00:00,90065.29865208187
2024-11-17 20:06:00+00:00,90138.33388085106
2024-11-17 20:07:00+00:00,90158.74713017752
2024-11-17 20:08:00+00:00,90191.04104918033
2024-11-17 20:09:00+00:00,90190.3020641562
2024-11-17 20:10:00+00:00,90169.6089216799
2024-11-17 20:11:00+00:00,90198.79907964602
2024-11-17 20:12:00+00:00,90196.64343971631
2024-11-17 20:13:00+00:00,90179.53995645864
2024-11-17 20:14:00+00:00,90171.0705834684
2024-11-17 20:15:00+00:00,90140.75292682926
2024-11-17 20:16:00+00:00,90164.93701674277
2024-11-17 20:17:00+00:00,90136.9681122449
2024-11-17 20:18:00+00:00,90109.52175115208
2024-11-17 20:19:00+00:00,90097.81317230273
2024-11-17 20:20:00+00:00,90074.62149350649
2024-11-17 20:21:00+00:00,89965.20287888011
2024-11-17 20:22:00+00:00,89891.41629422718
2024-11-17 20:23:00+00:00,89889.25499
2024-11-17 20:24:00+00:00,89892.49917597766
2024-11-17 20:25:00+00:00,89883.69476732162
2024-11-17 20:26:00+00:00,89756.32749897499
2024-11-17 20:27:00+00:00,89626.10383726945
2024-11-17 20:28:00+00:00,89561.63872940156
2024-11-17 20:29:00+00:00,89591.0022828699
2024-11-17 20:30:00+00:00,89646.3865585403
2024-11-17 20:31:00+00:00,89654.88905240488
2024-11-17 20:32:00+00:00,89686.13860563381
2024-11-17 20:33:00+00:00,89671.29823642173
2024-11-17 20:34:00+00:00,89702.55188172043
2024-11-17 20:35:00+00:00,89675.56974506055
2024-11-17 20:36:00+00:00,89729.65560398505
2024-11-17 20:37:00+00:00,89771.68136363637
2024-11-17 20:38:00+00:00,89736.76091454273
2024-11-17 20:39:00+00:00,89757.6468707483
2024-11-17 20:40:00+00:00,89777.97830396476
2024-11-17 20:41:00+00:00,89757.05423687425
2024-11-17 20:42:00+00:00,89768.62581395349
2024-11-17 20:43:00+00:00,89767.26833333333
2024-11-17 20:44:00+00:00,89763.7965689468
2024-11-17 20:45:00+00:00,89697.7995869191
2024-11-17 20:46:00+00:00,89655.55540983606
2024-11-17 20:47:00+00:00,89641.43891100702
2024-11-17 20:48:00+00:00,89652.57867830423
2024-11-17 20:49:00+00:00,89647.52713562753
2024-11-17 20:50:00+00:00,89600.69335294118
2024-11-17 20:51:00+00:00,89646.03881889765
2024-11-17 20:52:00+00:00,89644.63799999999
2024-11-17 20:53:00+00:00,89646.4373255132
2024-11-17 20:54:00+00:00,89608.43225234619
2024-11-17 20:55:00+00:00,89594.15600896861
2024-11-17 20:56:00+00:00,89629.36207182321
2024-11-17 20:57:00+00:00,89632.90111940299
2024-11-17 20:58:00+00:00,89633.15540064103
2024-11-17 20:59:00+00:00,89631.62300947869
2024-11-17 21:00:00+00:00,89594.27994753412
2024-11-17 21:01:00+00:00,89549.94853628536
2024-11-17 21:02:00+00:00,89552.5902230047
2024-11-17 21:03:00+00:00,89554.14656186613
2024-11-17 21:04:00+00:00,89596.33527439024
2024-11-17 21:05:00+00:00,89659.92202443282
2024-11-17 21:06:00+00:00,89647.84649635035
2024-11-17 21:07:00+00:00,89587.00831628639
2024-11-17 21:08:00+00:00,89523.64586127168
2024-11-17 21:09:00+00:00,89515.47503566334
2024-11-17 21:10:00+00:00,89567.27168054505
2024-11-17 21:11:00+00:00,89534.07245867769
2024-11-17 21:12:00+00:00,89504.2492816092
2024-11-17 21:13:00+00:00,89524.81002227172
2024-11-17 21:14:00+00:00,89485.55530679935
2024-11-17 21:15:00+00:00,89458.05242902208
2024-11-17 21:16:00+00:00,89438.32468836183
2024-11-17 21:17:00+00:00,89425.11256592291
2024-11-17 21:18:00+00:00,89304.60838676948
2024-11-17 21:19:00+00:00,89304.35451844263
2024-11-17 21:20:00+00:00,89390.61337440758
2024-11-17 21:21:00+00:00,89526.8004845815
2024-11-17 21:22:00+00:00,89621.10917847026
2024-11-17 21:23:00+00:00,89573.56108299596
2024-11-17 21:24:00+00:00,89678.35045943709
2024-11-17 21:25:00+00:00,89687.40644852354
2024-11-17 21:26:00+00:00,89674.71327678573
2024-11-17 21:27:00+00:00,89645.97659753726
2024-11-17 21:28:00+00:00,89656.7250748503
2024-11-17 21:29:00+00:00,89645.65949852507
2024-11-17 21:30:00+00:00,89637.00873248409
2024-11-17 21:31:00+00:00,89574.8409670465
2024-11-17 21:32:00+00:00,89564.75846111111
2024-11-17 21:33:00+00:00,89588.04053775122
2024-11-17 21:34:00+00:00,89581.87092691622
2024-11-17 21:35:00+00:00,89541.21702054795
2024-11-17 21:36:00+00:00,89473.15711505438
2024-11-17 21:37:00+00:00,89412.61835180724
2024-11-17 21:38:00+00:00,89428.99362068965
2024-11-17 21:39:00+00:00,89393.94044105175
2024-11-17 21:40:00+00:00,89360.20437536316
2024-11-17 21:41:00+00:00,89425.02421259842
2024-11-17 21:42:00+00:00,89446.19933753944
2024-11-17 21:43:00+00:00,89445.9508836207
2024-11-17 21:44:00+00:00,89435.96644904459
2024-11-17 21:45:00+00:00,89417.07232789854
2024-11-17 21:46:00+00:00,89434.61517301039
2024-11-17 21:47:00+00:00,89394.74367132867
2024-11-17 21:48:00+00:00,89383.67423452769
2024-11-17 21:49:00+00:00,89374.8583022388
2024-11-17 21:50:00+00:00,89407.61809549945
2024-11-17 21:51:00+00:00,89365.40710646636
2024-11-17 21:52:00+00:00,89309.96791666668
2024-11-17 21:53:00+00:00,89272.77098039216
2024-11-17 21:54:00+00:00,89302.69330838324
2024-11-17 21:55:00+00:00,89257.80188453158
2024-11-17 21:56:00+00:00,89251.11532258065
2024-11-17 21:57:00+00:00,89138.79904226125
2024-11-17 21:58:00+00:00,89045.10135641317
2024-11-17 21:59:00+00:00,89132.27283939662
2024-11-17 22:00:00+00:00,89098.93056603774
2024-11-17 22:01:00+00:00,89068.88937424788
2024-11-17 22:02:00+00:00,89010.10509395973
2024-11-17 22:03:00+00:00,88899.62451522249
2024-11-17 22:04:00+00:00,88774.91869879048
2024-11-17 22:05:00+00:00,88869.69927803012
2024-11-17 22:06:00+00:00,88917.03160320641
2024-11-17 22:07:00+00:00,88946.08583882784
2024-11-17 22:08:00+00:00,89013.76535059331
2024-11-17 22:09:00+00:00,89075.54763106797
2024-11-17 22:10:00+00:00,89153.05710386152
2024-11-17 22:11:00+00:00,89242.38629987909
2024-11-17 22:12:00+00:00,89324.457562744
2024-11-17 22:13:00+00:00,89300.89079142982
2024-11-17 22:14:00+00:00,89370.67770179373
2024-11-17 22:15:00+00:00,89420.32204740407
2024-11-17 22:16:00+00:00,89553.06801087986
2024-11-17 22:17:00+00:00,89424.90347146888
2024-11-17 22:18:00+00:00,89437.64145585473
2024-11-17 22:19:00+00:00,89550.13645464025
2024-11-17 22:20:00+00:00,89488.07191026512
2024-11-17 22:21:00+00:00,89430.79970722781
2024-11-17 22:22:00+00:00,89531.58848126233
2024-11-17 22:23:00+00:00,89550.4332628798
2024-11-17 22:24:00+00:00,89595.31217013889
2024-11-17 22:25:00+00:00,89635.56308235295
2024-11-17 22:26:00+00:00,89610.37601491742
2024-11-17 22:27:00+00:00,89576.73250112259
2024-11-17 22:28:00+00:00,89527.87618593565
2024-11-17 22:29:00+00:00,89518.85730292792
2024-11-17 22:30:00+00:00,89498.63908325537
2024-11-17 22:31:00+00:00,89429.43545242718
2024-11-17 22:32:00+00:00,89347.72824074073
2024-11-17 22:33:00+00:00,89311.27485526315
2024-11-17 22:34:00+00:00,89365.376095679
2024-11-17 22:35:00+00:00,89356.00491891892
2024-11-17 22:36:00+00:00,89484.45844387756
2024-11-17 22:37:00+00:00,89490.77757042254
2024-11-17 22:38:00+00:00,89443.61076923077
2024-11-17 22:39:00+00:00,89369.75936234818
2024-11-17 22:40:00+00:00,89328.46455128204
2024-11-17 22:41:00+00:00,89303.8684074074
2024-11-17 22:42:00+00:00,89326.27700374532
2024-11-17 22:43:00+00:00,89359.9975596817
2024-11-17 22:44:00+00:00,89332.06613390928
2024-11-17 22:45:00+00:00,89329.80500904159
2024-11-17 22:46:00+00:00,89336.67874598071
2024-11-17 22:47:00+00:00,89433.07806603773
2024-11-17 22:48:00+00:00,89484.06337713536
2024-11-17 22:49:00+00:00,89520.98398780488
2024-11-17 22:50:00+00:00,89512.42879056047
2024-11-17 22:51:00+00:00,89533.9121583851
2024-11-17 22:52:00+00:00,89555.64480719794
2024-11-17 22:53:00+00:00,89565.95522435897
2024-11-17 22:54:00+00:00,89569.13831168832
2024-11-17 22:55:00+00:00,89550.08379032259
2024-11-17 22:56:00+00:00,89514.03686891386
2024-11-17 22:57:00+00:00,89494.33063451776
2024-11-17 22:58:00+00:00,89478.660629771
2024-11-17 22:59:00+00:00,89517.7797828233
2024-11-17 23:00:00+00:00,89412.1094364459
2024-11-17 23:01:00+00:00,89405.55614173229
2024-11-17 23:02:00+00:00,89390.32650717703
2024-11-17 23:03:00+00:00,89431.86256890849
2024-11-17 23:04:00+00:00,89525.02789500772
2024-11-17 23:05:00+00:00,89628.55317702227
2024-11-17 23:06:00+00:00,89672.96956545065
2024-11-17 23:07:00+00:00,89711.26283138918
2024-11-17 23:08:00+00:00,89637.0767086482
2024-11-17 23:09:00+00:00,89571.69611928104
2024-11-17 23:10:00+00:00,89516.58159276797
2024-11-17 23:11:00+00:00,89579.62118110235
2024-11-17 23:12:00+00:00,89526.01511885245
2024-11-17 23:13:00+00:00,89381.69529376854
2024-11-17 23:14:00+00:00,89443.28989142236
2024-11-17 23:15:00+00:00,89417.39259677418
2024-11-17 23:16:00+00:00,89406.4421442987
2024-11-17 23:17:00+00:00,89456.44183269476
2024-11-17 23:18:00+00:00,89484.50827557757
2024-11-17 23:19:00+00:00,89495.68092805755
2024-11-17 23:20:00+00:00,89475.86170606372
2024-11-17 23:21:00+00:00,89543.27069373943
2024-11-17 23:22:00+00:00,89583.73292722813
2024-11-17 23:23:00+00:00,89608.91196330276
2024-11-17 23:24:00+00:00,89654.02503504674
2024-11-17 23:25:00+00:00,89691.55622965642
2024-11-17 23:26:00+00:00,89723.48116607775
2024-11-17 23:27:00+00:00,89705.16677790563
2024-11-17 23:28:00+00:00,89738.7274934037
2024-11-17 23:29:00+00:00,89695.90503006012
2024-11-17 23:30:00+00:00,89721.32042337002
2024-11-17 23:31:00+00:00,89747.15474856322
2024-11-17 23:32:00+00:00,89793.01744886975
2024-11-17 23:33:00+00:00,89784.83009287926
2024-11-17 23:34:00+00:00,89732.00727748692
2024-11-17 23:35:00+00:00,89714.87964155084
2024-11-17 23:36:00+00:00,89656.6283960177
2024-11-17 23:37:00+00:00,89618.37383831522
2024-11-17 23:38:00+00:00,89557.475488105
2024-11-17 23:39:00+00:00,89610.91677941175
2024-11-17 23:40:00+00:00,89661.7654556962
2024-11-17 23:41:00+00:00,89668.33959731543
2024-11-17 23:42:00+00:00,89675.17001694915
2024-11-17 23:43:00+00:00,89674.86932533733
2024-11-17 23:44:00+00:00,89674.8211727417
2024-11-17 23:45:00+00:00,89677.73749714287
2024-11-17 23:46:00+00:00,89780.06457345972
2024-11-17 23:47:00+00:00,89781.70813901346
2024-11-17 23:48:00+00:00,89762.12244152046
2024-11-17 23:49:00+00:00,89771.12489010989
2024-11-17 23:50:00+00:00,89769.62718658893
2024-11-17 23:51:00+00:00,89791.21347272726
2024-11-17 23:52:00+00:00,89802.15527896995
2024-11-17 23:53:00+00:00,89844.72731988473
2024-11-17 23:54:00+00:00,89778.46137472283
2024-11-17 23:55:00+00:00,89811.08269070735
2024-11-17 23:56:00+00:00,89821.24113989637
2024-11-17 23:57:00+00:00,89810.52254945054
2024-11-17 23:58:00+00:00,89823.25862204724
2024-11-17 23:59:00+00:00,89837.16929236498
2024-11-18 00:00:00+00:00,89840.52685844748
2024-11-18 00:01:00+00:00,89798.87745790332
2024-11-18 00:02:00+00:00,89813.25625874127
2024-11-18 00:03:00+00:00,89777.95546889953
2024-11-18 00:04:00+00:00,89764.19546456693
2024-11-18 00:05:00+00:00,89855.89546402503
2024-11-18 00:06:00+00:00,89906.1415762274
2024-11-18 00:07:00+00:00,89936.19841034482
2024-11-18 00:08:00+00:00,89916.26879502574
2024-11-18 00:09:00+00:00,89911.44036623216
2024-11-18 00:10:00+00:00,89802.48900071891
2024-11-18 00:11:00+00:00,89699.5857862069
2024-11-18 00:12:00+00:00,89659.02428190068
2024-11-18 00:13:00+00:00,89710.43359364201
2024-11-18 00:14:00+00:00,89790.54296551725
2024-11-18 00:15:00+00:00,89762.51517077799
2024-11-18 00:16:00+00:00,89708.18222105816
2024-11-18 00:17:00+00:00,89792.10086597939
2024-11-18 00:18:00+00:00,89782.98326331217
2024-11-18 00:19:00+00:00,89756.40518288902
2024-11-18 00:20:00+00:00,89771.72806517311
2024-11-18 00:21:00+00:00,89726.28892277741
2024-11-18 00:22:00+00:00,89684.85673063256
2024-11-18 00:23:00+00:00,89717.7257100939
2024-11-18 00:24:00+00:00,89734.84684312459
2024-11-18 00:25:00+00:00,89769.84460704608
2024-11-18 00:26:00+00:00,89821.1176085176
2024-11-18 00:27:00+00:00,89857.2013079848
2024-11-18 00:28:00+00:00,89880.59964961067
2024-11-18 00:29:00+00:00,89907.82151716501
2024-11-18 00:30:00+00:00,89985.26606748864
2024-11-18 00:31:00+00:00,89982.5261023622
2024-11-18 00:32:00+00:00,89942.63527685755
2024-11-18 00:33:00+00:00,89879.70729752065
2024-11-18 00:34:00+00:00,89905.37555120679
2024-11-18 00:35:00+00:00,89979.80811864407
2024-11-18 00:36:00+00:00,89963.17914405809
2024-11-18 00:37:00+00:00,90022.06749314317
2024-11-18 00:38:00+00:00,90052.47526764934
2024-11-18 00:39:00+00:00,90024.10609633717
2024-11-18 00:40:00+00:00,90070.34708273894
2024-11-18 00:41:00+00:00,90078.83478664192
2024-11-18 00:42:00+00:00,90080.8587861984
2024-11-18 00:43:00+00:00,90057.33177816901
2024-11-18 00:44:00+00:00,90066.9747734956
2024-11-18 00:45:00+00:00,90024.70363261567
2024-11-18 00:46:00+00:00,90013.67715008432
2024-11-18 00:47:00+00:00,90069.24467251857
2024-11-18 00:48:00+00:00,90056.34008673027
2024-11-18 00:49:00+00:00,89974.17752448798
2024-11-18 00:50:00+00:00,89942.2327548049
2024-11-18 00:51:00+00:00,89905.90749860725
2024-11-18 00:52:00+00:00,89884.04360153257
2024-11-18 00:53:00+00:00,89883.41843478261
2024-11-18 00:54:00+00:00,89915.2826542056
2024-11-18 00:55:00+00:00,89929.48464976651
2024-11-18 00:56:00+00:00,89942.17873762376
2024-11-18 00:57:00+00:00,89959.00264367816
2024-11-18 00:58:00+00:00,89944.6986687631
2024-11-18 00:59:00+00:00,89908.43138235295
2024-11-18 01:00:00+00:00,89924.5842584872
2024-11-18 01:01:00+00:00,90007.92205263158
2024-11-18 01:02:00+00:00,90001.15383820224
2024-11-18 01:03:00+00:00,89990.37442748091
2024-11-18 01:04:00+00:00,89965.45419695968
2024-11-18 01:05:00+00:00,90052.7060660066
2024-11-18 01:06:00+00:00,90078.24198571428
2024-11-18 01:07:00+00:00,90099.52643268125
2024-11-18 01:08:00+00:00,90120.63907944516
2024-11-18 01:09:00+00:00,90133.32285057471
2024-11-18 01:10:00+00:00,90079.58047071703
2024-11-18 01:11:00+00:00,90085.94238984317
2024-11-18 01:12:00+00:00,90127.8241011236
2024-11-18 01:13:00+00:00,90148.89784570597
2024-11-18 01:14:00+00:00,90128.86126569039
2024-11-18 01:15:00+00:00,90138.64097175142
2024-11-18 01:16:00+00:00,90116.96858540925
2024-11-18 01:17:00+00:00,90166.05598407281
2024-11-18 01:18:00+00:00,90225.0902963335
2024-11-18 01:19:00+00:00,90211.10465538088
2024-11-18 01:20:00+00:00,90264.09042406877
2024-11-18 01:21:00+00:00,90350.96272727272
2024-11-18 01:22:00+00:00,90385.20119332608
2024-11-18 01:23:00+00:00,90249.2434375
2024-11-18 01:24:00+00:00,90257.05187770563
2024-11-18 01:25:00+00:00,90379.72610404625
2024-11-18 01:26:00+00:00,90426.1473803397
2024-11-18 01:27:00+00:00,90457.05040805512
2024-11-18 01:28:00+00:00,90523.19416996918
2024-11-18 01:29:00+00:00,90564.33231163131
2024-11-18 01:30:00+00:00,90623.26132549788
2024-11-18 01:31:00+00:00,90750.56852476292
2024-11-18 01:32:00+00:00,90778.62899364925
2024-11-18 01:33:00+00:00,90715.61930604413
2024-11-18 01:34:00+00:00,90734.31242241926
2024-11-18 01:35:00+00:00,90808.76194264571
2024-11-18 01:36:00+00:00,90849.96379549394
2024-11-18 01:37:00+00:00,90873.63074501876
2024-11-18 01:38:00+00:00,90749.3460909091
2024-11-18 01:39:00+00:00,90731.905428
2024-11-18 01:40:00+00:00,90689.64655579868
2024-11-18 01:41:00+00:00,90714.7997430907
2024-11-18 01:42:00+00:00,90700.98323385518
2024-11-18 01:43:00+00:00,90678.11179012345
2024-11-18 01:44:00+00:00,90684.04089704997
2024-11-18 01:45:00+00:00,90649.76892840207
2024-11-18 01:46:00+00:00,90617.78130614116
2024-11-18 01:47:00+00:00,90604.25017841214
2024-11-18 01:48:00+00:00,90650.75133891215
2024-11-18 01:49:00+00:00,90652.43928511355
2024-11-18 01:50:00+00:00,90632.22406896552
2024-11-18 01:51:00+00:00,90628.91185520361
2024-11-18 01:52:00+00:00,90631.58454086781
2024-11-18 01:53:00+00:00,90653.6871444569
2024-11-18 01:54:00+00:00,90728.0604955224
2024-11-18 01:55:00+00:00,90894.80032179225
2024-11-18 01:56:00+00:00,90879.75044798786
2024-11-18 01:57:00+00:00,90821.106162876
2024-11-18 01:58:00+00:00,90806.45665204679
2024-11-18 01:59:00+00:00,90747.48167620137
2024-11-18 02:00:00+00:00,90775.16446868402
2024-11-18 02:01:00+00:00,90806.77456738769
2024-11-18 02:02:00+00:00,90795.92153591159
2024-11-18 02:03:00+00:00,90679.23025400139
2024-11-18 02:04:00+00:00,90605.44048411497
2024-11-18 02:05:00+00:00,90639.65959326788
2024-11-18 02:06:00+00:00,90617.96621933622
2024-11-18 02:07:00+00:00,90568.61867123876
2024-11-18 02:08:00+00:00,90533.74912041884
2024-11-18 02:09:00+00:00,90526.37487414187
2024-11-18 02:10:00+00:00,90572.0923315508
2024-11-18 02:11:00+00:00,90628.46891196014
2024-11-18 02:12:00+00:00,90687.6359974906
2024-11-18 02:13:00+00:00,90652.79215957447
2024-11-18 02:14:00+00:00,90585.86006139677
2024-11-18 02:15:00+00:00,90560.02103889709
2024-11-18 02:16:00+00:00,90564.79197574334
2024-11-18 02:17:00+00:00,90555.52991256831
2024-11-18 02:18:00+00:00,90545.1055502008
2024-11-18 02:19:00+00:00,90537.37428571428
2024-11-18 02:20:00+00:00,90561.56288724973
2024-11-18 02:21:00+00:00,90490.71778289811
2024-11-18 02:22:00+00:00,90466.80107279692
2024-11-18 02:23:00+00:00,90490.16959298686
2024-11-18 02:24:00+00:00,90500.5821944632
2024-11-18 02:25:00+00:00,90510.42340474369
2024-11-18 02:26:00+00:00,90516.72477272728
2024-11-18 02:27:00+00:00,90503.35932138284
2024-11-18 02:28:00+00:00,90483.70064846418
2024-11-18 02:29:00+00:00,90483.47175217047
2024-11-18 02:30:00+00:00,90517.19454834606
2024-11-18 02:31:00+00:00,90543.27048370137
2024-11-18 02:32:00+00:00,90549.28856720828
2024-11-18 02:33:00+00:00,90515.35450980392
2024-11-18 02:34:00+00:00,90499.52419478528
2024-11-18 02:35:00+00:00,90550.93868737476
2024-11-18 02:36:00+00:00,90573.53958487084
2024-11-18 02:37:00+00:00,90597.46247461929
2024-11-18 02:38:00+00:00,90600.57316260162
2024-11-18 02:39:00+00:00,90584.12856510187
2024-11-18 02:40:00+00:00,90581.22118677042
2024-11-18 02:41:00+00:00,90596.38402948402
2024-11-18 02:42:00+00:00,90580.33249475891
2024-11-18 02:43:00+00:00,90557.1358898305
2024-11-18 02:44:00+00:00,90567.3077260982
2024-11-18 02:45:00+00:00,90663.87060142712
2024-11-18 02:46:00+00:00,90712.47226027398
2024-11-18 02:47:00+00:00,90682.64631229236
2024-11-18 02:48:00+00:00,90673.9635886761
2024-11-18 02:49:00+00:00,90641.15113571429
2024-11-18 02:50:00+00:00,90631.81167721518
2024-11-18 02:51:00+00:00,90655.75709011944
2024-11-18 02:52:00+00:00,90617.94557584269
2024-11-18 02:53:00+00:00,90591.31316793893
2024-11-18 02:54:00+00:00,90571.45943048576
2024-11-18 02:55:00+00:00,90552.08714579055
2024-11-18 02:56:00+00:00,90504.88856828192
2024-11-18 02:57:00+00:00,90514.33699088146
2024-11-18 02:58:00+00:00,90501.84630076839
2024-11-18 02:59:00+00:00,90481.78278810409
2024-11-18 03:00:00+00:00,90511.54596806387
2024-11-18 03:01:00+00:00,90448.79966455123
2024-11-18 03:02:00+00:00,90453.22406559084
2024-11-18 03:03:00+00:00,90463.20653658536
2024-11-18 03:04:00+00:00,90468.51232323232
2024-11-18 03:05:00+00:00,90440.10091474245
2024-11-18 03:06:00+00:00,90418.25414173953
2024-11-18 03:07:00+00:00,90416.24430393199
2024-11-18 03:08:00+00:00,90370.32625724218
2024-11-18 03:09:00+00:00,90333.38106232295
2024-11-18 03:10:00+00:00,90383.37003454231
2024-11-18 03:11:00+00:00,90440.54499048826
2024-11-18 03:12:00+00:00,90476.70810035842
2024-11-18 03:13:00+00:00,90383.9843218012
2024-11-18 03:14:00+00:00,90368.4096359743
2024-11-18 03:15:00+00:00,90354.5646307607
2024-11-18 03:16:00+00:00,90406.81073735954
2024-11-18 03:17:00+00:00,90415.50990521327
2024-11-18 03:18:00+00:00,90468.56046037735
2024-11-18 03:19:00+00:00,90457.46306709264
2024-11-18 03:20:00+00:00,90462.99408829174
2024-11-18 03:21:00+00:00,90466.40102094242
2024-11-18 03:22:00+00:00,90424.94123177843
2024-11-18 03:23:00+00:00,90402.3060532995
2024-11-18 03:24:00+00:00,90376.70161341853
2024-11-18 03:25:00+00:00,90355.19811529934
2024-11-18 03:26:00+00:00,90326.39149187593
2024-11-18 03:27:00+00:00,90340.49135593222
2024-11-18 03:28:00+00:00,90370.99393969848
2024-11-18 03:29:00+00:00,90371.9075659824
2024-11-18 03:30:00+00:00,90382.76330508475
2024-11-18 03:31:00+00:00,90392.02870466321
2024-11-18 03:32:00+00:00,90419.06228949859
2024-11-18 03:33:00+00:00,90460.0020122888
2024-11-18 03:34:00+00:00,90488.31996376811
2024-11-18 03:35:00+00:00,90495.66628398791
2024-11-18 03:36:00+00:00,90498.38865889213
2024-11-18 03:37:00+00:00,90500.14352542373
2024-11-18 03:38:00+00:00,90519.99927884615
2024-11-18 03:39:00+00:00,90551.64960141719
2024-11-18 03:40:00+00:00,90540.05608882521
2024-11-18 03:41:00+00:00,90544.90947058823
2024-11-18 03:42:00+00:00,90504.91303174604
2024-11-18 03:43:00+00:00,90503.62672885573
2024-11-18 03:44:00+00:00,90454.68058659218
2024-11-18 03:45:00+00:00,90476.41629734848
2024-11-18 03:46:00+00:00,90522.7424184261
2024-11-18 03:47:00+00:00,90540.2184269663
2024-11-18 03:48:00+00:00,90543.26440904419
2024-11-18 03:49:00+00:00,90521.78950471699
2024-11-18 03:50:00+00:00,90520.67510926118
2024-11-18 03:51:00+00:00,90558.05476491229
2024-11-18 03:52:00+00:00,90599.57584033614
2024-11-18 03:53:00+00:00,90627.89440356745
2024-11-18 03:54:00+00:00,90603.96894701087
2024-11-18 03:55:00+00:00,90602.9731885856
2024-11-18 03:56:00+00:00,90635.91419247787
2024-11-18 03:57:00+00:00,90649.01754310344
2024-11-18 03:58:00+00:00,90649.66126895003
2024-11-18 03:59:00+00:00,90671.28381578947
2024-11-18 04:00:00+00:00,90654.67118993135
2024-11-18 04:01:00+00:00,90613.6416739606
2024-11-18 04:02:00+00:00,90625.50100679185
2024-11-18 04:03:00+00:00,90672.07487000001
2024-11-18 04:04:00+00:00,90680.27362208068
2024-11-18 04:05:00+00:00,90692.85276353276
2024-11-18 04:06:00+00:00,90681.50839009289
2024-11-18 04:07:00+00:00,90668.43553478713
2024-11-18 04:08:00+00:00,90630.94801182557
2024-11-18 04:09:00+00:00,90600.0345939675
2024-11-18 04:10:00+00:00,90590.71195058517
2024-11-18 04:11:00+00:00,90571.20938211381
2024-11-18 04:12:00+00:00,90564.86377922077
2024-11-18 04:13:00+00:00,90555.10387031408
2024-11-18 04:14:00+00:00,90546.22691848906
2024-11-18 04:15:00+00:00,90532.68467640919
2024-11-18 04:16:00+00:00,90531.65026041667
2024-11-18 04:17:00+00:00,90567.15913286713
2024-11-18 04:18:00+00:00,90581.14755524862
2024-11-18 04:19:00+00:00,90563.5108611111
2024-11-18 04:20:00+00:00,90561.55712473571
2024-11-18 04:21:00+00:00,90563.47723549488
2024-11-18 04:22:00+00:00,90553.82616405308
2024-11-18 04:23:00+00:00,90556.97603015076
2024-11-18 04:24:00+00:00,90562.7819122807
2024-11-18 04:25:00+00:00,90574.46825136612
2024-11-18 04:26:00+00:00,90575.48727493917
2024-11-18 04:27:00+00:00,90585.58556786703
2024-11-18 04:28:00+00:00,90559.34862880886
2024-11-18 04:29:00+00:00,90544.88495446267
2024-11-18 04:30:00+00:00,90530.81594764399
2024-11-18 04:31:00+00:00,90526.45913043479
2024-11-18 04:32:00+00:00,90522.97791505791
2024-11-18 04:33:00+00:00,90555.69103546099
2024-11-18 04:34:00+00:00,90566.11810897436
2024-11-18 04:35:00+00:00,90567.4161936937
2024-11-18 04:36:00+00:00,90579.79497374344
2024-11-18 04:37:00+00:00,90579.76327058824
2024-11-18 04:38:00+00:00,90559.57650963597
2024-11-18 04:39:00+00:00,90515.6806722689
2024-11-18 04:40:00+00:00,90494.10769511307
2024-11-18 04:41:00+00:00,90521.22403225806
2024-11-18 04:42:00+00:00,90555.38488157895
2024-11-18 04:43:00+00:00,90569.41469208211
2024-11-18 04:44:00+00:00,90559.03781333333
2024-11-18 04:45:00+00:00,90547.07852678571
2024-11-18 04:46:00+00:00,90533.49085106383
2024-11-18 04:47:00+00:00,90529.88648688047
2024-11-18 04:48:00+00:00,90546.56258620688
2024-11-18 04:49:00+00:00,90539.17899173553
2024-11-18 04:50:00+00:00,90518.55207078313
2024-11-18 04:51:00+00:00,90535.66439490447
2024-11-18 04:52:00+00:00,90504.3799421631
2024-11-18 04:53:00+00:00,90516.89215031316
2024-11-18 04:54:00+00:00,90510.61660714285
2024-11-18 04:55:00+00:00,90494.08771344455
2024-11-18 04:56:00+00:00,90478.09298809523
2024-11-18 04:57:00+00:00,90494.04974462367
2024-11-18 04:58:00+00:00,90468.77700189753
2024-11-18 04:59:00+00:00,90444.25156390977
2024-11-18 05:00:00+00:00,90457.69555926544
2024-11-18 05:01:00+00:00,90467.6746192053
2024-11-18 05:02:00+00:00,90505.7975503876
2024-11-18 05:03:00+00:00,90524.75755060728
2024-11-18 05:04:00+00:00,90508.80709869202
2024-11-18 05:05:00+00:00,90489.47728882833
2024-11-18 05:06:00+00:00,90540.54387711865
2024-11-18 05:07:00+00:00,90551.70320466426
2024-11-18 05:08:00+00:00,90559.2681612447
2024-11-18 05:09:00+00:00,90549.47409739302
2024-11-18 05:10:00+00:00,90543.80404360055
2024-11-18 05:11:00+00:00,90543.49269694819
2024-11-18 05:12:00+00:00,90540.4413850129
2024-11-18 05:13:00+00:00,90544.8801242236
2024-11-18 05:14:00+00:00,90535.02515889831
2024-11-18 05:15:00+00:00,90482.22568421053
2024-11-18 05:16:00+00:00,90502.35623644252
2024-11-18 05:17:00+00:00,90523.08436444444
2024-11-18 05:18:00+00:00,90528.97562105264
2024-11-18 05:19:00+00:00,90535.99544474394
2024-11-18 05:20:00+00:00,90545.09626059323
2024-11-18 05:21:00+00:00,90551.35412776413
2024-11-18 05:22:00+00:00,90575.5316411043
2024-11-18 05:23:00+00:00,90641.30086343613
2024-11-18 05:24:00+00:00,90654.43975376197
2024-11-18 05:25:00+00:00,90704.91483429396
2024-11-18 05:26:00+00:00,90726.58675324675
2024-11-18 05:27:00+00:00,90724.30574555404
2024-11-18 05:28:00+00:00,90762.36646330681
2024-11-18 05:29:00+00:00,90805.05122262774
2024-11-18 05:30:00+00:00,90780.049488684
2024-11-18 05:31:00+00:00,90737.5665269461
2024-11-18 05:32:00+00:00,90724.34813207547
2024-11-18 05:33:00+00:00,90718.5487648456
2024-11-18 05:34:00+00:00,90734.74273927393
2024-11-18 05:35:00+00:00,90695.68424541608
2024-11-18 05:36:00+00:00,90649.93364994663
2024-11-18 05:37:00+00:00,90635.37189981675
2024-11-18 05:38:00+00:00,90634.66203765971
2024-11-18 05:39:00+00:00,90645.94690550365
2024-11-18 05:40:00+00:00,90649.66594405595
2024-11-18 05:41:00+00:00,90641.71012729844
2024-11-18 05:42:00+00:00,90624.13591871296
2024-11-18 05:43:00+00:00,90620.84092669433
2024-11-18 05:44:00+00:00,90640.32440476191
2024-11-18 05:45:00+00:00,90658.91034693878
2024-11-18 05:46:00+00:00,90646.6912974052
2024-11-18 05:47:00+00:00,90654.59075057736
2024-11-18 05:48:00+00:00,90664.33936329588
2024-11-18 05:49:00+00:00,90619.33046280991
2024-11-18 05:50:00+00:00,90602.04862630965
2024-11-18 05:51:00+00:00,90591.9393670886
2024-11-18 05:52:00+00:00,90599.65730706076
2024-11-18 05:53:00+00:00,90610.85720685113
2024-11-18 05:54:00+00:00,90591.75047554348
2024-11-18 05:55:00+00:00,90579.81997168474
2024-11-18 05:56:00+00:00,90575.7643187067
2024-11-18 05:57:00+00:00,90583.82150084317
2024-11-18 05:58:00+00:00,90607.68171621622
2024-11-18 05:59:00+00:00,90620.37458143075
2024-11-18 06:00:00+00:00,90641.64981818182
2024-11-18 06:01:00+00:00,90684.95843373494
2024-11-18 06:02:00+00:00,90747.85786486487
2024-11-18 06:03:00+00:00,90740.75206220419
2024-11-18 06:04:00+00:00,90723.8319408284
2024-11-18 06:05:00+00:00,90722.35401351351
2024-11-18 06:06:00+00:00,90714.74417200366
2024-11-18 06:07:00+00:00,90766.82958949097
2024-11-18 06:08:00+00:00,90758.15479289941
2024-11-18 06:09:00+00:00,90728.23700312989
2024-11-18 06:10:00+00:00,90768.8906
2024-11-18 06:11:00+00:00,90746.46066582915
2024-11-18 06:12:00+00:00,90718.49043066322
2024-11-18 06:13:00+00:00,90660.27529194382
2024-11-18 06:14:00+00:00,90711.16722222223
2024-11-18 06:15:00+00:00,90728.24886904762
2024-11-18 06:16:00+00:00,90767.41566077738
2024-11-18 06:17:00+00:00,90794.35542735043
2024-11-18 06:18:00+00:00,90827.87649104321
2024-11-18 06:19:00+00:00,90893.09436123348
2024-11-18 06:20:00+00:00,90954.02861404314
2024-11-18 06:21:00+00:00,90992.6384841454
2024-11-18 06:22:00+00:00,91029.08410214169
2024-11-18 06:23:00+00:00,91099.65599573257
2024-11-18 06:24:00+00:00,91081.77147463002
2024-11-18 06:25:00+00:00,91001.36596241748
2024-11-18 06:26:00+00:00,90937.11220338983
2024-11-18 06:27:00+00:00,90918.15915575916
2024-11-18 06:28:00+00:00,90951.29128875969
2024-11-18 06:29:00+00:00,90927.60923396674
2024-11-18 06:30:00+00:00,90965.8836
2024-11-18 06:31:00+00:00,91021.01730024813
2024-11-18 06:32:00+00:00,91077.21193736569
2024-11-18 06:33:00+00:00,91116.67140589569
2024-11-18 06:34:00+00:00,91135.94716315532
2024-11-18 06:35:00+00:00,91141.37225468579
2024-11-18 06:36:00+00:00,91114.44808281338
2024-11-18 06:37:00+00:00,91095.7381347338
2024-11-18 06:38:00+00:00,91154.55094200221
2024-11-18 06:39:00+00:00,91170.09006828349
2024-11-18 06:40:00+00:00,91217.0931535039
2024-11-18 06:41:00+00:00,91188.90248236954
2024-11-18 06:42:00+00:00,91279.52045242536
2024-11-18 06:43:00+00:00,91348.03033357505
2024-11-18 06:44:00+00:00,91378.81434047724
2024-11-18 06:45:00+00:00,91404.40719555874
2024-11-18 06:46:00+00:00,91376.52383020091
2024-11-18 06:47:00+00:00,91369.8764449723
2024-11-18 06:48:00+00:00,91403.10934795153
2024-11-18 06:49:00+00:00,91449.0210754717
2024-11-18 06:50:00+00:00,91476.82075932204
2024-11-18 06:51:00+00:00,91371.8607027499
2024-11-18 06:52:00+00:00,91259.66966937181
2024-11-18 06:53:00+00:00,91318.74157496214
2024-11-18 06:54:00+00:00,91331.23959442333
2024-11-18 06:55:00+00:00,91409.42159839357
2024-11-18 06:56:00+00:00,91592.39368694116
2024-11-18 06:57:00+00:00,91662.66170305677
2024-11-18 06:58:00+00:00,91785.23213091207
2024-11-18 06:59:00+00:00,92004.43588668555
2024-11-18 07:00:00+00:00,92172.95720003742
2024-11-18 07:01:00+00:00,92152.61774329301
2024-11-18 07:02:00+00:00,92069.36106675393
2024-11-18 07:03:00+00:00,91919.85398946445
2024-11-18 07:04:00+00:00,91976.47589727817
2024-11-18 07:05:00+00:00,91870.75690550613
2024-11-18 07:06:00+00:00,91767.23200592885
2024-11-18 07:07:00+00:00,91785.35410725755
2024-11-18 07:08:00+00:00,91926.95821036889
2024-11-18 07:09:00+00:00,91971.40644011604
2024-11-18 07:10:00+00:00,91981.07207872478
2024-11-18 07:11:00+00:00,92078.71967071736
2024-11-18 07:12:00+00:00,92037.50298777918
2024-11-18 07:13:00+00:00,91961.52294117647
2024-11-18 07:14:00+00:00,91951.25570403588
2024-11-18 07:15:00+00:00,91884.86107907383
2024-11-18 07:16:00+00:00,91703.63559466935
2024-11-18 07:17:00+00:00,91774.16514367815
2024-11-18 07:18:00+00:00,91732.62049047893
2024-11-18 07:19:00+00:00,91694.0318559322
2024-11-18 07:20:00+00:00,91741.55650371287
2024-11-18 07:21:00+00:00,91676.62571697227
2024-11-18 07:22:00+00:00,91686.6441639648
2024-11-18 07:23:00+00:00,91650.77073354232
2024-11-18 07:24:00+00:00,91585.04244505493
2024-11-18 07:25:00+00:00,91643.59899891775
2024-11-18 07:26:00+00:00,91578.4372188139
2024-11-18 07:27:00+00:00,91685.05453473133
2024-11-18 07:28:00+00:00,91569.05663539308
2024-11-18 07:29:00+00:00,91513.55668558455
2024-11-18 07:30:00+00:00,91522.51265791341
2024-11-18 07:31:00+00:00,91473.51357403114
2024-11-18 07:32:00+00:00,91441.15829620947
2024-11-18 07:33:00+00:00,91519.77977380325
2024-11-18 07:34:00+00:00,91578.85435472496
2024-11-18 07:35:00+00:00,91556.41302558398
2024-11-18 07:36:00+00:00,91527.29096586783
2024-11-18 07:37:00+00:00,91619.59074806536
2024-11-18 07:38:00+00:00,91716.150041841
2024-11-18 07:39:00+00:00,91762.67075944334
2024-11-18 07:40:00+00:00,91783.16919051512
2024-11-18 07:41:00+00:00,91831.10310613437
2024-11-18 07:42:00+00:00,91828.31240085745
2024-11-18 07:43:00+00:00,91833.2481744422
2024-11-18 07:44:00+00:00,91818.98958762886
2024-11-18 07:45:00+00:00,91865.8947643979
2024-11-18 07:46:00+00:00,91839.15382275826
2024-11-18 07:47:00+00:00,91888.72126601357
2024-11-18 07:48:00+00:00,91867.56151872399
2024-11-18 07:49:00+00:00,91787.07061292473
2024-11-18 07:50:00+00:00,91803.6790858209
2024-11-18 07:51:00+00:00,91740.89389121339
2024-11-18 07:52:00+00:00,91725.2154608295
2024-11-18 07:53:00+00:00,91791.26282996434
2024-11-18 07:54:00+00:00,91795.18822128851
2024-11-18 07:55:00+00:00,91784.73301730624
2024-11-18 07:56:00+00:00,91808.98685270669
2024-11-18 07:57:00+00:00,91771.95734042554
2024-11-18 07:58:00+00:00,91736.7414339981
2024-11-18 07:59:00+00:00,91719.75359821996
2024-11-18 08:00:00+00:00,91740.77206153846
2024-11-18 08:01:00+00:00,91735.8860718563
2024-11-18 08:02:00+00:00,91637.46849590469
2024-11-18 08:03:00+00:00,91596.07422289158
2024-11-18 08:04:00+00:00,91647.3275263422
2024-11-18 08:05:00+00:00,91619.65454603787
2024-11-18 08:06:00+00:00,91624.84126243305
2024-11-18 08:07:00+00:00,91633.76598717949
2024-11-18 08:08:00+00:00,91698.74686510103
2024-11-18 08:09:00+00:00,91742.30175704989
2024-11-18 08:10:00+00:00,91751.42015270935
2024-11-18 08:11:00+00:00,91830.69810441267
2024-11-18 08:12:00+00:00,91869.29730876216
2024-11-18 08:13:00+00:00,91877.80458592133
2024-11-18 08:14:00+00:00,91994.17771341463
2024-11-18 08:15:00+00:00,92046.44575661376
2024-11-18 08:16:00+00:00,91936.77259174312
2024-11-18 08:17:00+00:00,91914.47383285302
2024-11-18 08:18:00+00:00,91942.670096
2024-11-18 08:19:00+00:00,91943.18137430167
2024-11-18 08:20:00+00:00,91955.13617744611
2024-11-18 08:21:00+00:00,91952.43311406844
2024-11-18 08:22:00+00:00,92084.86801114828
2024-11-18 08:23:00+00:00,92089.98146051103
2024-11-18 08:24:00+00:00,92006.87835063438
2024-11-18 08:25:00+00:00,91938.80341258741
2024-11-18 08:26:00+00:00,91906.62393635827
2024-11-18 08:27:00+00:00,91896.58667020149
2024-11-18 08:28:00+00:00,91920.75772930648
2024-11-18 08:29:00+00:00,91899.58614123582
2024-11-18 08:30:00+00:00,91866.9365715118
2024-11-18 08:31:00+00:00,91826.36813129102
2024-11-18 08:32:00+00:00,91784.26138551695
2024-11-18 08:33:00+00:00,91775.9238115942
2024-11-18 08:34:00+00:00,91709.03353714285
2024-11-18 08:35:00+00:00,91749.69071597168
2024-11-18 08:36:00+00:00,91681.545
2024-11-18 08:37:00+00:00,91692.2855867347
2024-11-18 08:38:00+00:00,91754.02597609561
2024-11-18 08:39:00+00:00,91793.80180667434
2024-11-18 08:40:00+00:00,91823.63731731732
2024-11-18 08:41:00+00:00,91839.35802172226
2024-11-18 08:42:00+00:00,91839.18658291457
2024-11-18 08:43:00+00:00,91806.99277703605
2024-11-18 08:44:00+00:00,91826.37023413432
2024-11-18 08:45:00+00:00,91863.64521985433
2024-11-18 08:46:00+00:00,91855.06623495425
2024-11-18 08:47:00+00:00,91859.55831937799
2024-11-18 08:48:00+00:00,91844.4226975764
2024-11-18 08:49:00+00:00,91893.89457988166
2024-11-18 08:50:00+00:00,91918.62471512769
2024-11-18 08:51:00+00:00,91947.04991935483
2024-11-18 08:52:00+00:00,91960.61899244333
2024-11-18 08:53:00+00:00,91949.16561172903
2024-11-18 08:54:00+00:00,91930.60427307207
2024-11-18 08:55:00+00:00,91922.23823450135
2024-11-18 08:56:00+00:00,91869.50974644128
2024-11-18 08:57:00+00:00,91794.4478989899
2024-11-18 08:58:00+00:00,91806.43633036596
2024-11-18 08:59:00+00:00,91804.85737752162
2024-11-18 09:00:00+00:00,91818.68658174099
2024-11-18 09:01:00+00:00,91782.64926380369
2024-11-18 09:02:00+00:00,91737.1918
2024-11-18 09:03:00+00:00,91721.25926430518
2024-11-18 09:04:00+00:00,91813.80343769968
2024-11-18 09:05:00+00:00,91861.07476831092
